INFO buildroot.py:704:  Mock Version: 6.8
DEBUG file_util.py:17:  ensuring that dir exists: /var/lib/mock/xCAT-genesis-base-opensuse-leap-15.6-x86_64/root
DEBUG file_util.py:20:  created dir: /var/lib/mock/xCAT-genesis-base-opensuse-leap-15.6-x86_64/root
DEBUG file_util.py:17:  ensuring that dir exists: /var/lib/mock/xCAT-genesis-base-opensuse-leap-15.6-x86_64-bootstrap
DEBUG file_util.py:17:  ensuring that dir exists: /var/lib/mock/xCAT-genesis-base-opensuse-leap-15.6-x86_64-bootstrap
DEBUG file_util.py:17:  ensuring that dir exists: /var/lib/mock/xCAT-genesis-base-opensuse-leap-15.6-x86_64-bootstrap/root
DEBUG file_util.py:17:  ensuring that dir exists: /var/lib/mock/xCAT-genesis-base-opensuse-leap-15.6-x86_64-bootstrap/results
INFO buildroot.py:321:  calling preinit hooks
DEBUG file_util.py:17:  ensuring that dir exists: /var/cache/mock/xCAT-genesis-base-opensuse-leap-15.6-x86_64-bootstrap/root_cache/
DEBUG file_util.py:17:  ensuring that dir exists: /var/cache/mock/xCAT-genesis-base-opensuse-leap-15.6-x86_64-bootstrap/yum_cache
DEBUG file_util.py:17:  ensuring that dir exists: /var/cache/mock/xCAT-genesis-base-opensuse-leap-15.6-x86_64-bootstrap/dnf_cache
DEBUG buildroot.py:760:  create skeleton dirs
DEBUG file_util.py:17:  ensuring that dir exists: /var/lib/mock/xCAT-genesis-base-opensuse-leap-15.6-x86_64-bootstrap/root/var/lib/rpm
DEBUG file_util.py:17:  ensuring that dir exists: /var/lib/mock/xCAT-genesis-base-opensuse-leap-15.6-x86_64-bootstrap/root/var/lib/yum
DEBUG file_util.py:17:  ensuring that dir exists: /var/lib/mock/xCAT-genesis-base-opensuse-leap-15.6-x86_64-bootstrap/root/var/lib/dbus
DEBUG file_util.py:17:  ensuring that dir exists: /var/lib/mock/xCAT-genesis-base-opensuse-leap-15.6-x86_64-bootstrap/root/var/log
DEBUG file_util.py:17:  ensuring that dir exists: /var/lib/mock/xCAT-genesis-base-opensuse-leap-15.6-x86_64-bootstrap/root/var/cache/dnf
DEBUG file_util.py:17:  ensuring that dir exists: /var/lib/mock/xCAT-genesis-base-opensuse-leap-15.6-x86_64-bootstrap/root/var/cache/yum
DEBUG file_util.py:17:  ensuring that dir exists: /var/lib/mock/xCAT-genesis-base-opensuse-leap-15.6-x86_64-bootstrap/root/etc/rpm
DEBUG file_util.py:17:  ensuring that dir exists: /var/lib/mock/xCAT-genesis-base-opensuse-leap-15.6-x86_64-bootstrap/root/tmp
DEBUG file_util.py:17:  ensuring that dir exists: /var/lib/mock/xCAT-genesis-base-opensuse-leap-15.6-x86_64-bootstrap/root/tmp/ccache
DEBUG file_util.py:17:  ensuring that dir exists: /var/lib/mock/xCAT-genesis-base-opensuse-leap-15.6-x86_64-bootstrap/root/var/tmp
DEBUG file_util.py:17:  ensuring that dir exists: /var/lib/mock/xCAT-genesis-base-opensuse-leap-15.6-x86_64-bootstrap/root/etc/dnf
DEBUG file_util.py:17:  ensuring that dir exists: /var/lib/mock/xCAT-genesis-base-opensuse-leap-15.6-x86_64-bootstrap/root/etc/dnf/vars
DEBUG file_util.py:17:  ensuring that dir exists: /var/lib/mock/xCAT-genesis-base-opensuse-leap-15.6-x86_64-bootstrap/root/etc/yum.repos.d
DEBUG file_util.py:20:  created dir: /var/lib/mock/xCAT-genesis-base-opensuse-leap-15.6-x86_64-bootstrap/root/etc/yum.repos.d
DEBUG file_util.py:17:  ensuring that dir exists: /var/lib/mock/xCAT-genesis-base-opensuse-leap-15.6-x86_64-bootstrap/root/etc/yum
DEBUG file_util.py:17:  ensuring that dir exists: /var/lib/mock/xCAT-genesis-base-opensuse-leap-15.6-x86_64-bootstrap/root/proc
DEBUG file_util.py:17:  ensuring that dir exists: /var/lib/mock/xCAT-genesis-base-opensuse-leap-15.6-x86_64-bootstrap/root/sys
DEBUG file_util.py:17:  ensuring that dir exists: /var/lib/mock/xCAT-genesis-base-opensuse-leap-15.6-x86_64-bootstrap/root/run/lock
DEBUG file_util.py:17:  ensuring that dir exists: /var/lib/mock/xCAT-genesis-base-opensuse-leap-15.6-x86_64-bootstrap/root/dev/pts
DEBUG file_util.py:17:  ensuring that dir exists: /var/lib/mock/xCAT-genesis-base-opensuse-leap-15.6-x86_64-bootstrap/root/dev/shm
DEBUG file_util.py:17:  ensuring that dir exists: /var/lib/mock/xCAT-genesis-base-opensuse-leap-15.6-x86_64-bootstrap/root/dev/mapper
DEBUG file_util.py:20:  created dir: /var/lib/mock/xCAT-genesis-base-opensuse-leap-15.6-x86_64-bootstrap/root/dev/mapper
DEBUG buildroot.py:904:  kernel version == 6.12.0-211.7.3.el10_2.x86_64
DEBUG file_util.py:29:  touching file: /var/lib/mock/xCAT-genesis-base-opensuse-leap-15.6-x86_64-bootstrap/root/etc/fstab
DEBUG file_util.py:29:  touching file: /var/lib/mock/xCAT-genesis-base-opensuse-leap-15.6-x86_64-bootstrap/root/etc/yum/yum.conf
DEBUG file_util.py:29:  touching file: /var/lib/mock/xCAT-genesis-base-opensuse-leap-15.6-x86_64-bootstrap/root/etc/dnf/dnf.conf
DEBUG file_util.py:29:  touching file: /var/lib/mock/xCAT-genesis-base-opensuse-leap-15.6-x86_64-bootstrap/root/var/log/yum.log
DEBUG buildroot.py:335:  rootdir = /var/lib/mock/xCAT-genesis-base-opensuse-leap-15.6-x86_64-bootstrap/root
DEBUG buildroot.py:336:  resultdir = /var/lib/mock/xCAT-genesis-base-opensuse-leap-15.6-x86_64-bootstrap/results
DEBUG package_manager.py:64:  searching for 'dnf4' package manager or alternatives
INFO buildroot.py:183:  Package manager dnf4 detected and used (fallback)
DEBUG file_util.py:17:  ensuring that dir exists: /var/lib/mock/xCAT-genesis-base-opensuse-leap-15.6-x86_64-bootstrap/root/etc/pki/mock
DEBUG package_manager.py:406:  copying CA trust dir into chroot: /etc/pki/ca-trust => /etc/pki/ca-trust
DEBUG file_util.py:191:  Updating files in /var/lib/mock/xCAT-genesis-base-opensuse-leap-15.6-x86_64-bootstrap/root/etc/pki/ca-trust with files from /etc/pki/ca-trust
DEBUG file_util.py:17:  ensuring that dir exists: /var/lib/mock/xCAT-genesis-base-opensuse-leap-15.6-x86_64-bootstrap/root/etc/pki/ca-trust
DEBUG file_util.py:17:  ensuring that dir exists: /var/lib/mock/xCAT-genesis-base-opensuse-leap-15.6-x86_64-bootstrap/root/etc/pki/ca-trust/./extracted
DEBUG file_util.py:17:  ensuring that dir exists: /var/lib/mock/xCAT-genesis-base-opensuse-leap-15.6-x86_64-bootstrap/root/etc/pki/ca-trust/./source
DEBUG file_util.py:17:  ensuring that dir exists: /var/lib/mock/xCAT-genesis-base-opensuse-leap-15.6-x86_64-bootstrap/root/etc/pki/ca-trust/extracted/edk2
DEBUG file_util.py:17:  ensuring that dir exists: /var/lib/mock/xCAT-genesis-base-opensuse-leap-15.6-x86_64-bootstrap/root/etc/pki/ca-trust/extracted/java
DEBUG file_util.py:17:  ensuring that dir exists: /var/lib/mock/xCAT-genesis-base-opensuse-leap-15.6-x86_64-bootstrap/root/etc/pki/ca-trust/extracted/openssl
DEBUG file_util.py:17:  ensuring that dir exists: /var/lib/mock/xCAT-genesis-base-opensuse-leap-15.6-x86_64-bootstrap/root/etc/pki/ca-trust/extracted/pem
DEBUG file_util.py:17:  ensuring that dir exists: /var/lib/mock/xCAT-genesis-base-opensuse-leap-15.6-x86_64-bootstrap/root/etc/pki/ca-trust/extracted/pem/directory-hash
DEBUG file_util.py:17:  ensuring that dir exists: /var/lib/mock/xCAT-genesis-base-opensuse-leap-15.6-x86_64-bootstrap/root/etc/pki/ca-trust/source/anchors
DEBUG file_util.py:17:  ensuring that dir exists: /var/lib/mock/xCAT-genesis-base-opensuse-leap-15.6-x86_64-bootstrap/root/etc/pki/ca-trust/source/blocklist
DEBUG package_manager.py:406:  copying CA trust dir into chroot: /usr/share/pki/ca-trust-source => /usr/share/pki/ca-trust-source
DEBUG file_util.py:191:  Updating files in /var/lib/mock/xCAT-genesis-base-opensuse-leap-15.6-x86_64-bootstrap/root/usr/share/pki/ca-trust-source with files from /usr/share/pki/ca-trust-source
DEBUG file_util.py:17:  ensuring that dir exists: /var/lib/mock/xCAT-genesis-base-opensuse-leap-15.6-x86_64-bootstrap/root/usr/share/pki/ca-trust-source
DEBUG file_util.py:17:  ensuring that dir exists: /var/lib/mock/xCAT-genesis-base-opensuse-leap-15.6-x86_64-bootstrap/root/usr/share/pki/ca-trust-source/./anchors
DEBUG file_util.py:17:  ensuring that dir exists: /var/lib/mock/xCAT-genesis-base-opensuse-leap-15.6-x86_64-bootstrap/root/usr/share/pki/ca-trust-source/./blocklist
DEBUG package_manager.py:412:  copying CA bundle into chroot
DEBUG file_util.py:17:  ensuring that dir exists: /var/lib/mock/xCAT-genesis-base-opensuse-leap-15.6-x86_64-bootstrap/root/var/lib/ca-certificates
DEBUG file_util.py:17:  ensuring that dir exists: /var/lib/mock/xCAT-genesis-base-opensuse-leap-15.6-x86_64-bootstrap/root/usr/share
DEBUG package_manager.py:390:  Copying /usr/share/distribution-gpg-keys to the bootstrap chroot
DEBUG util.py:717:  child environment: None
DEBUG util.py:636:  Executing command: ['cp', '-a', '/usr/share/distribution-gpg-keys', '/var/lib/mock/xCAT-genesis-base-opensuse-leap-15.6-x86_64-bootstrap/root/usr/share'] with env {'TERM': 'vt100', 'SHELL': '/bin/sh', 'HOME': '/builddir', 'HOSTNAME': 'mock', 'PATH': '/usr/bin:/bin:/usr/sbin:/sbin', 'LANG': 'C.UTF-8'} and shell False
DEBUG util.py:688:  Child return code was: 0
DEBUG file_util.py:17:  ensuring that dir exists: /var/lib/mock/xCAT-genesis-base-opensuse-leap-15.6-x86_64-bootstrap/root/etc/dnf
DEBUG package_manager.py:693:  configure DNF vars
DEBUG file_util.py:17:  ensuring that dir exists: /var/lib/mock/xCAT-genesis-base-opensuse-leap-15.6-x86_64-bootstrap/root/var/cache/yum
DEBUG util.py:717:  child environment: None
DEBUG util.py:636:  Executing command: ['/bin/mount', '-n', '-o', 'bind', '/var/cache/mock/xCAT-genesis-base-opensuse-leap-15.6-x86_64-bootstrap/yum_cache', '/var/lib/mock/xCAT-genesis-base-opensuse-leap-15.6-x86_64-bootstrap/root/var/cache/yum'] with env {'TERM': 'vt100', 'SHELL': '/bin/sh', 'HOME': '/builddir', 'HOSTNAME': 'mock', 'PATH': '/usr/bin:/bin:/usr/sbin:/sbin', 'LANG': 'C.UTF-8'} and shell False
DEBUG util.py:688:  Child return code was: 0
DEBUG file_util.py:17:  ensuring that dir exists: /var/lib/mock/xCAT-genesis-base-opensuse-leap-15.6-x86_64-bootstrap/root/var/cache/dnf
DEBUG util.py:717:  child environment: None
DEBUG util.py:636:  Executing command: ['/bin/mount', '-n', '-o', 'bind', '/var/cache/mock/xCAT-genesis-base-opensuse-leap-15.6-x86_64-bootstrap/dnf_cache', '/var/lib/mock/xCAT-genesis-base-opensuse-leap-15.6-x86_64-bootstrap/root/var/cache/dnf'] with env {'TERM': 'vt100', 'SHELL': '/bin/sh', 'HOME': '/builddir', 'HOSTNAME': 'mock', 'PATH': '/usr/bin:/bin:/usr/sbin:/sbin', 'LANG': 'C.UTF-8'} and shell False
DEBUG util.py:688:  Child return code was: 0
DEBUG file_util.py:17:  ensuring that dir exists: /var/lib/mock/xCAT-genesis-base-opensuse-leap-15.6-x86_64-bootstrap/root/etc
DEBUG file_util.py:17:  ensuring that dir exists: /var/lib/mock/xCAT-genesis-base-opensuse-leap-15.6-x86_64-bootstrap/root/etc
DEBUG buildroot.py:39:  method _cleanup_homedir skipped in bootstrap
DEBUG buildroot.py:39:  method _setup_build_dirs skipped in bootstrap
DEBUG buildroot.py:39:  method _make_users skipped in bootstrap
DEBUG file_util.py:29:  touching file: /var/lib/mock/xCAT-genesis-base-opensuse-leap-15.6-x86_64-bootstrap/root/.initialized
DEBUG file_util.py:17:  ensuring that dir exists: /var/lib/mock/xCAT-genesis-base-opensuse-leap-15.6-x86_64
DEBUG file_util.py:17:  ensuring that dir exists: /var/lib/mock/xCAT-genesis-base-opensuse-leap-15.6-x86_64/root
DEBUG file_util.py:17:  ensuring that dir exists: dist/opensuse-leap-15.6-x86_64/rpms/SRPMS/
INFO buildroot.py:321:  calling preinit hooks
DEBUG file_util.py:17:  ensuring that dir exists: /var/cache/mock/xCAT-genesis-base-opensuse-leap-15.6-x86_64/root_cache/
DEBUG file_util.py:17:  ensuring that dir exists: /var/lib/mock/xCAT-genesis-base-opensuse-leap-15.6-x86_64/root
DEBUG util.py:717:  child environment: None
DEBUG util.py:636:  Executing command: ['/bin/tar', '--use-compress-program', 'pigz', '-xf', '/var/cache/mock/xCAT-genesis-base-opensuse-leap-15.6-x86_64/root_cache/cache.tar.gz', '-C', '/var/lib/mock/xCAT-genesis-base-opensuse-leap-15.6-x86_64/root'] with env {'TERM': 'vt100', 'SHELL': '/bin/sh', 'HOME': '/builddir', 'HOSTNAME': 'mock', 'PATH': '/usr/bin:/bin:/usr/sbin:/sbin', 'LANG': 'C.UTF-8'} and shell False
DEBUG util.py:688:  Child return code was: 0
DEBUG file_util.py:17:  ensuring that dir exists: /var/lib/mock/xCAT-genesis-base-opensuse-leap-15.6-x86_64/root/./proc
DEBUG file_util.py:20:  created dir: /var/lib/mock/xCAT-genesis-base-opensuse-leap-15.6-x86_64/root/./proc
DEBUG file_util.py:17:  ensuring that dir exists: /var/lib/mock/xCAT-genesis-base-opensuse-leap-15.6-x86_64/root/./sys
DEBUG file_util.py:20:  created dir: /var/lib/mock/xCAT-genesis-base-opensuse-leap-15.6-x86_64/root/./sys
DEBUG file_util.py:17:  ensuring that dir exists: /var/lib/mock/xCAT-genesis-base-opensuse-leap-15.6-x86_64/root/./dev
DEBUG file_util.py:20:  created dir: /var/lib/mock/xCAT-genesis-base-opensuse-leap-15.6-x86_64/root/./dev
DEBUG file_util.py:17:  ensuring that dir exists: /var/lib/mock/xCAT-genesis-base-opensuse-leap-15.6-x86_64/root/./tmp/ccache
DEBUG file_util.py:20:  created dir: /var/lib/mock/xCAT-genesis-base-opensuse-leap-15.6-x86_64/root/./tmp/ccache
DEBUG file_util.py:17:  ensuring that dir exists: /var/lib/mock/xCAT-genesis-base-opensuse-leap-15.6-x86_64/root/./var/cache/yum
DEBUG file_util.py:20:  created dir: /var/lib/mock/xCAT-genesis-base-opensuse-leap-15.6-x86_64/root/./var/cache/yum
DEBUG file_util.py:17:  ensuring that dir exists: /var/lib/mock/xCAT-genesis-base-opensuse-leap-15.6-x86_64/root/./var/cache/dnf
DEBUG file_util.py:20:  created dir: /var/lib/mock/xCAT-genesis-base-opensuse-leap-15.6-x86_64/root/./var/cache/dnf
DEBUG file_util.py:17:  ensuring that dir exists: /var/lib/mock/xCAT-genesis-base-opensuse-leap-15.6-x86_64/root/./var/log
DEBUG file_util.py:20:  created dir: /var/lib/mock/xCAT-genesis-base-opensuse-leap-15.6-x86_64/root/./var/log
DEBUG file_util.py:17:  ensuring that dir exists: /var/cache/mock/xCAT-genesis-base-opensuse-leap-15.6-x86_64/yum_cache
DEBUG file_util.py:17:  ensuring that dir exists: /var/cache/mock/xCAT-genesis-base-opensuse-leap-15.6-x86_64/dnf_cache
DEBUG util.py:717:  child environment: None
DEBUG util.py:636:  Executing command: ['/usr/bin/lscpu'] with env {'TERM': 'vt100', 'SHELL': '/bin/sh', 'HOME': '/builddir', 'HOSTNAME': 'mock', 'PATH': '/usr/bin:/bin:/usr/sbin:/sbin', 'LANG': 'C.UTF-8'} and shell False
DEBUG util.py:537:  Architecture:                            x86_64
DEBUG util.py:537:  CPU op-mode(s):                          32-bit, 64-bit
DEBUG util.py:537:  Address sizes:                           48 bits physical, 48 bits virtual
DEBUG util.py:537:  Byte Order:                              Little Endian
DEBUG util.py:537:  CPU(s):                                  8
DEBUG util.py:537:  On-line CPU(s) list:                     0-7
DEBUG util.py:537:  Vendor ID:                               AuthenticAMD
DEBUG util.py:537:  BIOS Vendor ID:                          Red Hat
DEBUG util.py:537:  Model name:                              AMD EPYC 7H12 64-Core Processor
DEBUG util.py:537:  BIOS Model name:                         RHEL-10.0.0 PC (Q35 + ICH9, 2009)  CPU @ 2.0GHz
DEBUG util.py:537:  BIOS CPU family:                         1
DEBUG util.py:537:  CPU family:                              23
DEBUG util.py:537:  Model:                                   49
DEBUG util.py:537:  Thread(s) per core:                      1
DEBUG util.py:537:  Core(s) per socket:                      1
DEBUG util.py:537:  Socket(s):                               8
DEBUG util.py:537:  Stepping:                                0
DEBUG util.py:537:  BogoMIPS:                                5190.24
DEBUG util.py:537:  Flags:                                   fpu vme de pse tsc msr pae mce cx8 apic sep mtrr pge mca cmov pat pse36 clflush mmx fxsr sse sse2 syscall nx mmxext fxsr_opt pdpe1gb rdtscp lm rep_good nopl cpuid extd_apicid tsc_known_freq pni pclmulqdq ssse3 fma cx16 sse4_1 sse4_2 x2apic movbe popcnt tsc_deadline_timer aes xsave avx f16c rdrand hypervisor lahf_lm cmp_legacy svm cr8_legacy abm sse4a misalignsse 3dnowprefetch osvw perfctr_core ssbd ibrs ibpb stibp vmmcall fsgsbase tsc_adjust bmi1 avx2 smep bmi2 rdseed adx smap clflushopt clwb sha_ni xsaveopt xsavec xgetbv1 xsaves clzero xsaveerptr wbnoinvd arat npt lbrv nrip_save tsc_scale vmcb_clean flushbyasid pausefilter pfthreshold v_vmsave_vmload vgif umip rdpid overflow_recov succor arch_capabilities
DEBUG util.py:537:  Virtualization:                          AMD-V
DEBUG util.py:537:  Hypervisor vendor:                       KVM
DEBUG util.py:537:  Virtualization type:                     full
DEBUG util.py:537:  L1d cache:                               512 KiB (8 instances)
DEBUG util.py:537:  L1i cache:                               512 KiB (8 instances)
DEBUG util.py:537:  L2 cache:                                4 MiB (8 instances)
DEBUG util.py:537:  L3 cache:                                128 MiB (8 instances)
DEBUG util.py:537:  NUMA node(s):                            1
DEBUG util.py:537:  NUMA node0 CPU(s):                       0-7
DEBUG util.py:537:  Vulnerability Gather data sampling:      Not affected
DEBUG util.py:537:  Vulnerability Indirect target selection: Not affected
DEBUG util.py:537:  Vulnerability Itlb multihit:             Not affected
DEBUG util.py:537:  Vulnerability L1tf:                      Not affected
DEBUG util.py:537:  Vulnerability Mds:                       Not affected
DEBUG util.py:537:  Vulnerability Meltdown:                  Not affected
DEBUG util.py:537:  Vulnerability Mmio stale data:           Not affected
DEBUG util.py:537:  Vulnerability Old microcode:             Not affected
DEBUG util.py:537:  Vulnerability Reg file data sampling:    Not affected
DEBUG util.py:537:  Vulnerability Retbleed:                  Mitigation; untrained return thunk; SMT disabled
DEBUG util.py:537:  Vulnerability Spec rstack overflow:      Mitigation; SMT disabled
DEBUG util.py:537:  Vulnerability Spec store bypass:         Mitigation; Speculative Store Bypass disabled via prctl
DEBUG util.py:537:  Vulnerability Spectre v1:                Mitigation; usercopy/swapgs barriers and __user pointer sanitization
DEBUG util.py:537:  Vulnerability Spectre v2:                Mitigation; Retpolines; IBPB conditional; STIBP disabled; RSB filling; PBRSB-eIBRS Not affected; BHI Not affected
DEBUG util.py:537:  Vulnerability Srbds:                     Not affected
DEBUG util.py:537:  Vulnerability Tsa:                       Not affected
DEBUG util.py:537:  Vulnerability Tsx async abort:           Not affected
DEBUG util.py:537:  Vulnerability Vmscape:                   Not affected
DEBUG util.py:688:  Child return code was: 0
DEBUG util.py:717:  child environment: None
DEBUG util.py:636:  Executing command: ['/bin/free', '--human'] with env {'TERM': 'vt100', 'SHELL': '/bin/sh', 'HOME': '/builddir', 'HOSTNAME': 'mock', 'PATH': '/usr/bin:/bin:/usr/sbin:/sbin', 'LANG': 'C.UTF-8'} and shell False
DEBUG util.py:537:                 total        used        free      shared  buff/cache   available
DEBUG util.py:537:  Mem:            15Gi       3.2Gi       2.7Gi       141Mi        10Gi        12Gi
DEBUG util.py:537:  Swap:             0B          0B          0B
DEBUG util.py:688:  Child return code was: 0
DEBUG util.py:717:  child environment: None
DEBUG util.py:636:  Executing command: ['/bin/df', '-H', '-T', '/var/lib/mock/xCAT-genesis-base-opensuse-leap-15.6-x86_64/root', '/var/cache/mock'] with env {'TERM': 'vt100', 'SHELL': '/bin/sh', 'HOME': '/builddir', 'HOSTNAME': 'mock', 'PATH': '/usr/bin:/bin:/usr/sbin:/sbin', 'LANG': 'C.UTF-8'} and shell False
DEBUG util.py:537:  Filesystem     Type  Size  Used Avail Use% Mounted on
DEBUG util.py:537:  /dev/vda4      xfs   216G  154G   62G  72% /
DEBUG util.py:537:  /dev/vda4      xfs   216G  154G   62G  72% /
DEBUG util.py:688:  Child return code was: 0
DEBUG buildroot.py:760:  create skeleton dirs
DEBUG file_util.py:17:  ensuring that dir exists: /var/lib/mock/xCAT-genesis-base-opensuse-leap-15.6-x86_64/root/var/lib/rpm
DEBUG file_util.py:17:  ensuring that dir exists: /var/lib/mock/xCAT-genesis-base-opensuse-leap-15.6-x86_64/root/var/lib/yum
DEBUG file_util.py:17:  ensuring that dir exists: /var/lib/mock/xCAT-genesis-base-opensuse-leap-15.6-x86_64/root/var/lib/dbus
DEBUG file_util.py:17:  ensuring that dir exists: /var/lib/mock/xCAT-genesis-base-opensuse-leap-15.6-x86_64/root/var/log
DEBUG file_util.py:17:  ensuring that dir exists: /var/lib/mock/xCAT-genesis-base-opensuse-leap-15.6-x86_64/root/var/cache/dnf
DEBUG file_util.py:17:  ensuring that dir exists: /var/lib/mock/xCAT-genesis-base-opensuse-leap-15.6-x86_64/root/var/cache/yum
DEBUG file_util.py:17:  ensuring that dir exists: /var/lib/mock/xCAT-genesis-base-opensuse-leap-15.6-x86_64/root/etc/rpm
DEBUG file_util.py:17:  ensuring that dir exists: /var/lib/mock/xCAT-genesis-base-opensuse-leap-15.6-x86_64/root/tmp
DEBUG file_util.py:17:  ensuring that dir exists: /var/lib/mock/xCAT-genesis-base-opensuse-leap-15.6-x86_64/root/tmp/ccache
DEBUG file_util.py:17:  ensuring that dir exists: /var/lib/mock/xCAT-genesis-base-opensuse-leap-15.6-x86_64/root/var/tmp
DEBUG file_util.py:17:  ensuring that dir exists: /var/lib/mock/xCAT-genesis-base-opensuse-leap-15.6-x86_64/root/etc/dnf
DEBUG file_util.py:17:  ensuring that dir exists: /var/lib/mock/xCAT-genesis-base-opensuse-leap-15.6-x86_64/root/etc/dnf/vars
DEBUG file_util.py:17:  ensuring that dir exists: /var/lib/mock/xCAT-genesis-base-opensuse-leap-15.6-x86_64/root/etc/yum.repos.d
DEBUG file_util.py:20:  created dir: /var/lib/mock/xCAT-genesis-base-opensuse-leap-15.6-x86_64/root/etc/yum.repos.d
DEBUG file_util.py:17:  ensuring that dir exists: /var/lib/mock/xCAT-genesis-base-opensuse-leap-15.6-x86_64/root/etc/yum
DEBUG file_util.py:17:  ensuring that dir exists: /var/lib/mock/xCAT-genesis-base-opensuse-leap-15.6-x86_64/root/proc
DEBUG file_util.py:17:  ensuring that dir exists: /var/lib/mock/xCAT-genesis-base-opensuse-leap-15.6-x86_64/root/sys
DEBUG file_util.py:17:  ensuring that dir exists: /var/lib/mock/xCAT-genesis-base-opensuse-leap-15.6-x86_64/root/run/lock
DEBUG file_util.py:17:  ensuring that dir exists: /var/lib/mock/xCAT-genesis-base-opensuse-leap-15.6-x86_64/root/dev/pts
DEBUG file_util.py:20:  created dir: /var/lib/mock/xCAT-genesis-base-opensuse-leap-15.6-x86_64/root/dev/pts
DEBUG file_util.py:17:  ensuring that dir exists: /var/lib/mock/xCAT-genesis-base-opensuse-leap-15.6-x86_64/root/dev/shm
DEBUG file_util.py:20:  created dir: /var/lib/mock/xCAT-genesis-base-opensuse-leap-15.6-x86_64/root/dev/shm
DEBUG file_util.py:17:  ensuring that dir exists: /var/lib/mock/xCAT-genesis-base-opensuse-leap-15.6-x86_64/root/dev/mapper
DEBUG file_util.py:20:  created dir: /var/lib/mock/xCAT-genesis-base-opensuse-leap-15.6-x86_64/root/dev/mapper
DEBUG buildroot.py:904:  kernel version == 6.12.0-211.7.3.el10_2.x86_64
DEBUG file_util.py:29:  touching file: /var/lib/mock/xCAT-genesis-base-opensuse-leap-15.6-x86_64/root/etc/fstab
DEBUG file_util.py:29:  touching file: /var/lib/mock/xCAT-genesis-base-opensuse-leap-15.6-x86_64/root/etc/yum/yum.conf
DEBUG file_util.py:29:  touching file: /var/lib/mock/xCAT-genesis-base-opensuse-leap-15.6-x86_64/root/etc/dnf/dnf.conf
DEBUG file_util.py:29:  touching file: /var/lib/mock/xCAT-genesis-base-opensuse-leap-15.6-x86_64/root/var/log/yum.log
DEBUG buildroot.py:335:  rootdir = /var/lib/mock/xCAT-genesis-base-opensuse-leap-15.6-x86_64/root
DEBUG buildroot.py:336:  resultdir = dist/opensuse-leap-15.6-x86_64/rpms/SRPMS/
INFO buildroot.py:183:  Package manager dnf4 detected and used (direct choice)
DEBUG file_util.py:17:  ensuring that dir exists: /var/lib/mock/xCAT-genesis-base-opensuse-leap-15.6-x86_64/root/etc/pki/mock
DEBUG package_manager.py:406:  copying CA trust dir into chroot: /etc/pki/ca-trust => /etc/pki/ca-trust
DEBUG file_util.py:191:  Updating files in /var/lib/mock/xCAT-genesis-base-opensuse-leap-15.6-x86_64/root/etc/pki/ca-trust with files from /etc/pki/ca-trust
DEBUG file_util.py:17:  ensuring that dir exists: /var/lib/mock/xCAT-genesis-base-opensuse-leap-15.6-x86_64/root/etc/pki/ca-trust
DEBUG file_util.py:17:  ensuring that dir exists: /var/lib/mock/xCAT-genesis-base-opensuse-leap-15.6-x86_64/root/etc/pki/ca-trust/./extracted
DEBUG file_util.py:17:  ensuring that dir exists: /var/lib/mock/xCAT-genesis-base-opensuse-leap-15.6-x86_64/root/etc/pki/ca-trust/./source
DEBUG file_util.py:17:  ensuring that dir exists: /var/lib/mock/xCAT-genesis-base-opensuse-leap-15.6-x86_64/root/etc/pki/ca-trust/extracted/edk2
DEBUG file_util.py:17:  ensuring that dir exists: /var/lib/mock/xCAT-genesis-base-opensuse-leap-15.6-x86_64/root/etc/pki/ca-trust/extracted/java
DEBUG file_util.py:17:  ensuring that dir exists: /var/lib/mock/xCAT-genesis-base-opensuse-leap-15.6-x86_64/root/etc/pki/ca-trust/extracted/openssl
DEBUG file_util.py:17:  ensuring that dir exists: /var/lib/mock/xCAT-genesis-base-opensuse-leap-15.6-x86_64/root/etc/pki/ca-trust/extracted/pem
DEBUG file_util.py:17:  ensuring that dir exists: /var/lib/mock/xCAT-genesis-base-opensuse-leap-15.6-x86_64/root/etc/pki/ca-trust/extracted/pem/directory-hash
DEBUG file_util.py:17:  ensuring that dir exists: /var/lib/mock/xCAT-genesis-base-opensuse-leap-15.6-x86_64/root/etc/pki/ca-trust/source/anchors
DEBUG file_util.py:17:  ensuring that dir exists: /var/lib/mock/xCAT-genesis-base-opensuse-leap-15.6-x86_64/root/etc/pki/ca-trust/source/blocklist
DEBUG package_manager.py:406:  copying CA trust dir into chroot: /usr/share/pki/ca-trust-source => /usr/share/pki/ca-trust-source
DEBUG file_util.py:191:  Updating files in /var/lib/mock/xCAT-genesis-base-opensuse-leap-15.6-x86_64/root/usr/share/pki/ca-trust-source with files from /usr/share/pki/ca-trust-source
DEBUG file_util.py:17:  ensuring that dir exists: /var/lib/mock/xCAT-genesis-base-opensuse-leap-15.6-x86_64/root/usr/share/pki/ca-trust-source
DEBUG file_util.py:17:  ensuring that dir exists: /var/lib/mock/xCAT-genesis-base-opensuse-leap-15.6-x86_64/root/usr/share/pki/ca-trust-source/./anchors
DEBUG file_util.py:17:  ensuring that dir exists: /var/lib/mock/xCAT-genesis-base-opensuse-leap-15.6-x86_64/root/usr/share/pki/ca-trust-source/./blocklist
DEBUG package_manager.py:412:  copying CA bundle into chroot
DEBUG file_util.py:17:  ensuring that dir exists: /var/lib/mock/xCAT-genesis-base-opensuse-leap-15.6-x86_64/root/var/lib/ca-certificates
DEBUG file_util.py:17:  ensuring that dir exists: /var/lib/mock/xCAT-genesis-base-opensuse-leap-15.6-x86_64/root/etc/dnf
DEBUG package_manager.py:693:  configure DNF vars
DEBUG file_util.py:17:  ensuring that dir exists: /var/lib/mock/xCAT-genesis-base-opensuse-leap-15.6-x86_64/root/var/cache/yum
DEBUG util.py:717:  child environment: None
DEBUG util.py:636:  Executing command: ['/bin/mount', '-n', '-o', 'bind', '/var/cache/mock/xCAT-genesis-base-opensuse-leap-15.6-x86_64/yum_cache', '/var/lib/mock/xCAT-genesis-base-opensuse-leap-15.6-x86_64/root/var/cache/yum'] with env {'TERM': 'vt100', 'SHELL': '/bin/sh', 'HOME': '/builddir', 'HOSTNAME': 'mock', 'PATH': '/usr/bin:/bin:/usr/sbin:/sbin', 'LANG': 'C.UTF-8'} and shell False
DEBUG util.py:688:  Child return code was: 0
DEBUG file_util.py:17:  ensuring that dir exists: /var/lib/mock/xCAT-genesis-base-opensuse-leap-15.6-x86_64/root/var/cache/dnf
DEBUG util.py:717:  child environment: None
DEBUG util.py:636:  Executing command: ['/bin/mount', '-n', '-o', 'bind', '/var/cache/mock/xCAT-genesis-base-opensuse-leap-15.6-x86_64/dnf_cache', '/var/lib/mock/xCAT-genesis-base-opensuse-leap-15.6-x86_64/root/var/cache/dnf'] with env {'TERM': 'vt100', 'SHELL': '/bin/sh', 'HOME': '/builddir', 'HOSTNAME': 'mock', 'PATH': '/usr/bin:/bin:/usr/sbin:/sbin', 'LANG': 'C.UTF-8'} and shell False
DEBUG util.py:688:  Child return code was: 0
DEBUG file_util.py:29:  touching file: /var/lib/mock/xCAT-genesis-base-opensuse-leap-15.6-x86_64/root/etc/resolv.conf
DEBUG util.py:717:  child environment: None
DEBUG util.py:631:  Using nspawn with args None
DEBUG util.py:636:  Executing command: ['/usr/bin/systemd-nspawn', '-q', '-M', '805f6d959b9b45f2aa521ee447410c70', '-D', '/var/lib/mock/xCAT-genesis-base-opensuse-leap-15.6-x86_64-bootstrap/root', '-a', '--console=pipe', '--setenv=TERM=vt100', '--setenv=SHELL=/bin/sh', '--setenv=HOME=/builddir', '--setenv=HOSTNAME=mock', '--setenv=PATH=/usr/bin:/bin:/usr/sbin:/sbin', '--setenv=LANG=C.UTF-8', 'rpm', '-q', 'rpm', 'rpm-sequoia', 'python3-dnf', 'python3-dnf-plugins-core', 'yum', 'yum-utils', 'dnf5', 'dnf5-plugins'] with env {'TERM': 'vt100', 'SHELL': '/bin/sh', 'HOME': '/builddir', 'HOSTNAME': 'mock', 'PATH': '/usr/bin:/bin:/usr/sbin:/sbin', 'LANG': 'C.UTF-8', 'SYSTEMD_NSPAWN_TMPFS_TMP': '0', 'SYSTEMD_SECCOMP': '0'} and shell False
DEBUG util.py:537:  rpm-4.14.3-150400.59.16.1.x86_64
DEBUG util.py:537:  package rpm-sequoia is not installed
DEBUG util.py:537:  python3-dnf-4.10.0-bp156.4.2.noarch
DEBUG util.py:537:  python3-dnf-plugins-core-4.0.24-bp156.3.1.noarch
DEBUG util.py:537:  package yum is not installed
DEBUG util.py:537:  package yum-utils is not installed
DEBUG util.py:537:  package dnf5 is not installed
DEBUG util.py:537:  package dnf5-plugins is not installed
DEBUG util.py:688:  Child return code was: 5
INFO package_manager.py:202:  Buildroot is handled by package management downloaded with a bootstrap image:
  rpm-4.14.3-150400.59.16.1.x86_64
  python3-dnf-4.10.0-bp156.4.2.noarch
  python3-dnf-plugins-core-4.0.24-bp156.3.1.noarch
DEBUG file_util.py:17:  ensuring that dir exists: /var/lib/mock/xCAT-genesis-base-opensuse-leap-15.6-x86_64-bootstrap/root/var/lib/mock/xCAT-genesis-base-opensuse-leap-15.6-x86_64/root
DEBUG util.py:717:  child environment: None
DEBUG util.py:636:  Executing command: ['/bin/mount', '-n', '-t', 'tmpfs', '-o', 'private,mode=0755', 'tmpfs', '/var/lib/mock/xCAT-genesis-base-opensuse-leap-15.6-x86_64-bootstrap/root/var/lib/mock/xCAT-genesis-base-opensuse-leap-15.6-x86_64/root'] with env {'TERM': 'vt100', 'SHELL': '/bin/sh', 'HOME': '/builddir', 'HOSTNAME': 'mock', 'PATH': '/usr/bin:/bin:/usr/sbin:/sbin', 'LANG': 'C.UTF-8'} and shell False
DEBUG util.py:688:  Child return code was: 0
DEBUG file_util.py:17:  ensuring that dir exists: /var/lib/mock/xCAT-genesis-base-opensuse-leap-15.6-x86_64-bootstrap/root/var/lib/mock/xCAT-genesis-base-opensuse-leap-15.6-x86_64/root
DEBUG util.py:717:  child environment: None
DEBUG util.py:636:  Executing command: ['/bin/mount', '-n', '-o', 'rbind', '/var/lib/mock/xCAT-genesis-base-opensuse-leap-15.6-x86_64/root', '/var/lib/mock/xCAT-genesis-base-opensuse-leap-15.6-x86_64-bootstrap/root/var/lib/mock/xCAT-genesis-base-opensuse-leap-15.6-x86_64/root'] with env {'TERM': 'vt100', 'SHELL': '/bin/sh', 'HOME': '/builddir', 'HOSTNAME': 'mock', 'PATH': '/usr/bin:/bin:/usr/sbin:/sbin', 'LANG': 'C.UTF-8'} and shell False
DEBUG util.py:688:  Child return code was: 0
DEBUG util.py:717:  child environment: None
DEBUG util.py:636:  Executing command: ['/bin/mount', '-n', '-o', 'remount,private,rbind', '--target', '/var/lib/mock/xCAT-genesis-base-opensuse-leap-15.6-x86_64-bootstrap/root/var/lib/mock/xCAT-genesis-base-opensuse-leap-15.6-x86_64/root'] with env {'TERM': 'vt100', 'SHELL': '/bin/sh', 'HOME': '/builddir', 'HOSTNAME': 'mock', 'PATH': '/usr/bin:/bin:/usr/sbin:/sbin', 'LANG': 'C.UTF-8'} and shell False
DEBUG util.py:688:  Child return code was: 0
DEBUG util.py:717:  child environment: None
DEBUG util.py:631:  Using nspawn with args ['--capability=cap_ipc_lock', '--resolv-conf=off']
DEBUG util.py:636:  Executing command: ['/usr/bin/systemd-nspawn', '-q', '-M', '10f922b216ad467694c4e84734269db4', '-D', '/var/lib/mock/xCAT-genesis-base-opensuse-leap-15.6-x86_64-bootstrap/root', '-a', '--capability=cap_ipc_lock', '--resolv-conf=off', '--console=pipe', '--setenv=TERM=vt100', '--setenv=SHELL=/bin/bash', '--setenv=HOME=/builddir', '--setenv=HOSTNAME=mock', '--setenv=PATH=/usr/bin:/bin:/usr/sbin:/sbin', '--setenv=PROMPT_COMMAND=printf "\\033]0;<mock-chroot>\\007"', '--setenv=PS1=<mock-chroot> \\s-\\v\\$ ', '--setenv=LANG=C.UTF-8', '--setenv=SOURCE_DATE_EPOCH=1789750463', '/bin/rpm', '-qa', '--root', '/var/lib/mock/xCAT-genesis-base-opensuse-leap-15.6-x86_64/root'] with env {'TERM': 'vt100', 'SHELL': '/bin/bash', 'HOME': '/builddir', 'HOSTNAME': 'mock', 'PATH': '/usr/bin:/bin:/usr/sbin:/sbin', 'PROMPT_COMMAND': 'printf "\\033]0;<mock-chroot>\\007"', 'PS1': '<mock-chroot> \\s-\\v\\$ ', 'LANG': 'C.UTF-8', 'SOURCE_DATE_EPOCH': '1789750463', 'SYSTEMD_NSPAWN_TMPFS_TMP': '0', 'SYSTEMD_SECCOMP': '0'} and shell False
DEBUG util.py:537:  gpg-pubkey-25db7ae0-645bae34
DEBUG util.py:537:  gpg-pubkey-3fa1d6ce-63c9481c
DEBUG util.py:537:  filesystem-15.0-11.8.1.x86_64
DEBUG util.py:537:  boost-license1_66_0-1.66.0-150200.12.7.1.noarch
DEBUG util.py:537:  libssh-config-0.9.8-150600.11.12.1.x86_64
DEBUG util.py:537:  libldap-data-2.4.46-150600.25.3.1.noarch
DEBUG util.py:537:  openSUSE-release-appliance-custom-15.6-lp156.417.4.1.x86_64
DEBUG util.py:537:  libsemanage-conf-3.5-150600.1.48.x86_64
DEBUG util.py:537:  fillup-1.42-2.18.x86_64
DEBUG util.py:537:  bash-4.4-150400.27.6.1.x86_64
DEBUG util.py:537:  terminfo-base-6.1-150000.5.30.1.x86_64
DEBUG util.py:537:  perl-base-5.26.1-150300.17.20.1.x86_64
DEBUG util.py:537:  libz1-1.2.13-150500.4.6.1.x86_64
DEBUG util.py:537:  libstdc++6-15.2.0+git10201-150000.1.9.1.x86_64
DEBUG util.py:537:  libbz2-1-1.0.8-150400.1.122.x86_64
DEBUG util.py:537:  libncurses6-6.1-150000.5.30.1.x86_64
DEBUG util.py:537:  libcap2-2.63-150400.3.3.1.x86_64
DEBUG util.py:537:  libgpg-error0-1.47-150600.1.3.x86_64
DEBUG util.py:537:  libattr1-2.4.47-2.19.x86_64
DEBUG util.py:537:  libmagic1-5.32-7.14.1.x86_64
DEBUG util.py:537:  libpcre2-8-0-10.42-150600.1.26.x86_64
DEBUG util.py:537:  coreutils-8.32-150400.9.9.1.x86_64
DEBUG util.py:537:  info-6.5-4.17.x86_64
DEBUG util.py:537:  libpopt0-1.16-3.22.x86_64
DEBUG util.py:537:  libgcrypt20-1.10.3-150600.3.9.1.x86_64
DEBUG util.py:537:  liblua5_3-5-5.3.6-3.6.1.x86_64
DEBUG util.py:537:  grep-3.1-150000.4.6.1.x86_64
DEBUG util.py:537:  libaudit1-3.0.6-150400.4.16.1.x86_64
DEBUG util.py:537:  libxml2-2-2.10.3-150500.5.38.1.x86_64
DEBUG util.py:537:  findutils-4.8.0-150300.3.3.2.x86_64
DEBUG util.py:537:  libeconf0-0.5.2-150400.3.6.1.x86_64
DEBUG util.py:537:  netcfg-11.6-150000.3.6.1.noarch
DEBUG util.py:537:  libassuan0-2.5.5-150000.4.7.1.x86_64
DEBUG util.py:537:  libudev1-254.27-150600.4.62.1.x86_64
DEBUG util.py:537:  gawk-4.2.1-150000.3.3.1.x86_64
DEBUG util.py:537:  libmpc3-1.1.0-1.47.x86_64
DEBUG util.py:537:  systemd-presets-common-SUSE-15-150600.25.2.noarch
DEBUG util.py:537:  glibc-locale-2.38-150600.14.46.1.x86_64
DEBUG util.py:537:  pkg-config-0.29.2-150600.15.6.3.x86_64
DEBUG util.py:537:  libisl15-0.18-1.443.x86_64
DEBUG util.py:537:  cpio-2.13-150400.3.6.1.x86_64
DEBUG util.py:537:  liblz4-1-1.9.4-150600.1.4.x86_64
DEBUG util.py:537:  libdbus-1-3-1.12.2-150400.18.8.1.x86_64
DEBUG util.py:537:  libidn2-0-2.2.0-3.6.1.x86_64
DEBUG util.py:537:  libsmartcols1-2.39.3-150600.4.21.1.x86_64
DEBUG util.py:537:  libuuid1-2.39.3-150600.4.21.1.x86_64
DEBUG util.py:537:  libfdisk1-2.39.3-150600.4.21.1.x86_64
DEBUG util.py:537:  gettext-tools-0.21.1-150600.3.3.2.x86_64
DEBUG util.py:537:  libprocps8-3.3.17-150000.7.42.1.x86_64
DEBUG util.py:537:  cpp-7-3.9.1.x86_64
DEBUG util.py:537:  libxcrypt-devel-4.4.15-150300.4.7.1.x86_64
DEBUG util.py:537:  libusb-1_0-0-1.0.24-150400.3.3.1.x86_64
DEBUG util.py:537:  libnss_usrfiles2-2.25-2.12.x86_64
DEBUG util.py:537:  libsolv-tools-base-0.7.34-150600.8.19.2.x86_64
DEBUG util.py:537:  make-4.2.1-7.3.2.x86_64
DEBUG util.py:537:  libtasn1-4.13-150000.4.14.1.x86_64
DEBUG util.py:537:  glibc-devel-2.38-150600.14.46.1.x86_64
DEBUG util.py:537:  dwz-0.12-150000.3.8.1.x86_64
DEBUG util.py:537:  bzip2-1.0.8-150400.1.122.x86_64
DEBUG util.py:537:  libsigc-2_0-0-2.12.1-150600.1.2.x86_64
DEBUG util.py:537:  libyaml-cpp0_6-0.6.3-150400.4.3.1.x86_64
DEBUG util.py:537:  libboost_system1_66_0-1.66.0-150200.12.7.1.x86_64
DEBUG util.py:537:  libcilkrts5-7.5.0+r278197-150000.4.44.1.x86_64
DEBUG util.py:537:  libubsan0-7.5.0+r278197-150000.4.44.1.x86_64
DEBUG util.py:537:  libctf0-2.45-150100.7.57.1.x86_64
DEBUG util.py:537:  libffi7-3.2.1.git259-10.8.x86_64
DEBUG util.py:537:  p11-kit-0.23.22-150500.8.3.1.x86_64
DEBUG util.py:537:  libopenssl3-3.1.4-150600.5.45.1.x86_64
DEBUG util.py:537:  openssl-3.1.4-150600.2.1.noarch
DEBUG util.py:537:  ca-certificates-mozilla-2.84-150200.44.1.noarch
DEBUG util.py:537:  libkmod2-29-150600.13.3.1.x86_64
DEBUG util.py:537:  libip4tc2-1.8.7-1.1.x86_64
DEBUG util.py:537:  libmpx2-8.2.1+r264010-150000.1.6.4.x86_64
DEBUG util.py:537:  libnpth0-1.5-2.11.x86_64
DEBUG util.py:537:  libseccomp2-2.5.3-150400.2.4.x86_64
DEBUG util.py:537:  libsemanage2-3.5-150600.1.48.x86_64
DEBUG util.py:537:  libapparmor1-3.1.7-150600.5.12.2.x86_64
DEBUG util.py:537:  libbrotlicommon1-1.0.7-150200.3.5.1.x86_64
DEBUG util.py:537:  libcom_err2-1.47.0-150600.4.6.2.x86_64
DEBUG util.py:537:  libtirpc3-1.3.4-150300.3.23.1.x86_64
DEBUG util.py:537:  libssh4-0.9.8-150600.11.12.1.x86_64
DEBUG util.py:537:  libfa1-1.14.1-150600.3.3.1.x86_64
DEBUG util.py:537:  libitm1-15.2.0+git10201-150000.1.9.1.x86_64
DEBUG util.py:537:  gcc-7-3.9.1.x86_64
DEBUG util.py:537:  libnl3-200-3.9.0-150600.15.4.4.x86_64
DEBUG util.py:537:  libldap-2_4-2-2.4.46-150600.25.3.1.x86_64
DEBUG util.py:537:  libsqlite3-0-3.51.3-150000.3.39.1.x86_64
DEBUG util.py:537:  openSUSE-build-key-1.0-lp156.8.2.noarch
DEBUG util.py:537:  libgpgme11-1.23.0-150600.3.5.1.x86_64
DEBUG util.py:537:  zypper-1.14.94-150600.10.52.1.x86_64
DEBUG util.py:537:  patch-2.7.6-150000.5.9.1.x86_64
DEBUG util.py:537:  systemd-default-settings-0.10-150300.3.7.1.noarch
DEBUG util.py:537:  libcrack2-2.9.11-150600.1.90.x86_64
DEBUG util.py:537:  pam-1.3.0-150000.6.86.1.x86_64
DEBUG util.py:537:  kbd-2.4.0-150400.5.9.1.x86_64
DEBUG util.py:537:  shadow-4.17.2-150600.17.18.1.x86_64
DEBUG util.py:537:  system-group-hardware-20170617-150400.24.2.1.noarch
DEBUG util.py:537:  system-user-man-20170617-150400.24.2.1.noarch
DEBUG util.py:537:  system-user-nobody-20170617-150400.24.2.1.noarch
DEBUG util.py:537:  util-linux-2.39.3-150600.4.21.1.x86_64
DEBUG util.py:537:  systemd-254.27-150600.4.62.1.x86_64
DEBUG util.py:537:  sysconfig-0.85.10-150200.15.1.x86_64
DEBUG util.py:537:  wicked-0.6.77-150600.11.15.1.x86_64
DEBUG util.py:537:  patterns-base-base-20200505-lp156.17.3.1.x86_64
DEBUG util.py:537:  rpm-build-4.14.3-150400.59.16.1.x86_64
DEBUG util.py:537:  gpg-pubkey-29b700a4-6a17fa38
DEBUG util.py:537:  gpg-pubkey-39db7c82-66c5d91a
DEBUG util.py:537:  system-user-root-20190513-3.3.1.noarch
DEBUG util.py:537:  crypto-policies-20230920.570ea89-150600.3.16.1.noarch
DEBUG util.py:537:  branding-openSUSE-15.6.20240408-lp156.1.2.noarch
DEBUG util.py:537:  libnl-config-3.9.0-150600.15.4.4.noarch
DEBUG util.py:537:  kbd-legacy-2.4.0-150400.5.9.1.noarch
DEBUG util.py:537:  libtirpc-netconfig-1.3.4-150300.3.23.1.x86_64
DEBUG util.py:537:  file-magic-5.32-7.14.1.noarch
DEBUG util.py:537:  rpm-config-SUSE-1-150400.14.3.1.noarch
DEBUG util.py:537:  bash-sh-4.4-150400.27.6.1.x86_64
DEBUG util.py:537:  ncurses-utils-6.1-150000.5.30.1.x86_64
DEBUG util.py:537:  glibc-2.38-150600.14.46.1.x86_64
DEBUG util.py:537:  libgcc_s1-15.2.0+git10201-150000.1.9.1.x86_64
DEBUG util.py:537:  liblzma5-5.4.1-150600.3.3.1.x86_64
DEBUG util.py:537:  libzstd1-1.5.5-150600.1.3.x86_64
DEBUG util.py:537:  libcrypt1-4.4.15-150300.4.7.1.x86_64
DEBUG util.py:537:  libgmp10-6.1.2-4.9.1.x86_64
DEBUG util.py:537:  libreadline7-7.0-150400.27.6.1.x86_64
DEBUG util.py:537:  libacl1-2.2.52-4.3.1.x86_64
DEBUG util.py:537:  libelf1-0.185-150400.5.8.3.x86_64
DEBUG util.py:537:  libselinux1-3.5-150600.3.3.1.x86_64
DEBUG util.py:537:  libzio1-1.06-2.20.x86_64
DEBUG util.py:537:  diffutils-3.6-4.3.1.x86_64
DEBUG util.py:537:  libjitterentropy3-3.4.1-150000.1.12.1.x86_64
DEBUG util.py:537:  libdw1-0.185-150400.5.8.3.x86_64
DEBUG util.py:537:  libpcre1-8.45-150000.20.13.1.x86_64
DEBUG util.py:537:  rpm-4.14.3-150400.59.16.1.x86_64
DEBUG util.py:537:  permissions-20240826-150600.10.18.2.x86_64
DEBUG util.py:537:  libblkid1-2.39.3-150600.4.21.1.x86_64
DEBUG util.py:537:  xz-5.4.1-150600.3.3.1.x86_64
DEBUG util.py:537:  libmount1-2.39.3-150600.4.21.1.x86_64
DEBUG util.py:537:  sed-4.9-150600.1.4.x86_64
DEBUG util.py:537:  libmpfr6-4.0.2-3.3.1.x86_64
DEBUG util.py:537:  update-alternatives-1.19.0.4-150000.4.7.1.x86_64
DEBUG util.py:537:  openSUSE-release-15.6-lp156.417.4.1.x86_64
DEBUG util.py:537:  which-2.21-2.20.x86_64
DEBUG util.py:537:  glibc-locale-base-2.38-150600.14.46.1.x86_64
DEBUG util.py:537:  libglib-2_0-0-2.78.6-150600.4.35.1.x86_64
DEBUG util.py:537:  file-5.32-7.14.1.x86_64
DEBUG util.py:537:  cpp7-7.5.0+r278197-150000.4.44.1.x86_64
DEBUG util.py:537:  libcap-ng0-0.7.9-4.37.x86_64
DEBUG util.py:537:  libsystemd0-254.27-150600.4.62.1.x86_64
DEBUG util.py:537:  libunistring2-0.9.10-1.1.x86_64
DEBUG util.py:537:  libgomp1-15.2.0+git10201-150000.1.9.1.x86_64
DEBUG util.py:537:  libtextstyle0-0.21.1-150600.3.3.2.x86_64
DEBUG util.py:537:  login_defs-4.17.2-150600.17.18.1.noarch
DEBUG util.py:537:  gettext-runtime-0.21.1-150600.3.3.2.x86_64
DEBUG util.py:537:  libpsl5-0.20.1-150000.3.3.1.x86_64
DEBUG util.py:537:  procps-3.3.17-150000.7.42.1.x86_64
DEBUG util.py:537:  less-643-150600.3.3.1.x86_64
DEBUG util.py:537:  systemd-presets-branding-openSUSE-12.2-lp156.7.3.1.noarch
DEBUG util.py:537:  pinentry-1.1.0-4.3.1.x86_64
DEBUG util.py:537:  tar-1.34-150000.3.37.1.x86_64
DEBUG util.py:537:  gzip-1.10-150200.10.1.x86_64
DEBUG util.py:537:  libtasn1-6-4.13-150000.4.14.1.x86_64
DEBUG util.py:537:  linux-glibc-devel-6.4-150600.2.17.x86_64
DEBUG util.py:537:  systemd-rpm-macros-16-150000.7.42.1.noarch
DEBUG util.py:537:  libksba8-1.6.4-150600.1.2.x86_64
DEBUG util.py:537:  groff-1.22.4-150400.5.2.1.x86_64
DEBUG util.py:537:  libtsan0-11.3.0+git1637-150000.1.11.2.x86_64
DEBUG util.py:537:  libasan4-7.5.0+r278197-150000.4.44.1.x86_64
DEBUG util.py:537:  libboost_thread1_66_0-1.66.0-150200.12.7.1.x86_64
DEBUG util.py:537:  liblsan0-15.2.0+git10201-150000.1.9.1.x86_64
DEBUG util.py:537:  libctf-nobfd0-2.45-150100.7.57.1.x86_64
DEBUG util.py:537:  binutils-2.45-150100.7.57.1.x86_64
DEBUG util.py:537:  libp11-kit0-0.23.22-150500.8.3.1.x86_64
DEBUG util.py:537:  p11-kit-tools-0.23.22-150500.8.3.1.x86_64
DEBUG util.py:537:  openssl-3-3.1.4-150600.5.45.1.x86_64
DEBUG util.py:537:  ca-certificates-2+git20240416.98ae794-150300.4.3.3.noarch
DEBUG util.py:537:  libzck1-1.1.16-150600.9.3.x86_64
DEBUG util.py:537:  libgdbm4-1.12-1.418.x86_64
DEBUG util.py:537:  libkeyutils1-1.6.3-5.6.1.x86_64
DEBUG util.py:537:  libmpxwrappers2-8.2.1+r264010-150000.1.6.4.x86_64
DEBUG util.py:537:  libpipeline1-1.4.1-150000.3.2.1.x86_64
DEBUG util.py:537:  libsepol2-3.5-150600.1.49.x86_64
DEBUG util.py:537:  libverto1-0.2.6-3.20.x86_64
DEBUG util.py:537:  libatomic1-15.2.0+git10201-150000.1.9.1.x86_64
DEBUG util.py:537:  libbrotlidec1-1.0.7-150200.3.5.1.x86_64
DEBUG util.py:537:  krb5-1.20.1-150600.11.14.1.x86_64
DEBUG util.py:537:  libnsl2-1.2.0-2.44.x86_64
DEBUG util.py:537:  libexpat1-2.7.1-150400.3.37.1.x86_64
DEBUG util.py:537:  libaugeas0-1.14.1-150600.3.3.1.x86_64
DEBUG util.py:537:  gcc7-7.5.0+r278197-150000.4.44.1.x86_64
DEBUG util.py:537:  libnghttp2-14-1.40.0-150600.25.5.1.x86_64
DEBUG util.py:537:  libsasl2-3-2.1.28-150600.7.14.1.x86_64
DEBUG util.py:537:  libcurl4-8.14.1-150600.4.40.1.x86_64
DEBUG util.py:537:  gpg2-2.4.4-150600.3.15.1.x86_64
DEBUG util.py:537:  patterns-base-minimal_base-20200505-lp156.17.3.1.x86_64
DEBUG util.py:537:  libzypp-17.37.18-150600.3.82.1.x86_64
DEBUG util.py:537:  purge-kernels-service-0-150200.8.6.1.noarch
DEBUG util.py:537:  systemd-default-settings-branding-openSUSE-0.10-150300.3.7.1.noarch
DEBUG util.py:537:  cracklib-dict-full-2.8.12-1.22.x86_64
DEBUG util.py:537:  cracklib-2.9.11-150600.1.90.x86_64
DEBUG util.py:537:  pam-config-1.1-150600.16.8.1.x86_64
DEBUG util.py:537:  libsubid5-4.17.2-150600.17.18.1.x86_64
DEBUG util.py:537:  sysuser-shadow-3.2-150400.3.5.3.noarch
DEBUG util.py:537:  libutempter0-1.1.6-3.42.x86_64
DEBUG util.py:537:  man-2.7.6-150100.8.5.1.x86_64
DEBUG util.py:537:  dbus-1-1.12.2-150400.18.8.1.x86_64
DEBUG util.py:537:  aaa_base-84.87+git20180409.04c9dae-150300.10.28.2.x86_64
DEBUG util.py:537:  util-linux-systemd-2.39.3-150600.4.21.1.x86_64
DEBUG util.py:537:  sysconfig-netconfig-0.85.10-150200.15.1.x86_64
DEBUG util.py:537:  wicked-service-0.6.77-150600.11.15.1.x86_64
DEBUG util.py:537:  patterns-base-basesystem-20200505-lp156.17.3.1.x86_64
DEBUG util.py:537:  patterns-devel-base-devel_rpm_build-20170319-lp156.3.2.x86_64
DEBUG util.py:688:  Child return code was: 0
DEBUG util.py:200:  kill orphans in chroot /var/lib/mock/xCAT-genesis-base-opensuse-leap-15.6-x86_64/root
DEBUG util.py:200:  kill orphans in chroot /var/lib/mock/xCAT-genesis-base-opensuse-leap-15.6-x86_64-bootstrap/root/var/lib/mock/xCAT-genesis-base-opensuse-leap-15.6-x86_64/root
DEBUG util.py:717:  child environment: None
DEBUG util.py:636:  Executing command: ['/bin/umount', '-n', '-l', '/var/lib/mock/xCAT-genesis-base-opensuse-leap-15.6-x86_64-bootstrap/root/var/lib/mock/xCAT-genesis-base-opensuse-leap-15.6-x86_64/root'] with env {'TERM': 'vt100', 'SHELL': '/bin/sh', 'HOME': '/builddir', 'HOSTNAME': 'mock', 'PATH': '/usr/bin:/bin:/usr/sbin:/sbin', 'LANG': 'C.UTF-8'} and shell False
DEBUG util.py:688:  Child return code was: 0
DEBUG util.py:717:  child environment: None
DEBUG util.py:636:  Executing command: ['/bin/umount', '-n', '-l', '/var/lib/mock/xCAT-genesis-base-opensuse-leap-15.6-x86_64-bootstrap/root/var/lib/mock/xCAT-genesis-base-opensuse-leap-15.6-x86_64/root'] with env {'TERM': 'vt100', 'SHELL': '/bin/sh', 'HOME': '/builddir', 'HOSTNAME': 'mock', 'PATH': '/usr/bin:/bin:/usr/sbin:/sbin', 'LANG': 'C.UTF-8'} and shell False
DEBUG util.py:688:  Child return code was: 0
DEBUG file_util.py:17:  ensuring that dir exists: /var/lib/mock/xCAT-genesis-base-opensuse-leap-15.6-x86_64/root/proc
DEBUG util.py:717:  child environment: None
DEBUG util.py:636:  Executing command: ['/bin/mount', '-n', '-t', 'tmpfs', '-o', 'rprivate,mode=0755', 'tmpfs', '/var/lib/mock/xCAT-genesis-base-opensuse-leap-15.6-x86_64/root/proc'] with env {'TERM': 'vt100', 'SHELL': '/bin/sh', 'HOME': '/builddir', 'HOSTNAME': 'mock', 'PATH': '/usr/bin:/bin:/usr/sbin:/sbin', 'LANG': 'C.UTF-8'} and shell False
DEBUG util.py:688:  Child return code was: 0
DEBUG file_util.py:17:  ensuring that dir exists: /var/lib/mock/xCAT-genesis-base-opensuse-leap-15.6-x86_64/root/proc
DEBUG util.py:717:  child environment: None
DEBUG util.py:636:  Executing command: ['/bin/mount', '-n', '-o', 'rbind', '/proc', '/var/lib/mock/xCAT-genesis-base-opensuse-leap-15.6-x86_64/root/proc'] with env {'TERM': 'vt100', 'SHELL': '/bin/sh', 'HOME': '/builddir', 'HOSTNAME': 'mock', 'PATH': '/usr/bin:/bin:/usr/sbin:/sbin', 'LANG': 'C.UTF-8'} and shell False
DEBUG util.py:688:  Child return code was: 0
DEBUG util.py:717:  child environment: None
DEBUG util.py:636:  Executing command: ['/bin/mount', '-n', '-o', 'remount,nodev,noexec,nosuid,readonly,rprivate,rbind', '--target', '/var/lib/mock/xCAT-genesis-base-opensuse-leap-15.6-x86_64/root/proc'] with env {'TERM': 'vt100', 'SHELL': '/bin/sh', 'HOME': '/builddir', 'HOSTNAME': 'mock', 'PATH': '/usr/bin:/bin:/usr/sbin:/sbin', 'LANG': 'C.UTF-8'} and shell False
DEBUG util.py:688:  Child return code was: 0
DEBUG file_util.py:17:  ensuring that dir exists: /var/lib/mock/xCAT-genesis-base-opensuse-leap-15.6-x86_64/root/sys
DEBUG util.py:717:  child environment: None
DEBUG util.py:636:  Executing command: ['/bin/mount', '-n', '-t', 'tmpfs', '-o', 'rprivate,mode=0755', 'tmpfs', '/var/lib/mock/xCAT-genesis-base-opensuse-leap-15.6-x86_64/root/sys'] with env {'TERM': 'vt100', 'SHELL': '/bin/sh', 'HOME': '/builddir', 'HOSTNAME': 'mock', 'PATH': '/usr/bin:/bin:/usr/sbin:/sbin', 'LANG': 'C.UTF-8'} and shell False
DEBUG util.py:688:  Child return code was: 0
DEBUG file_util.py:17:  ensuring that dir exists: /var/lib/mock/xCAT-genesis-base-opensuse-leap-15.6-x86_64/root/sys
DEBUG util.py:717:  child environment: None
DEBUG util.py:636:  Executing command: ['/bin/mount', '-n', '-o', 'rbind', '/sys', '/var/lib/mock/xCAT-genesis-base-opensuse-leap-15.6-x86_64/root/sys'] with env {'TERM': 'vt100', 'SHELL': '/bin/sh', 'HOME': '/builddir', 'HOSTNAME': 'mock', 'PATH': '/usr/bin:/bin:/usr/sbin:/sbin', 'LANG': 'C.UTF-8'} and shell False
DEBUG util.py:688:  Child return code was: 0
DEBUG util.py:717:  child environment: None
DEBUG util.py:636:  Executing command: ['/bin/mount', '-n', '-o', 'remount,nodev,noexec,nosuid,readonly,rprivate,rbind', '--target', '/var/lib/mock/xCAT-genesis-base-opensuse-leap-15.6-x86_64/root/sys'] with env {'TERM': 'vt100', 'SHELL': '/bin/sh', 'HOME': '/builddir', 'HOSTNAME': 'mock', 'PATH': '/usr/bin:/bin:/usr/sbin:/sbin', 'LANG': 'C.UTF-8'} and shell False
DEBUG util.py:688:  Child return code was: 0
DEBUG file_util.py:17:  ensuring that dir exists: /var/lib/mock/xCAT-genesis-base-opensuse-leap-15.6-x86_64/root/dev/shm
DEBUG util.py:717:  child environment: None
DEBUG util.py:636:  Executing command: ['/bin/mount', '-n', '-t', 'tmpfs', 'tmpfs', '/var/lib/mock/xCAT-genesis-base-opensuse-leap-15.6-x86_64/root/dev/shm'] with env {'TERM': 'vt100', 'SHELL': '/bin/sh', 'HOME': '/builddir', 'HOSTNAME': 'mock', 'PATH': '/usr/bin:/bin:/usr/sbin:/sbin', 'LANG': 'C.UTF-8'} and shell False
DEBUG util.py:688:  Child return code was: 0
DEBUG file_util.py:17:  ensuring that dir exists: /var/lib/mock/xCAT-genesis-base-opensuse-leap-15.6-x86_64/root/dev/pts
DEBUG util.py:717:  child environment: None
DEBUG util.py:636:  Executing command: ['/bin/mount', '-n', '-t', 'devpts', '-o', 'gid=5,mode=0620,ptmxmode=0666,newinstance', 'devpts', '/var/lib/mock/xCAT-genesis-base-opensuse-leap-15.6-x86_64/root/dev/pts'] with env {'TERM': 'vt100', 'SHELL': '/bin/sh', 'HOME': '/builddir', 'HOSTNAME': 'mock', 'PATH': '/usr/bin:/bin:/usr/sbin:/sbin', 'LANG': 'C.UTF-8'} and shell False
DEBUG util.py:688:  Child return code was: 0
DEBUG file_util.py:17:  ensuring that dir exists: /var/lib/mock/xCAT-genesis-base-opensuse-leap-15.6-x86_64-bootstrap/root/var/lib/mock/xCAT-genesis-base-opensuse-leap-15.6-x86_64/root
DEBUG util.py:717:  child environment: None
DEBUG util.py:636:  Executing command: ['/bin/mount', '-n', '-t', 'tmpfs', '-o', 'private,mode=0755', 'tmpfs', '/var/lib/mock/xCAT-genesis-base-opensuse-leap-15.6-x86_64-bootstrap/root/var/lib/mock/xCAT-genesis-base-opensuse-leap-15.6-x86_64/root'] with env {'TERM': 'vt100', 'SHELL': '/bin/sh', 'HOME': '/builddir', 'HOSTNAME': 'mock', 'PATH': '/usr/bin:/bin:/usr/sbin:/sbin', 'LANG': 'C.UTF-8'} and shell False
DEBUG util.py:688:  Child return code was: 0
DEBUG file_util.py:17:  ensuring that dir exists: /var/lib/mock/xCAT-genesis-base-opensuse-leap-15.6-x86_64-bootstrap/root/var/lib/mock/xCAT-genesis-base-opensuse-leap-15.6-x86_64/root
DEBUG util.py:717:  child environment: None
DEBUG util.py:636:  Executing command: ['/bin/mount', '-n', '-o', 'rbind', '/var/lib/mock/xCAT-genesis-base-opensuse-leap-15.6-x86_64/root', '/var/lib/mock/xCAT-genesis-base-opensuse-leap-15.6-x86_64-bootstrap/root/var/lib/mock/xCAT-genesis-base-opensuse-leap-15.6-x86_64/root'] with env {'TERM': 'vt100', 'SHELL': '/bin/sh', 'HOME': '/builddir', 'HOSTNAME': 'mock', 'PATH': '/usr/bin:/bin:/usr/sbin:/sbin', 'LANG': 'C.UTF-8'} and shell False
DEBUG util.py:688:  Child return code was: 0
DEBUG util.py:717:  child environment: None
DEBUG util.py:636:  Executing command: ['/bin/mount', '-n', '-o', 'remount,private,rbind', '--target', '/var/lib/mock/xCAT-genesis-base-opensuse-leap-15.6-x86_64-bootstrap/root/var/lib/mock/xCAT-genesis-base-opensuse-leap-15.6-x86_64/root'] with env {'TERM': 'vt100', 'SHELL': '/bin/sh', 'HOME': '/builddir', 'HOSTNAME': 'mock', 'PATH': '/usr/bin:/bin:/usr/sbin:/sbin', 'LANG': 'C.UTF-8'} and shell False
DEBUG util.py:688:  Child return code was: 0
DEBUG file_util.py:17:  ensuring that dir exists: /var/lib/mock/xCAT-genesis-base-opensuse-leap-15.6-x86_64/root/installation-homedir
DEBUG package_manager.py:296:  ['/usr/bin/dnf-3', '--installroot', '/var/lib/mock/xCAT-genesis-base-opensuse-leap-15.6-x86_64/root/', '-y', '--releasever', '15.6', '--setopt=deltarpm=False', '--setopt=allow_vendor_change=yes', '--allowerasing', '--disableplugin=local', '--disableplugin=spacewalk', '--disableplugin=versionlock', 'update']
DEBUG util.py:717:  child environment: None
DEBUG util.py:631:  Using nspawn with args ['--capability=cap_ipc_lock', '--resolv-conf=off']
DEBUG util.py:636:  Executing command: ['/usr/bin/systemd-nspawn', '-q', '-M', '084065ddbf5f46aaa60988132e49954d', '-D', '/var/lib/mock/xCAT-genesis-base-opensuse-leap-15.6-x86_64-bootstrap/root', '-a', '--capability=cap_ipc_lock', '--resolv-conf=off', '--console=pipe', '--setenv=TERM=vt100', '--setenv=SHELL=/bin/bash', '--setenv=HOME=/var/lib/mock/xCAT-genesis-base-opensuse-leap-15.6-x86_64/root/installation-homedir', '--setenv=HOSTNAME=mock', '--setenv=PATH=/usr/bin:/bin:/usr/sbin:/sbin', '--setenv=PROMPT_COMMAND=printf "\\033]0;<mock-chroot>\\007"', '--setenv=PS1=<mock-chroot> \\s-\\v\\$ ', '--setenv=LANG=C.UTF-8', '--setenv=SOURCE_DATE_EPOCH=1789750463', '--setenv=LC_MESSAGES=C.UTF-8', '/usr/bin/dnf-3', '--installroot', '/var/lib/mock/xCAT-genesis-base-opensuse-leap-15.6-x86_64/root/', '-y', '--releasever', '15.6', '--setopt=deltarpm=False', '--setopt=allow_vendor_change=yes', '--allowerasing', '--disableplugin=local', '--disableplugin=spacewalk', '--disableplugin=versionlock', 'update'] with env {'TERM': 'vt100', 'SHELL': '/bin/bash', 'HOME': '/var/lib/mock/xCAT-genesis-base-opensuse-leap-15.6-x86_64/root/installation-homedir', 'HOSTNAME': 'mock', 'PATH': '/usr/bin:/bin:/usr/sbin:/sbin', 'PROMPT_COMMAND': 'printf "\\033]0;<mock-chroot>\\007"', 'PS1': '<mock-chroot> \\s-\\v\\$ ', 'LANG': 'C.UTF-8', 'SOURCE_DATE_EPOCH': '1789750463', 'LC_MESSAGES': 'C.UTF-8', 'SYSTEMD_NSPAWN_TMPFS_TMP': '0', 'SYSTEMD_SECCOMP': '0'} and shell False
DEBUG util.py:535:  No matches found for the following disable plugin patterns: local, spacewalk, versionlock
DEBUG util.py:537:  openSUSE Leap 15.6 - x86_64 - OSS                44 kB/s |  11 kB     00:00    
DEBUG util.py:537:  openSUSE Leap 15.6 - x86_64 - OSS - Updates     136 kB/s | 3.1 kB     00:00    
DEBUG util.py:537:  openSUSE Leap 15.6 - x86_64 - Updates from SUSE 118 kB/s | 3.1 kB     00:00    
DEBUG util.py:537:  openSUSE Leap 15.6 - x86_64 - Updates from Back 131 kB/s | 3.1 kB     00:00    
DEBUG util.py:537:  Dependencies resolved.
DEBUG util.py:537:  Nothing to do.
DEBUG util.py:537:  Complete!
DEBUG util.py:688:  Child return code was: 0
DEBUG util.py:200:  kill orphans in chroot /var/lib/mock/xCAT-genesis-base-opensuse-leap-15.6-x86_64/root
DEBUG util.py:200:  kill orphans in chroot /var/lib/mock/xCAT-genesis-base-opensuse-leap-15.6-x86_64-bootstrap/root/var/lib/mock/xCAT-genesis-base-opensuse-leap-15.6-x86_64/root
DEBUG util.py:717:  child environment: None
DEBUG util.py:636:  Executing command: ['/bin/umount', '-n', '-l', '/var/lib/mock/xCAT-genesis-base-opensuse-leap-15.6-x86_64-bootstrap/root/var/lib/mock/xCAT-genesis-base-opensuse-leap-15.6-x86_64/root'] with env {'TERM': 'vt100', 'SHELL': '/bin/sh', 'HOME': '/builddir', 'HOSTNAME': 'mock', 'PATH': '/usr/bin:/bin:/usr/sbin:/sbin', 'LANG': 'C.UTF-8'} and shell False
DEBUG util.py:688:  Child return code was: 0
DEBUG util.py:717:  child environment: None
DEBUG util.py:636:  Executing command: ['/bin/umount', '-n', '-l', '/var/lib/mock/xCAT-genesis-base-opensuse-leap-15.6-x86_64-bootstrap/root/var/lib/mock/xCAT-genesis-base-opensuse-leap-15.6-x86_64/root'] with env {'TERM': 'vt100', 'SHELL': '/bin/sh', 'HOME': '/builddir', 'HOSTNAME': 'mock', 'PATH': '/usr/bin:/bin:/usr/sbin:/sbin', 'LANG': 'C.UTF-8'} and shell False
DEBUG util.py:688:  Child return code was: 0
DEBUG util.py:717:  child environment: None
DEBUG util.py:636:  Executing command: ['/bin/umount', '-n', '-l', '/var/lib/mock/xCAT-genesis-base-opensuse-leap-15.6-x86_64/root/dev/pts'] with env {'TERM': 'vt100', 'SHELL': '/bin/sh', 'HOME': '/builddir', 'HOSTNAME': 'mock', 'PATH': '/usr/bin:/bin:/usr/sbin:/sbin', 'LANG': 'C.UTF-8'} and shell False
DEBUG util.py:688:  Child return code was: 0
DEBUG util.py:717:  child environment: None
DEBUG util.py:636:  Executing command: ['/bin/umount', '-n', '-l', '/var/lib/mock/xCAT-genesis-base-opensuse-leap-15.6-x86_64/root/dev/shm'] with env {'TERM': 'vt100', 'SHELL': '/bin/sh', 'HOME': '/builddir', 'HOSTNAME': 'mock', 'PATH': '/usr/bin:/bin:/usr/sbin:/sbin', 'LANG': 'C.UTF-8'} and shell False
DEBUG util.py:688:  Child return code was: 0
DEBUG util.py:717:  child environment: None
DEBUG util.py:636:  Executing command: ['/bin/umount', '-n', '-l', '/var/lib/mock/xCAT-genesis-base-opensuse-leap-15.6-x86_64/root/sys'] with env {'TERM': 'vt100', 'SHELL': '/bin/sh', 'HOME': '/builddir', 'HOSTNAME': 'mock', 'PATH': '/usr/bin:/bin:/usr/sbin:/sbin', 'LANG': 'C.UTF-8'} and shell False
DEBUG util.py:688:  Child return code was: 0
DEBUG util.py:717:  child environment: None
DEBUG util.py:636:  Executing command: ['/bin/umount', '-n', '-l', '/var/lib/mock/xCAT-genesis-base-opensuse-leap-15.6-x86_64/root/sys'] with env {'TERM': 'vt100', 'SHELL': '/bin/sh', 'HOME': '/builddir', 'HOSTNAME': 'mock', 'PATH': '/usr/bin:/bin:/usr/sbin:/sbin', 'LANG': 'C.UTF-8'} and shell False
DEBUG util.py:688:  Child return code was: 0
DEBUG util.py:717:  child environment: None
DEBUG util.py:636:  Executing command: ['/bin/umount', '-n', '-l', '/var/lib/mock/xCAT-genesis-base-opensuse-leap-15.6-x86_64/root/proc'] with env {'TERM': 'vt100', 'SHELL': '/bin/sh', 'HOME': '/builddir', 'HOSTNAME': 'mock', 'PATH': '/usr/bin:/bin:/usr/sbin:/sbin', 'LANG': 'C.UTF-8'} and shell False
DEBUG util.py:688:  Child return code was: 0
DEBUG util.py:717:  child environment: None
DEBUG util.py:636:  Executing command: ['/bin/umount', '-n', '-l', '/var/lib/mock/xCAT-genesis-base-opensuse-leap-15.6-x86_64/root/proc'] with env {'TERM': 'vt100', 'SHELL': '/bin/sh', 'HOME': '/builddir', 'HOSTNAME': 'mock', 'PATH': '/usr/bin:/bin:/usr/sbin:/sbin', 'LANG': 'C.UTF-8'} and shell False
DEBUG util.py:688:  Child return code was: 0
DEBUG file_util.py:17:  ensuring that dir exists: /var/lib/mock/xCAT-genesis-base-opensuse-leap-15.6-x86_64-bootstrap/root/var/lib/mock/xCAT-genesis-base-opensuse-leap-15.6-x86_64/root
DEBUG util.py:717:  child environment: None
DEBUG util.py:636:  Executing command: ['/bin/mount', '-n', '-t', 'tmpfs', '-o', 'private,mode=0755', 'tmpfs', '/var/lib/mock/xCAT-genesis-base-opensuse-leap-15.6-x86_64-bootstrap/root/var/lib/mock/xCAT-genesis-base-opensuse-leap-15.6-x86_64/root'] with env {'TERM': 'vt100', 'SHELL': '/bin/sh', 'HOME': '/builddir', 'HOSTNAME': 'mock', 'PATH': '/usr/bin:/bin:/usr/sbin:/sbin', 'LANG': 'C.UTF-8'} and shell False
DEBUG util.py:688:  Child return code was: 0
DEBUG file_util.py:17:  ensuring that dir exists: /var/lib/mock/xCAT-genesis-base-opensuse-leap-15.6-x86_64-bootstrap/root/var/lib/mock/xCAT-genesis-base-opensuse-leap-15.6-x86_64/root
DEBUG util.py:717:  child environment: None
DEBUG util.py:636:  Executing command: ['/bin/mount', '-n', '-o', 'rbind', '/var/lib/mock/xCAT-genesis-base-opensuse-leap-15.6-x86_64/root', '/var/lib/mock/xCAT-genesis-base-opensuse-leap-15.6-x86_64-bootstrap/root/var/lib/mock/xCAT-genesis-base-opensuse-leap-15.6-x86_64/root'] with env {'TERM': 'vt100', 'SHELL': '/bin/sh', 'HOME': '/builddir', 'HOSTNAME': 'mock', 'PATH': '/usr/bin:/bin:/usr/sbin:/sbin', 'LANG': 'C.UTF-8'} and shell False
DEBUG util.py:688:  Child return code was: 0
DEBUG util.py:717:  child environment: None
DEBUG util.py:636:  Executing command: ['/bin/mount', '-n', '-o', 'remount,private,rbind', '--target', '/var/lib/mock/xCAT-genesis-base-opensuse-leap-15.6-x86_64-bootstrap/root/var/lib/mock/xCAT-genesis-base-opensuse-leap-15.6-x86_64/root'] with env {'TERM': 'vt100', 'SHELL': '/bin/sh', 'HOME': '/builddir', 'HOSTNAME': 'mock', 'PATH': '/usr/bin:/bin:/usr/sbin:/sbin', 'LANG': 'C.UTF-8'} and shell False
DEBUG util.py:688:  Child return code was: 0
DEBUG util.py:717:  child environment: None
DEBUG util.py:631:  Using nspawn with args ['--capability=cap_ipc_lock', '--resolv-conf=off']
DEBUG util.py:636:  Executing command: ['/usr/bin/systemd-nspawn', '-q', '-M', '33f2ea46ae3942bfa7c8465cc5112fcd', '-D', '/var/lib/mock/xCAT-genesis-base-opensuse-leap-15.6-x86_64-bootstrap/root', '-a', '--capability=cap_ipc_lock', '--resolv-conf=off', '--console=pipe', '--setenv=TERM=vt100', '--setenv=SHELL=/bin/bash', '--setenv=HOME=/builddir', '--setenv=HOSTNAME=mock', '--setenv=PATH=/usr/bin:/bin:/usr/sbin:/sbin', '--setenv=PROMPT_COMMAND=printf "\\033]0;<mock-chroot>\\007"', '--setenv=PS1=<mock-chroot> \\s-\\v\\$ ', '--setenv=LANG=C.UTF-8', '--setenv=SOURCE_DATE_EPOCH=1789750463', '/bin/rpm', '-qa', '--root', '/var/lib/mock/xCAT-genesis-base-opensuse-leap-15.6-x86_64/root'] with env {'TERM': 'vt100', 'SHELL': '/bin/bash', 'HOME': '/builddir', 'HOSTNAME': 'mock', 'PATH': '/usr/bin:/bin:/usr/sbin:/sbin', 'PROMPT_COMMAND': 'printf "\\033]0;<mock-chroot>\\007"', 'PS1': '<mock-chroot> \\s-\\v\\$ ', 'LANG': 'C.UTF-8', 'SOURCE_DATE_EPOCH': '1789750463', 'SYSTEMD_NSPAWN_TMPFS_TMP': '0', 'SYSTEMD_SECCOMP': '0'} and shell False
DEBUG util.py:537:  gpg-pubkey-25db7ae0-645bae34
DEBUG util.py:537:  gpg-pubkey-3fa1d6ce-63c9481c
DEBUG util.py:537:  filesystem-15.0-11.8.1.x86_64
DEBUG util.py:537:  boost-license1_66_0-1.66.0-150200.12.7.1.noarch
DEBUG util.py:537:  libssh-config-0.9.8-150600.11.12.1.x86_64
DEBUG util.py:537:  libldap-data-2.4.46-150600.25.3.1.noarch
DEBUG util.py:537:  openSUSE-release-appliance-custom-15.6-lp156.417.4.1.x86_64
DEBUG util.py:537:  libsemanage-conf-3.5-150600.1.48.x86_64
DEBUG util.py:537:  fillup-1.42-2.18.x86_64
DEBUG util.py:537:  bash-4.4-150400.27.6.1.x86_64
DEBUG util.py:537:  terminfo-base-6.1-150000.5.30.1.x86_64
DEBUG util.py:537:  perl-base-5.26.1-150300.17.20.1.x86_64
DEBUG util.py:537:  libz1-1.2.13-150500.4.6.1.x86_64
DEBUG util.py:537:  libstdc++6-15.2.0+git10201-150000.1.9.1.x86_64
DEBUG util.py:537:  libbz2-1-1.0.8-150400.1.122.x86_64
DEBUG util.py:537:  libncurses6-6.1-150000.5.30.1.x86_64
DEBUG util.py:537:  libcap2-2.63-150400.3.3.1.x86_64
DEBUG util.py:537:  libgpg-error0-1.47-150600.1.3.x86_64
DEBUG util.py:537:  libattr1-2.4.47-2.19.x86_64
DEBUG util.py:537:  libmagic1-5.32-7.14.1.x86_64
DEBUG util.py:537:  libpcre2-8-0-10.42-150600.1.26.x86_64
DEBUG util.py:537:  coreutils-8.32-150400.9.9.1.x86_64
DEBUG util.py:537:  info-6.5-4.17.x86_64
DEBUG util.py:537:  libpopt0-1.16-3.22.x86_64
DEBUG util.py:537:  libgcrypt20-1.10.3-150600.3.9.1.x86_64
DEBUG util.py:537:  liblua5_3-5-5.3.6-3.6.1.x86_64
DEBUG util.py:537:  grep-3.1-150000.4.6.1.x86_64
DEBUG util.py:537:  libaudit1-3.0.6-150400.4.16.1.x86_64
DEBUG util.py:537:  libxml2-2-2.10.3-150500.5.38.1.x86_64
DEBUG util.py:537:  findutils-4.8.0-150300.3.3.2.x86_64
DEBUG util.py:537:  libeconf0-0.5.2-150400.3.6.1.x86_64
DEBUG util.py:537:  netcfg-11.6-150000.3.6.1.noarch
DEBUG util.py:537:  libassuan0-2.5.5-150000.4.7.1.x86_64
DEBUG util.py:537:  libudev1-254.27-150600.4.62.1.x86_64
DEBUG util.py:537:  gawk-4.2.1-150000.3.3.1.x86_64
DEBUG util.py:537:  libmpc3-1.1.0-1.47.x86_64
DEBUG util.py:537:  systemd-presets-common-SUSE-15-150600.25.2.noarch
DEBUG util.py:537:  glibc-locale-2.38-150600.14.46.1.x86_64
DEBUG util.py:537:  pkg-config-0.29.2-150600.15.6.3.x86_64
DEBUG util.py:537:  libisl15-0.18-1.443.x86_64
DEBUG util.py:537:  cpio-2.13-150400.3.6.1.x86_64
DEBUG util.py:537:  liblz4-1-1.9.4-150600.1.4.x86_64
DEBUG util.py:537:  libdbus-1-3-1.12.2-150400.18.8.1.x86_64
DEBUG util.py:537:  libidn2-0-2.2.0-3.6.1.x86_64
DEBUG util.py:537:  libsmartcols1-2.39.3-150600.4.21.1.x86_64
DEBUG util.py:537:  libuuid1-2.39.3-150600.4.21.1.x86_64
DEBUG util.py:537:  libfdisk1-2.39.3-150600.4.21.1.x86_64
DEBUG util.py:537:  gettext-tools-0.21.1-150600.3.3.2.x86_64
DEBUG util.py:537:  libprocps8-3.3.17-150000.7.42.1.x86_64
DEBUG util.py:537:  cpp-7-3.9.1.x86_64
DEBUG util.py:537:  libxcrypt-devel-4.4.15-150300.4.7.1.x86_64
DEBUG util.py:537:  libusb-1_0-0-1.0.24-150400.3.3.1.x86_64
DEBUG util.py:537:  libnss_usrfiles2-2.25-2.12.x86_64
DEBUG util.py:537:  libsolv-tools-base-0.7.34-150600.8.19.2.x86_64
DEBUG util.py:537:  make-4.2.1-7.3.2.x86_64
DEBUG util.py:537:  libtasn1-4.13-150000.4.14.1.x86_64
DEBUG util.py:537:  glibc-devel-2.38-150600.14.46.1.x86_64
DEBUG util.py:537:  dwz-0.12-150000.3.8.1.x86_64
DEBUG util.py:537:  bzip2-1.0.8-150400.1.122.x86_64
DEBUG util.py:537:  libsigc-2_0-0-2.12.1-150600.1.2.x86_64
DEBUG util.py:537:  libyaml-cpp0_6-0.6.3-150400.4.3.1.x86_64
DEBUG util.py:537:  libboost_system1_66_0-1.66.0-150200.12.7.1.x86_64
DEBUG util.py:537:  libcilkrts5-7.5.0+r278197-150000.4.44.1.x86_64
DEBUG util.py:537:  libubsan0-7.5.0+r278197-150000.4.44.1.x86_64
DEBUG util.py:537:  libctf0-2.45-150100.7.57.1.x86_64
DEBUG util.py:537:  libffi7-3.2.1.git259-10.8.x86_64
DEBUG util.py:537:  p11-kit-0.23.22-150500.8.3.1.x86_64
DEBUG util.py:537:  libopenssl3-3.1.4-150600.5.45.1.x86_64
DEBUG util.py:537:  openssl-3.1.4-150600.2.1.noarch
DEBUG util.py:537:  ca-certificates-mozilla-2.84-150200.44.1.noarch
DEBUG util.py:537:  libkmod2-29-150600.13.3.1.x86_64
DEBUG util.py:537:  libip4tc2-1.8.7-1.1.x86_64
DEBUG util.py:537:  libmpx2-8.2.1+r264010-150000.1.6.4.x86_64
DEBUG util.py:537:  libnpth0-1.5-2.11.x86_64
DEBUG util.py:537:  libseccomp2-2.5.3-150400.2.4.x86_64
DEBUG util.py:537:  libsemanage2-3.5-150600.1.48.x86_64
DEBUG util.py:537:  libapparmor1-3.1.7-150600.5.12.2.x86_64
DEBUG util.py:537:  libbrotlicommon1-1.0.7-150200.3.5.1.x86_64
DEBUG util.py:537:  libcom_err2-1.47.0-150600.4.6.2.x86_64
DEBUG util.py:537:  libtirpc3-1.3.4-150300.3.23.1.x86_64
DEBUG util.py:537:  libssh4-0.9.8-150600.11.12.1.x86_64
DEBUG util.py:537:  libfa1-1.14.1-150600.3.3.1.x86_64
DEBUG util.py:537:  libitm1-15.2.0+git10201-150000.1.9.1.x86_64
DEBUG util.py:537:  gcc-7-3.9.1.x86_64
DEBUG util.py:537:  libnl3-200-3.9.0-150600.15.4.4.x86_64
DEBUG util.py:537:  libldap-2_4-2-2.4.46-150600.25.3.1.x86_64
DEBUG util.py:537:  libsqlite3-0-3.51.3-150000.3.39.1.x86_64
DEBUG util.py:537:  openSUSE-build-key-1.0-lp156.8.2.noarch
DEBUG util.py:537:  libgpgme11-1.23.0-150600.3.5.1.x86_64
DEBUG util.py:537:  zypper-1.14.94-150600.10.52.1.x86_64
DEBUG util.py:537:  patch-2.7.6-150000.5.9.1.x86_64
DEBUG util.py:537:  systemd-default-settings-0.10-150300.3.7.1.noarch
DEBUG util.py:537:  libcrack2-2.9.11-150600.1.90.x86_64
DEBUG util.py:537:  pam-1.3.0-150000.6.86.1.x86_64
DEBUG util.py:537:  kbd-2.4.0-150400.5.9.1.x86_64
DEBUG util.py:537:  shadow-4.17.2-150600.17.18.1.x86_64
DEBUG util.py:537:  system-group-hardware-20170617-150400.24.2.1.noarch
DEBUG util.py:537:  system-user-man-20170617-150400.24.2.1.noarch
DEBUG util.py:537:  system-user-nobody-20170617-150400.24.2.1.noarch
DEBUG util.py:537:  util-linux-2.39.3-150600.4.21.1.x86_64
DEBUG util.py:537:  systemd-254.27-150600.4.62.1.x86_64
DEBUG util.py:537:  sysconfig-0.85.10-150200.15.1.x86_64
DEBUG util.py:537:  wicked-0.6.77-150600.11.15.1.x86_64
DEBUG util.py:537:  patterns-base-base-20200505-lp156.17.3.1.x86_64
DEBUG util.py:537:  rpm-build-4.14.3-150400.59.16.1.x86_64
DEBUG util.py:537:  gpg-pubkey-29b700a4-6a17fa38
DEBUG util.py:537:  gpg-pubkey-39db7c82-66c5d91a
DEBUG util.py:537:  system-user-root-20190513-3.3.1.noarch
DEBUG util.py:537:  crypto-policies-20230920.570ea89-150600.3.16.1.noarch
DEBUG util.py:537:  branding-openSUSE-15.6.20240408-lp156.1.2.noarch
DEBUG util.py:537:  libnl-config-3.9.0-150600.15.4.4.noarch
DEBUG util.py:537:  kbd-legacy-2.4.0-150400.5.9.1.noarch
DEBUG util.py:537:  libtirpc-netconfig-1.3.4-150300.3.23.1.x86_64
DEBUG util.py:537:  file-magic-5.32-7.14.1.noarch
DEBUG util.py:537:  rpm-config-SUSE-1-150400.14.3.1.noarch
DEBUG util.py:537:  bash-sh-4.4-150400.27.6.1.x86_64
DEBUG util.py:537:  ncurses-utils-6.1-150000.5.30.1.x86_64
DEBUG util.py:537:  glibc-2.38-150600.14.46.1.x86_64
DEBUG util.py:537:  libgcc_s1-15.2.0+git10201-150000.1.9.1.x86_64
DEBUG util.py:537:  liblzma5-5.4.1-150600.3.3.1.x86_64
DEBUG util.py:537:  libzstd1-1.5.5-150600.1.3.x86_64
DEBUG util.py:537:  libcrypt1-4.4.15-150300.4.7.1.x86_64
DEBUG util.py:537:  libgmp10-6.1.2-4.9.1.x86_64
DEBUG util.py:537:  libreadline7-7.0-150400.27.6.1.x86_64
DEBUG util.py:537:  libacl1-2.2.52-4.3.1.x86_64
DEBUG util.py:537:  libelf1-0.185-150400.5.8.3.x86_64
DEBUG util.py:537:  libselinux1-3.5-150600.3.3.1.x86_64
DEBUG util.py:537:  libzio1-1.06-2.20.x86_64
DEBUG util.py:537:  diffutils-3.6-4.3.1.x86_64
DEBUG util.py:537:  libjitterentropy3-3.4.1-150000.1.12.1.x86_64
DEBUG util.py:537:  libdw1-0.185-150400.5.8.3.x86_64
DEBUG util.py:537:  libpcre1-8.45-150000.20.13.1.x86_64
DEBUG util.py:537:  rpm-4.14.3-150400.59.16.1.x86_64
DEBUG util.py:537:  permissions-20240826-150600.10.18.2.x86_64
DEBUG util.py:537:  libblkid1-2.39.3-150600.4.21.1.x86_64
DEBUG util.py:537:  xz-5.4.1-150600.3.3.1.x86_64
DEBUG util.py:537:  libmount1-2.39.3-150600.4.21.1.x86_64
DEBUG util.py:537:  sed-4.9-150600.1.4.x86_64
DEBUG util.py:537:  libmpfr6-4.0.2-3.3.1.x86_64
DEBUG util.py:537:  update-alternatives-1.19.0.4-150000.4.7.1.x86_64
DEBUG util.py:537:  openSUSE-release-15.6-lp156.417.4.1.x86_64
DEBUG util.py:537:  which-2.21-2.20.x86_64
DEBUG util.py:537:  glibc-locale-base-2.38-150600.14.46.1.x86_64
DEBUG util.py:537:  libglib-2_0-0-2.78.6-150600.4.35.1.x86_64
DEBUG util.py:537:  file-5.32-7.14.1.x86_64
DEBUG util.py:537:  cpp7-7.5.0+r278197-150000.4.44.1.x86_64
DEBUG util.py:537:  libcap-ng0-0.7.9-4.37.x86_64
DEBUG util.py:537:  libsystemd0-254.27-150600.4.62.1.x86_64
DEBUG util.py:537:  libunistring2-0.9.10-1.1.x86_64
DEBUG util.py:537:  libgomp1-15.2.0+git10201-150000.1.9.1.x86_64
DEBUG util.py:537:  libtextstyle0-0.21.1-150600.3.3.2.x86_64
DEBUG util.py:537:  login_defs-4.17.2-150600.17.18.1.noarch
DEBUG util.py:537:  gettext-runtime-0.21.1-150600.3.3.2.x86_64
DEBUG util.py:537:  libpsl5-0.20.1-150000.3.3.1.x86_64
DEBUG util.py:537:  procps-3.3.17-150000.7.42.1.x86_64
DEBUG util.py:537:  less-643-150600.3.3.1.x86_64
DEBUG util.py:537:  systemd-presets-branding-openSUSE-12.2-lp156.7.3.1.noarch
DEBUG util.py:537:  pinentry-1.1.0-4.3.1.x86_64
DEBUG util.py:537:  tar-1.34-150000.3.37.1.x86_64
DEBUG util.py:537:  gzip-1.10-150200.10.1.x86_64
DEBUG util.py:537:  libtasn1-6-4.13-150000.4.14.1.x86_64
DEBUG util.py:537:  linux-glibc-devel-6.4-150600.2.17.x86_64
DEBUG util.py:537:  systemd-rpm-macros-16-150000.7.42.1.noarch
DEBUG util.py:537:  libksba8-1.6.4-150600.1.2.x86_64
DEBUG util.py:537:  groff-1.22.4-150400.5.2.1.x86_64
DEBUG util.py:537:  libtsan0-11.3.0+git1637-150000.1.11.2.x86_64
DEBUG util.py:537:  libasan4-7.5.0+r278197-150000.4.44.1.x86_64
DEBUG util.py:537:  libboost_thread1_66_0-1.66.0-150200.12.7.1.x86_64
DEBUG util.py:537:  liblsan0-15.2.0+git10201-150000.1.9.1.x86_64
DEBUG util.py:537:  libctf-nobfd0-2.45-150100.7.57.1.x86_64
DEBUG util.py:537:  binutils-2.45-150100.7.57.1.x86_64
DEBUG util.py:537:  libp11-kit0-0.23.22-150500.8.3.1.x86_64
DEBUG util.py:537:  p11-kit-tools-0.23.22-150500.8.3.1.x86_64
DEBUG util.py:537:  openssl-3-3.1.4-150600.5.45.1.x86_64
DEBUG util.py:537:  ca-certificates-2+git20240416.98ae794-150300.4.3.3.noarch
DEBUG util.py:537:  libzck1-1.1.16-150600.9.3.x86_64
DEBUG util.py:537:  libgdbm4-1.12-1.418.x86_64
DEBUG util.py:537:  libkeyutils1-1.6.3-5.6.1.x86_64
DEBUG util.py:537:  libmpxwrappers2-8.2.1+r264010-150000.1.6.4.x86_64
DEBUG util.py:537:  libpipeline1-1.4.1-150000.3.2.1.x86_64
DEBUG util.py:537:  libsepol2-3.5-150600.1.49.x86_64
DEBUG util.py:537:  libverto1-0.2.6-3.20.x86_64
DEBUG util.py:537:  libatomic1-15.2.0+git10201-150000.1.9.1.x86_64
DEBUG util.py:537:  libbrotlidec1-1.0.7-150200.3.5.1.x86_64
DEBUG util.py:537:  krb5-1.20.1-150600.11.14.1.x86_64
DEBUG util.py:537:  libnsl2-1.2.0-2.44.x86_64
DEBUG util.py:537:  libexpat1-2.7.1-150400.3.37.1.x86_64
DEBUG util.py:537:  libaugeas0-1.14.1-150600.3.3.1.x86_64
DEBUG util.py:537:  gcc7-7.5.0+r278197-150000.4.44.1.x86_64
DEBUG util.py:537:  libnghttp2-14-1.40.0-150600.25.5.1.x86_64
DEBUG util.py:537:  libsasl2-3-2.1.28-150600.7.14.1.x86_64
DEBUG util.py:537:  libcurl4-8.14.1-150600.4.40.1.x86_64
DEBUG util.py:537:  gpg2-2.4.4-150600.3.15.1.x86_64
DEBUG util.py:537:  patterns-base-minimal_base-20200505-lp156.17.3.1.x86_64
DEBUG util.py:537:  libzypp-17.37.18-150600.3.82.1.x86_64
DEBUG util.py:537:  purge-kernels-service-0-150200.8.6.1.noarch
DEBUG util.py:537:  systemd-default-settings-branding-openSUSE-0.10-150300.3.7.1.noarch
DEBUG util.py:537:  cracklib-dict-full-2.8.12-1.22.x86_64
DEBUG util.py:537:  cracklib-2.9.11-150600.1.90.x86_64
DEBUG util.py:537:  pam-config-1.1-150600.16.8.1.x86_64
DEBUG util.py:537:  libsubid5-4.17.2-150600.17.18.1.x86_64
DEBUG util.py:537:  sysuser-shadow-3.2-150400.3.5.3.noarch
DEBUG util.py:537:  libutempter0-1.1.6-3.42.x86_64
DEBUG util.py:537:  man-2.7.6-150100.8.5.1.x86_64
DEBUG util.py:537:  dbus-1-1.12.2-150400.18.8.1.x86_64
DEBUG util.py:537:  aaa_base-84.87+git20180409.04c9dae-150300.10.28.2.x86_64
DEBUG util.py:537:  util-linux-systemd-2.39.3-150600.4.21.1.x86_64
DEBUG util.py:537:  sysconfig-netconfig-0.85.10-150200.15.1.x86_64
DEBUG util.py:537:  wicked-service-0.6.77-150600.11.15.1.x86_64
DEBUG util.py:537:  patterns-base-basesystem-20200505-lp156.17.3.1.x86_64
DEBUG util.py:537:  patterns-devel-base-devel_rpm_build-20170319-lp156.3.2.x86_64
DEBUG util.py:688:  Child return code was: 0
DEBUG util.py:200:  kill orphans in chroot /var/lib/mock/xCAT-genesis-base-opensuse-leap-15.6-x86_64/root
DEBUG util.py:200:  kill orphans in chroot /var/lib/mock/xCAT-genesis-base-opensuse-leap-15.6-x86_64-bootstrap/root/var/lib/mock/xCAT-genesis-base-opensuse-leap-15.6-x86_64/root
DEBUG util.py:717:  child environment: None
DEBUG util.py:636:  Executing command: ['/bin/umount', '-n', '-l', '/var/lib/mock/xCAT-genesis-base-opensuse-leap-15.6-x86_64-bootstrap/root/var/lib/mock/xCAT-genesis-base-opensuse-leap-15.6-x86_64/root'] with env {'TERM': 'vt100', 'SHELL': '/bin/sh', 'HOME': '/builddir', 'HOSTNAME': 'mock', 'PATH': '/usr/bin:/bin:/usr/sbin:/sbin', 'LANG': 'C.UTF-8'} and shell False
DEBUG util.py:688:  Child return code was: 0
DEBUG util.py:717:  child environment: None
DEBUG util.py:636:  Executing command: ['/bin/umount', '-n', '-l', '/var/lib/mock/xCAT-genesis-base-opensuse-leap-15.6-x86_64-bootstrap/root/var/lib/mock/xCAT-genesis-base-opensuse-leap-15.6-x86_64/root'] with env {'TERM': 'vt100', 'SHELL': '/bin/sh', 'HOME': '/builddir', 'HOSTNAME': 'mock', 'PATH': '/usr/bin:/bin:/usr/sbin:/sbin', 'LANG': 'C.UTF-8'} and shell False
DEBUG util.py:688:  Child return code was: 0
DEBUG file_util.py:17:  ensuring that dir exists: /var/lib/mock/xCAT-genesis-base-opensuse-leap-15.6-x86_64/root/builddir/build
DEBUG file_util.py:17:  ensuring that dir exists: /var/lib/mock/xCAT-genesis-base-opensuse-leap-15.6-x86_64/root/builddir/build/RPMS
DEBUG file_util.py:20:  created dir: /var/lib/mock/xCAT-genesis-base-opensuse-leap-15.6-x86_64/root/builddir/build/RPMS
DEBUG file_util.py:17:  ensuring that dir exists: /var/lib/mock/xCAT-genesis-base-opensuse-leap-15.6-x86_64/root/builddir/build/SPECS
DEBUG file_util.py:20:  created dir: /var/lib/mock/xCAT-genesis-base-opensuse-leap-15.6-x86_64/root/builddir/build/SPECS
DEBUG file_util.py:17:  ensuring that dir exists: /var/lib/mock/xCAT-genesis-base-opensuse-leap-15.6-x86_64/root/builddir/build/SRPMS
DEBUG file_util.py:20:  created dir: /var/lib/mock/xCAT-genesis-base-opensuse-leap-15.6-x86_64/root/builddir/build/SRPMS
DEBUG file_util.py:17:  ensuring that dir exists: /var/lib/mock/xCAT-genesis-base-opensuse-leap-15.6-x86_64/root/builddir/build/SOURCES
DEBUG file_util.py:17:  ensuring that dir exists: /var/lib/mock/xCAT-genesis-base-opensuse-leap-15.6-x86_64/root/builddir/build/BUILD
DEBUG file_util.py:20:  created dir: /var/lib/mock/xCAT-genesis-base-opensuse-leap-15.6-x86_64/root/builddir/build/BUILD
DEBUG file_util.py:17:  ensuring that dir exists: /var/lib/mock/xCAT-genesis-base-opensuse-leap-15.6-x86_64/root/builddir/build/BUILDROOT
DEBUG file_util.py:20:  created dir: /var/lib/mock/xCAT-genesis-base-opensuse-leap-15.6-x86_64/root/builddir/build/BUILDROOT
DEBUG file_util.py:17:  ensuring that dir exists: /var/lib/mock/xCAT-genesis-base-opensuse-leap-15.6-x86_64/root/builddir/build/originals
DEBUG file_util.py:20:  created dir: /var/lib/mock/xCAT-genesis-base-opensuse-leap-15.6-x86_64/root/builddir/build/originals
DEBUG file_util.py:17:  ensuring that dir exists: /var/lib/mock/xCAT-genesis-base-opensuse-leap-15.6-x86_64/root/builddir
DEBUG util.py:717:  child environment: None
DEBUG util.py:636:  Executing command: ['userdel', '-f', 'mockbuild', '--prefix', '/var/lib/mock/xCAT-genesis-base-opensuse-leap-15.6-x86_64/root'] with env {'TERM': 'vt100', 'SHELL': '/bin/sh', 'HOME': '/builddir', 'HOSTNAME': 'mock', 'PATH': '/usr/bin:/bin:/usr/sbin:/sbin', 'LANG': 'C.UTF-8'} and shell False
DEBUG util.py:688:  Child return code was: 0
DEBUG util.py:717:  child environment: None
DEBUG util.py:636:  Executing command: ['groupdel', 'mock', '--prefix', '/var/lib/mock/xCAT-genesis-base-opensuse-leap-15.6-x86_64/root'] with env {'TERM': 'vt100', 'SHELL': '/bin/sh', 'HOME': '/builddir', 'HOSTNAME': 'mock', 'PATH': '/usr/bin:/bin:/usr/sbin:/sbin', 'LANG': 'C.UTF-8'} and shell False
DEBUG util.py:688:  Child return code was: 0
DEBUG util.py:717:  child environment: None
DEBUG util.py:636:  Executing command: ['groupadd', 'mock', '-g', '135', '--prefix', '/var/lib/mock/xCAT-genesis-base-opensuse-leap-15.6-x86_64/root'] with env {'TERM': 'vt100', 'SHELL': '/bin/sh', 'HOME': '/builddir', 'HOSTNAME': 'mock', 'PATH': '/usr/bin:/bin:/usr/sbin:/sbin', 'LANG': 'C.UTF-8'} and shell False
DEBUG util.py:688:  Child return code was: 0
DEBUG util.py:717:  child environment: None
DEBUG util.py:636:  Executing command: ['useradd', 'mockbuild', '-o', '-u', '0', '-g', '135', '-N', '-d', '/builddir', '--prefix', '/var/lib/mock/xCAT-genesis-base-opensuse-leap-15.6-x86_64/root'] with env {'TERM': 'vt100', 'SHELL': '/bin/sh', 'HOME': '/builddir', 'HOSTNAME': 'mock', 'PATH': '/usr/bin:/bin:/usr/sbin:/sbin', 'LANG': 'C.UTF-8'} and shell False
DEBUG util.py:535:  useradd warning: mockbuild's uid 0 outside of the UID_MIN 1000 and UID_MAX 60000 range.
DEBUG util.py:535:  useradd: warning: the home directory /builddir already exists.
DEBUG util.py:535:  useradd: Not copying any file from skel directory into it.
DEBUG util.py:535:  Creating mailbox file: File exists
DEBUG util.py:688:  Child return code was: 0
DEBUG file_util.py:29:  touching file: /var/lib/mock/xCAT-genesis-base-opensuse-leap-15.6-x86_64/root/.initialized
DEBUG util.py:717:  child environment: None
DEBUG util.py:631:  Using nspawn with args ['--capability=cap_ipc_lock', '--bind=/dev/btrfs-control', '--bind=/dev/mapper/control', '--bind=/dev/fuse', '--bind=/dev/loop-control', '--bind=/dev/loop0', '--bind=/dev/loop1', '--bind=/dev/loop2', '--bind=/dev/loop3', '--bind=/dev/loop4', '--bind=/dev/loop5', '--bind=/dev/loop6', '--bind=/dev/loop7', '--bind=/dev/loop8', '--bind=/dev/loop9', '--bind=/dev/loop10', '--bind=/dev/loop11', '--resolv-conf=off']
DEBUG util.py:636:  Executing command: ['/usr/bin/systemd-nspawn', '-q', '-M', '3112af6ea70c46ada557c3b508b17596', '-D', '/var/lib/mock/xCAT-genesis-base-opensuse-leap-15.6-x86_64/root', '-a', '--capability=cap_ipc_lock', '--bind=/dev/btrfs-control', '--bind=/dev/mapper/control', '--bind=/dev/fuse', '--bind=/dev/loop-control', '--bind=/dev/loop0', '--bind=/dev/loop1', '--bind=/dev/loop2', '--bind=/dev/loop3', '--bind=/dev/loop4', '--bind=/dev/loop5', '--bind=/dev/loop6', '--bind=/dev/loop7', '--bind=/dev/loop8', '--bind=/dev/loop9', '--bind=/dev/loop10', '--bind=/dev/loop11', '--resolv-conf=off', '--console=pipe', '--setenv=TERM=vt100', '--setenv=SHELL=/bin/bash', '--setenv=HOME=/builddir', '--setenv=HOSTNAME=mock', '--setenv=PATH=/usr/bin:/bin:/usr/sbin:/sbin', '--setenv=PROMPT_COMMAND=printf "\\033]0;<mock-chroot>\\007"', '--setenv=PS1=<mock-chroot> \\s-\\v\\$ ', '--setenv=LANG=C.UTF-8', '--setenv=SOURCE_DATE_EPOCH=1789750463', '/bin/sh', '-c', 'rpmbuild --help'] with env {'TERM': 'vt100', 'SHELL': '/bin/bash', 'HOME': '/builddir', 'HOSTNAME': 'mock', 'PATH': '/usr/bin:/bin:/usr/sbin:/sbin', 'PROMPT_COMMAND': 'printf "\\033]0;<mock-chroot>\\007"', 'PS1': '<mock-chroot> \\s-\\v\\$ ', 'LANG': 'C.UTF-8', 'SOURCE_DATE_EPOCH': '1789750463', 'SYSTEMD_NSPAWN_TMPFS_TMP': '0', 'SYSTEMD_SECCOMP': '0'} and shell False
DEBUG util.py:537:  Usage: rpmbuild [OPTION...]
DEBUG util.py:537:  Build options with [ <specfile> | <tarball> | <source package> ]:
DEBUG util.py:537:        -bp                        build through %prep (unpack sources and apply
DEBUG util.py:537:                                   patches) from <specfile>
DEBUG util.py:537:        -bc                        build through %build (%prep, then compile)
DEBUG util.py:537:                                   from <specfile>
DEBUG util.py:537:        -bi                        build through %install (%prep, %build, then
DEBUG util.py:537:                                   install) from <specfile>
DEBUG util.py:537:        -bl                        verify %files section from <specfile>
DEBUG util.py:537:        -ba                        build source and binary packages from
DEBUG util.py:537:                                   <specfile>
DEBUG util.py:537:        -bb                        build binary package only from <specfile>
DEBUG util.py:537:        -bs                        build source package only from <specfile>
DEBUG util.py:537:        -rp                        build through %prep (unpack sources and apply
DEBUG util.py:537:                                   patches) from <source package>
DEBUG util.py:537:        -rc                        build through %build (%prep, then compile)
DEBUG util.py:537:                                   from <source package>
DEBUG util.py:537:        -ri                        build through %install (%prep, %build, then
DEBUG util.py:537:                                   install) from <source package>
DEBUG util.py:537:        -rl                        verify %files section from <source package>
DEBUG util.py:537:        -ra                        build source and binary packages from <source
DEBUG util.py:537:                                   package>
DEBUG util.py:537:        -rb                        build binary package only from <source
DEBUG util.py:537:                                   package>
DEBUG util.py:537:        -rs                        build source package only from <source
DEBUG util.py:537:                                   package>
DEBUG util.py:537:        -tp                        build through %prep (unpack sources and apply
DEBUG util.py:537:                                   patches) from <tarball>
DEBUG util.py:537:        -tc                        build through %build (%prep, then compile)
DEBUG util.py:537:                                   from <tarball>
DEBUG util.py:537:        -ti                        build through %install (%prep, %build, then
DEBUG util.py:537:                                   install) from <tarball>
DEBUG util.py:537:        -ta                        build source and binary packages from
DEBUG util.py:537:                                   <tarball>
DEBUG util.py:537:        -tb                        build binary package only from <tarball>
DEBUG util.py:537:        -ts                        build source package only from <tarball>
DEBUG util.py:537:        --rebuild                  build binary package from <source package>
DEBUG util.py:537:        --recompile                build through %install (%prep, %build, then
DEBUG util.py:537:                                   install) from <source package>
DEBUG util.py:537:        --buildroot=DIRECTORY      override build root
DEBUG util.py:537:        --build-in-place           run build in current directory
DEBUG util.py:537:        --clean                    remove build tree when done
DEBUG util.py:537:        --nobuild                  do not execute any stages of the build
DEBUG util.py:537:        --nodeps                   do not verify build dependencies
DEBUG util.py:537:        --nodirtokens              generate package header(s) compatible with
DEBUG util.py:537:                                   (legacy) rpm v3 packaging
DEBUG util.py:537:        --noclean                  do not execute %clean stage of the build
DEBUG util.py:537:        --noprep                   do not execute %prep stage of the build
DEBUG util.py:537:        --nocheck                  do not execute %check stage of the build
DEBUG util.py:537:        --rmsource                 remove sources when done
DEBUG util.py:537:        --rmspec                   remove specfile when done
DEBUG util.py:537:        --short-circuit            skip straight to specified stage (only for
DEBUG util.py:537:                                   c,i)
DEBUG util.py:537:        --target=CPU-VENDOR-OS     override target platform
DEBUG util.py:537:  Common options for all rpm modes and executables:
DEBUG util.py:537:    -D, --define='MACRO EXPR'      define MACRO with value EXPR
DEBUG util.py:537:        --undefine=MACRO           undefine MACRO
DEBUG util.py:537:    -E, --eval='EXPR'              print macro expansion of EXPR
DEBUG util.py:537:        --target=CPU-VENDOR-OS     Specify target platform
DEBUG util.py:537:        --macros=<FILE:...>        read <FILE:...> instead of default file(s)
DEBUG util.py:537:        --noplugins                don't enable any plugins
DEBUG util.py:537:        --nodigest                 don't verify package digest(s)
DEBUG util.py:537:        --nosignature              don't verify package signature(s)
DEBUG util.py:537:        --rcfile=<FILE:...>        read <FILE:...> instead of default file(s)
DEBUG util.py:537:    -r, --root=ROOT                use ROOT as top level directory (default: "/")
DEBUG util.py:537:        --dbpath=DIRECTORY         use database in DIRECTORY
DEBUG util.py:537:        --querytags                display known query tags
DEBUG util.py:537:        --showrc                   display final rpmrc and macro configuration
DEBUG util.py:537:        --quiet                    provide less detailed output
DEBUG util.py:537:    -v, --verbose                  provide more detailed output
DEBUG util.py:537:        --version                  print the version of rpm being used
DEBUG util.py:537:  Options implemented via popt alias/exec:
DEBUG util.py:537:        --with=<option>            enable configure <option> for build
DEBUG util.py:537:        --without=<option>         disable configure <option> for build
DEBUG util.py:537:        --buildpolicy=<policy>     set buildroot <policy> (e.g. compress man
DEBUG util.py:537:                                   pages)
DEBUG util.py:537:        --sign                     generate GPG signature (deprecated, use
DEBUG util.py:537:                                   command rpmsign instead)
DEBUG util.py:537:        --nodebuginfo              do not generate debuginfo for this package
DEBUG util.py:537:  Help options:
DEBUG util.py:537:    -?, --help                     Show this help message
DEBUG util.py:537:        --usage                    Display brief usage message
DEBUG util.py:688:  Child return code was: 0
DEBUG util.py:717:  child environment: None
DEBUG backend.py:610:  Copying package to result dir
DEBUG util.py:200:  kill orphans in chroot /var/lib/mock/xCAT-genesis-base-opensuse-leap-15.6-x86_64/root
DEBUG util.py:717:  child environment: None
DEBUG util.py:636:  Executing command: ['/bin/umount', '-n', '/var/lib/mock/xCAT-genesis-base-opensuse-leap-15.6-x86_64/root/var/cache/dnf'] with env {'TERM': 'vt100', 'SHELL': '/bin/sh', 'HOME': '/builddir', 'HOSTNAME': 'mock', 'PATH': '/usr/bin:/bin:/usr/sbin:/sbin', 'LANG': 'C.UTF-8'} and shell False
DEBUG util.py:688:  Child return code was: 0
DEBUG util.py:717:  child environment: None
DEBUG util.py:636:  Executing command: ['/bin/umount', '-n', '/var/lib/mock/xCAT-genesis-base-opensuse-leap-15.6-x86_64/root/var/cache/yum'] with env {'TERM': 'vt100', 'SHELL': '/bin/sh', 'HOME': '/builddir', 'HOSTNAME': 'mock', 'PATH': '/usr/bin:/bin:/usr/sbin:/sbin', 'LANG': 'C.UTF-8'} and shell False
DEBUG util.py:688:  Child return code was: 0
DEBUG util.py:200:  kill orphans in chroot /var/lib/mock/xCAT-genesis-base-opensuse-leap-15.6-x86_64-bootstrap/root
DEBUG util.py:717:  child environment: None
DEBUG util.py:636:  Executing command: ['/bin/umount', '-n', '/var/lib/mock/xCAT-genesis-base-opensuse-leap-15.6-x86_64-bootstrap/root/var/cache/dnf'] with env {'TERM': 'vt100', 'SHELL': '/bin/sh', 'HOME': '/builddir', 'HOSTNAME': 'mock', 'PATH': '/usr/bin:/bin:/usr/sbin:/sbin', 'LANG': 'C.UTF-8'} and shell False
DEBUG util.py:688:  Child return code was: 0
DEBUG util.py:717:  child environment: None
DEBUG util.py:636:  Executing command: ['/bin/umount', '-n', '/var/lib/mock/xCAT-genesis-base-opensuse-leap-15.6-x86_64-bootstrap/root/var/cache/yum'] with env {'TERM': 'vt100', 'SHELL': '/bin/sh', 'HOME': '/builddir', 'HOSTNAME': 'mock', 'PATH': '/usr/bin:/bin:/usr/sbin:/sbin', 'LANG': 'C.UTF-8'} and shell False
DEBUG util.py:688:  Child return code was: 0
INFO buildroot.py:704:  Mock Version: 6.8
DEBUG file_util.py:17:  ensuring that dir exists: /var/lib/mock/xCAT-genesis-base-opensuse-leap-15.6-x86_64/root
DEBUG file_util.py:20:  created dir: /var/lib/mock/xCAT-genesis-base-opensuse-leap-15.6-x86_64/root
DEBUG file_util.py:17:  ensuring that dir exists: /var/lib/mock/xCAT-genesis-base-opensuse-leap-15.6-x86_64-bootstrap
DEBUG file_util.py:17:  ensuring that dir exists: /var/lib/mock/xCAT-genesis-base-opensuse-leap-15.6-x86_64-bootstrap
DEBUG file_util.py:17:  ensuring that dir exists: /var/lib/mock/xCAT-genesis-base-opensuse-leap-15.6-x86_64-bootstrap/root
DEBUG file_util.py:17:  ensuring that dir exists: /var/lib/mock/xCAT-genesis-base-opensuse-leap-15.6-x86_64-bootstrap/results
INFO buildroot.py:321:  calling preinit hooks
DEBUG file_util.py:17:  ensuring that dir exists: /var/cache/mock/xCAT-genesis-base-opensuse-leap-15.6-x86_64-bootstrap/root_cache/
DEBUG file_util.py:17:  ensuring that dir exists: /var/cache/mock/xCAT-genesis-base-opensuse-leap-15.6-x86_64-bootstrap/yum_cache
DEBUG file_util.py:17:  ensuring that dir exists: /var/cache/mock/xCAT-genesis-base-opensuse-leap-15.6-x86_64-bootstrap/dnf_cache
DEBUG buildroot.py:760:  create skeleton dirs
DEBUG file_util.py:17:  ensuring that dir exists: /var/lib/mock/xCAT-genesis-base-opensuse-leap-15.6-x86_64-bootstrap/root/var/lib/rpm
DEBUG file_util.py:17:  ensuring that dir exists: /var/lib/mock/xCAT-genesis-base-opensuse-leap-15.6-x86_64-bootstrap/root/var/lib/yum
DEBUG file_util.py:17:  ensuring that dir exists: /var/lib/mock/xCAT-genesis-base-opensuse-leap-15.6-x86_64-bootstrap/root/var/lib/dbus
DEBUG file_util.py:17:  ensuring that dir exists: /var/lib/mock/xCAT-genesis-base-opensuse-leap-15.6-x86_64-bootstrap/root/var/log
DEBUG file_util.py:17:  ensuring that dir exists: /var/lib/mock/xCAT-genesis-base-opensuse-leap-15.6-x86_64-bootstrap/root/var/cache/dnf
DEBUG file_util.py:17:  ensuring that dir exists: /var/lib/mock/xCAT-genesis-base-opensuse-leap-15.6-x86_64-bootstrap/root/var/cache/yum
DEBUG file_util.py:17:  ensuring that dir exists: /var/lib/mock/xCAT-genesis-base-opensuse-leap-15.6-x86_64-bootstrap/root/etc/rpm
DEBUG file_util.py:17:  ensuring that dir exists: /var/lib/mock/xCAT-genesis-base-opensuse-leap-15.6-x86_64-bootstrap/root/tmp
DEBUG file_util.py:17:  ensuring that dir exists: /var/lib/mock/xCAT-genesis-base-opensuse-leap-15.6-x86_64-bootstrap/root/tmp/ccache
DEBUG file_util.py:17:  ensuring that dir exists: /var/lib/mock/xCAT-genesis-base-opensuse-leap-15.6-x86_64-bootstrap/root/var/tmp
DEBUG file_util.py:17:  ensuring that dir exists: /var/lib/mock/xCAT-genesis-base-opensuse-leap-15.6-x86_64-bootstrap/root/etc/dnf
DEBUG file_util.py:17:  ensuring that dir exists: /var/lib/mock/xCAT-genesis-base-opensuse-leap-15.6-x86_64-bootstrap/root/etc/dnf/vars
DEBUG file_util.py:17:  ensuring that dir exists: /var/lib/mock/xCAT-genesis-base-opensuse-leap-15.6-x86_64-bootstrap/root/etc/yum.repos.d
DEBUG file_util.py:20:  created dir: /var/lib/mock/xCAT-genesis-base-opensuse-leap-15.6-x86_64-bootstrap/root/etc/yum.repos.d
DEBUG file_util.py:17:  ensuring that dir exists: /var/lib/mock/xCAT-genesis-base-opensuse-leap-15.6-x86_64-bootstrap/root/etc/yum
DEBUG file_util.py:17:  ensuring that dir exists: /var/lib/mock/xCAT-genesis-base-opensuse-leap-15.6-x86_64-bootstrap/root/proc
DEBUG file_util.py:17:  ensuring that dir exists: /var/lib/mock/xCAT-genesis-base-opensuse-leap-15.6-x86_64-bootstrap/root/sys
DEBUG file_util.py:17:  ensuring that dir exists: /var/lib/mock/xCAT-genesis-base-opensuse-leap-15.6-x86_64-bootstrap/root/run/lock
DEBUG file_util.py:17:  ensuring that dir exists: /var/lib/mock/xCAT-genesis-base-opensuse-leap-15.6-x86_64-bootstrap/root/dev/pts
DEBUG file_util.py:17:  ensuring that dir exists: /var/lib/mock/xCAT-genesis-base-opensuse-leap-15.6-x86_64-bootstrap/root/dev/shm
DEBUG file_util.py:17:  ensuring that dir exists: /var/lib/mock/xCAT-genesis-base-opensuse-leap-15.6-x86_64-bootstrap/root/dev/mapper
DEBUG file_util.py:20:  created dir: /var/lib/mock/xCAT-genesis-base-opensuse-leap-15.6-x86_64-bootstrap/root/dev/mapper
DEBUG buildroot.py:904:  kernel version == 6.12.0-211.7.3.el10_2.x86_64
DEBUG file_util.py:29:  touching file: /var/lib/mock/xCAT-genesis-base-opensuse-leap-15.6-x86_64-bootstrap/root/etc/fstab
DEBUG file_util.py:29:  touching file: /var/lib/mock/xCAT-genesis-base-opensuse-leap-15.6-x86_64-bootstrap/root/etc/yum/yum.conf
DEBUG file_util.py:29:  touching file: /var/lib/mock/xCAT-genesis-base-opensuse-leap-15.6-x86_64-bootstrap/root/etc/dnf/dnf.conf
DEBUG file_util.py:29:  touching file: /var/lib/mock/xCAT-genesis-base-opensuse-leap-15.6-x86_64-bootstrap/root/var/log/yum.log
DEBUG buildroot.py:335:  rootdir = /var/lib/mock/xCAT-genesis-base-opensuse-leap-15.6-x86_64-bootstrap/root
DEBUG buildroot.py:336:  resultdir = /var/lib/mock/xCAT-genesis-base-opensuse-leap-15.6-x86_64-bootstrap/results
DEBUG package_manager.py:64:  searching for 'dnf4' package manager or alternatives
INFO buildroot.py:183:  Package manager dnf4 detected and used (fallback)
DEBUG file_util.py:17:  ensuring that dir exists: /var/lib/mock/xCAT-genesis-base-opensuse-leap-15.6-x86_64-bootstrap/root/etc/pki/mock
DEBUG package_manager.py:406:  copying CA trust dir into chroot: /etc/pki/ca-trust => /etc/pki/ca-trust
DEBUG file_util.py:191:  Updating files in /var/lib/mock/xCAT-genesis-base-opensuse-leap-15.6-x86_64-bootstrap/root/etc/pki/ca-trust with files from /etc/pki/ca-trust
DEBUG file_util.py:17:  ensuring that dir exists: /var/lib/mock/xCAT-genesis-base-opensuse-leap-15.6-x86_64-bootstrap/root/etc/pki/ca-trust
DEBUG file_util.py:17:  ensuring that dir exists: /var/lib/mock/xCAT-genesis-base-opensuse-leap-15.6-x86_64-bootstrap/root/etc/pki/ca-trust/./extracted
DEBUG file_util.py:17:  ensuring that dir exists: /var/lib/mock/xCAT-genesis-base-opensuse-leap-15.6-x86_64-bootstrap/root/etc/pki/ca-trust/./source
DEBUG file_util.py:17:  ensuring that dir exists: /var/lib/mock/xCAT-genesis-base-opensuse-leap-15.6-x86_64-bootstrap/root/etc/pki/ca-trust/extracted/edk2
DEBUG file_util.py:17:  ensuring that dir exists: /var/lib/mock/xCAT-genesis-base-opensuse-leap-15.6-x86_64-bootstrap/root/etc/pki/ca-trust/extracted/java
DEBUG file_util.py:17:  ensuring that dir exists: /var/lib/mock/xCAT-genesis-base-opensuse-leap-15.6-x86_64-bootstrap/root/etc/pki/ca-trust/extracted/openssl
DEBUG file_util.py:17:  ensuring that dir exists: /var/lib/mock/xCAT-genesis-base-opensuse-leap-15.6-x86_64-bootstrap/root/etc/pki/ca-trust/extracted/pem
DEBUG file_util.py:17:  ensuring that dir exists: /var/lib/mock/xCAT-genesis-base-opensuse-leap-15.6-x86_64-bootstrap/root/etc/pki/ca-trust/extracted/pem/directory-hash
DEBUG file_util.py:17:  ensuring that dir exists: /var/lib/mock/xCAT-genesis-base-opensuse-leap-15.6-x86_64-bootstrap/root/etc/pki/ca-trust/source/anchors
DEBUG file_util.py:17:  ensuring that dir exists: /var/lib/mock/xCAT-genesis-base-opensuse-leap-15.6-x86_64-bootstrap/root/etc/pki/ca-trust/source/blocklist
DEBUG package_manager.py:406:  copying CA trust dir into chroot: /usr/share/pki/ca-trust-source => /usr/share/pki/ca-trust-source
DEBUG file_util.py:191:  Updating files in /var/lib/mock/xCAT-genesis-base-opensuse-leap-15.6-x86_64-bootstrap/root/usr/share/pki/ca-trust-source with files from /usr/share/pki/ca-trust-source
DEBUG file_util.py:17:  ensuring that dir exists: /var/lib/mock/xCAT-genesis-base-opensuse-leap-15.6-x86_64-bootstrap/root/usr/share/pki/ca-trust-source
DEBUG file_util.py:17:  ensuring that dir exists: /var/lib/mock/xCAT-genesis-base-opensuse-leap-15.6-x86_64-bootstrap/root/usr/share/pki/ca-trust-source/./anchors
DEBUG file_util.py:17:  ensuring that dir exists: /var/lib/mock/xCAT-genesis-base-opensuse-leap-15.6-x86_64-bootstrap/root/usr/share/pki/ca-trust-source/./blocklist
DEBUG package_manager.py:412:  copying CA bundle into chroot
DEBUG file_util.py:17:  ensuring that dir exists: /var/lib/mock/xCAT-genesis-base-opensuse-leap-15.6-x86_64-bootstrap/root/var/lib/ca-certificates
DEBUG file_util.py:17:  ensuring that dir exists: /var/lib/mock/xCAT-genesis-base-opensuse-leap-15.6-x86_64-bootstrap/root/usr/share
DEBUG package_manager.py:390:  Copying /usr/share/distribution-gpg-keys to the bootstrap chroot
DEBUG util.py:717:  child environment: None
DEBUG util.py:636:  Executing command: ['cp', '-a', '/usr/share/distribution-gpg-keys', '/var/lib/mock/xCAT-genesis-base-opensuse-leap-15.6-x86_64-bootstrap/root/usr/share'] with env {'TERM': 'vt100', 'SHELL': '/bin/sh', 'HOME': '/builddir', 'HOSTNAME': 'mock', 'PATH': '/usr/bin:/bin:/usr/sbin:/sbin', 'LANG': 'C.UTF-8'} and shell False
DEBUG util.py:688:  Child return code was: 0
DEBUG file_util.py:17:  ensuring that dir exists: /var/lib/mock/xCAT-genesis-base-opensuse-leap-15.6-x86_64-bootstrap/root/etc/dnf
DEBUG package_manager.py:693:  configure DNF vars
DEBUG file_util.py:17:  ensuring that dir exists: /var/lib/mock/xCAT-genesis-base-opensuse-leap-15.6-x86_64-bootstrap/root/var/cache/yum
DEBUG util.py:717:  child environment: None
DEBUG util.py:636:  Executing command: ['/bin/mount', '-n', '-o', 'bind', '/var/cache/mock/xCAT-genesis-base-opensuse-leap-15.6-x86_64-bootstrap/yum_cache', '/var/lib/mock/xCAT-genesis-base-opensuse-leap-15.6-x86_64-bootstrap/root/var/cache/yum'] with env {'TERM': 'vt100', 'SHELL': '/bin/sh', 'HOME': '/builddir', 'HOSTNAME': 'mock', 'PATH': '/usr/bin:/bin:/usr/sbin:/sbin', 'LANG': 'C.UTF-8'} and shell False
DEBUG util.py:688:  Child return code was: 0
DEBUG file_util.py:17:  ensuring that dir exists: /var/lib/mock/xCAT-genesis-base-opensuse-leap-15.6-x86_64-bootstrap/root/var/cache/dnf
DEBUG util.py:717:  child environment: None
DEBUG util.py:636:  Executing command: ['/bin/mount', '-n', '-o', 'bind', '/var/cache/mock/xCAT-genesis-base-opensuse-leap-15.6-x86_64-bootstrap/dnf_cache', '/var/lib/mock/xCAT-genesis-base-opensuse-leap-15.6-x86_64-bootstrap/root/var/cache/dnf'] with env {'TERM': 'vt100', 'SHELL': '/bin/sh', 'HOME': '/builddir', 'HOSTNAME': 'mock', 'PATH': '/usr/bin:/bin:/usr/sbin:/sbin', 'LANG': 'C.UTF-8'} and shell False
DEBUG util.py:688:  Child return code was: 0
DEBUG file_util.py:17:  ensuring that dir exists: /var/lib/mock/xCAT-genesis-base-opensuse-leap-15.6-x86_64-bootstrap/root/etc
DEBUG file_util.py:17:  ensuring that dir exists: /var/lib/mock/xCAT-genesis-base-opensuse-leap-15.6-x86_64-bootstrap/root/etc
DEBUG buildroot.py:39:  method _cleanup_homedir skipped in bootstrap
DEBUG buildroot.py:39:  method _setup_build_dirs skipped in bootstrap
DEBUG buildroot.py:39:  method _make_users skipped in bootstrap
DEBUG file_util.py:29:  touching file: /var/lib/mock/xCAT-genesis-base-opensuse-leap-15.6-x86_64-bootstrap/root/.initialized
DEBUG file_util.py:17:  ensuring that dir exists: /var/lib/mock/xCAT-genesis-base-opensuse-leap-15.6-x86_64
DEBUG file_util.py:17:  ensuring that dir exists: /var/lib/mock/xCAT-genesis-base-opensuse-leap-15.6-x86_64/root
DEBUG file_util.py:17:  ensuring that dir exists: dist/opensuse-leap-15.6-x86_64/rpms/SRPMS/
INFO buildroot.py:321:  calling preinit hooks
DEBUG file_util.py:17:  ensuring that dir exists: /var/cache/mock/xCAT-genesis-base-opensuse-leap-15.6-x86_64/root_cache/
DEBUG file_util.py:17:  ensuring that dir exists: /var/lib/mock/xCAT-genesis-base-opensuse-leap-15.6-x86_64/root
DEBUG util.py:717:  child environment: None
DEBUG util.py:636:  Executing command: ['/bin/tar', '--use-compress-program', 'pigz', '-xf', '/var/cache/mock/xCAT-genesis-base-opensuse-leap-15.6-x86_64/root_cache/cache.tar.gz', '-C', '/var/lib/mock/xCAT-genesis-base-opensuse-leap-15.6-x86_64/root'] with env {'TERM': 'vt100', 'SHELL': '/bin/sh', 'HOME': '/builddir', 'HOSTNAME': 'mock', 'PATH': '/usr/bin:/bin:/usr/sbin:/sbin', 'LANG': 'C.UTF-8'} and shell False
DEBUG util.py:688:  Child return code was: 0
DEBUG file_util.py:17:  ensuring that dir exists: /var/lib/mock/xCAT-genesis-base-opensuse-leap-15.6-x86_64/root/./proc
DEBUG file_util.py:20:  created dir: /var/lib/mock/xCAT-genesis-base-opensuse-leap-15.6-x86_64/root/./proc
DEBUG file_util.py:17:  ensuring that dir exists: /var/lib/mock/xCAT-genesis-base-opensuse-leap-15.6-x86_64/root/./sys
DEBUG file_util.py:20:  created dir: /var/lib/mock/xCAT-genesis-base-opensuse-leap-15.6-x86_64/root/./sys
DEBUG file_util.py:17:  ensuring that dir exists: /var/lib/mock/xCAT-genesis-base-opensuse-leap-15.6-x86_64/root/./dev
DEBUG file_util.py:20:  created dir: /var/lib/mock/xCAT-genesis-base-opensuse-leap-15.6-x86_64/root/./dev
DEBUG file_util.py:17:  ensuring that dir exists: /var/lib/mock/xCAT-genesis-base-opensuse-leap-15.6-x86_64/root/./tmp/ccache
DEBUG file_util.py:20:  created dir: /var/lib/mock/xCAT-genesis-base-opensuse-leap-15.6-x86_64/root/./tmp/ccache
DEBUG file_util.py:17:  ensuring that dir exists: /var/lib/mock/xCAT-genesis-base-opensuse-leap-15.6-x86_64/root/./var/cache/yum
DEBUG file_util.py:20:  created dir: /var/lib/mock/xCAT-genesis-base-opensuse-leap-15.6-x86_64/root/./var/cache/yum
DEBUG file_util.py:17:  ensuring that dir exists: /var/lib/mock/xCAT-genesis-base-opensuse-leap-15.6-x86_64/root/./var/cache/dnf
DEBUG file_util.py:20:  created dir: /var/lib/mock/xCAT-genesis-base-opensuse-leap-15.6-x86_64/root/./var/cache/dnf
DEBUG file_util.py:17:  ensuring that dir exists: /var/lib/mock/xCAT-genesis-base-opensuse-leap-15.6-x86_64/root/./var/log
DEBUG file_util.py:20:  created dir: /var/lib/mock/xCAT-genesis-base-opensuse-leap-15.6-x86_64/root/./var/log
DEBUG file_util.py:17:  ensuring that dir exists: /var/cache/mock/xCAT-genesis-base-opensuse-leap-15.6-x86_64/yum_cache
DEBUG file_util.py:17:  ensuring that dir exists: /var/cache/mock/xCAT-genesis-base-opensuse-leap-15.6-x86_64/dnf_cache
DEBUG util.py:717:  child environment: None
DEBUG util.py:636:  Executing command: ['/usr/bin/lscpu'] with env {'TERM': 'vt100', 'SHELL': '/bin/sh', 'HOME': '/builddir', 'HOSTNAME': 'mock', 'PATH': '/usr/bin:/bin:/usr/sbin:/sbin', 'LANG': 'C.UTF-8'} and shell False
DEBUG util.py:537:  Architecture:                            x86_64
DEBUG util.py:537:  CPU op-mode(s):                          32-bit, 64-bit
DEBUG util.py:537:  Address sizes:                           48 bits physical, 48 bits virtual
DEBUG util.py:537:  Byte Order:                              Little Endian
DEBUG util.py:537:  CPU(s):                                  8
DEBUG util.py:537:  On-line CPU(s) list:                     0-7
DEBUG util.py:537:  Vendor ID:                               AuthenticAMD
DEBUG util.py:537:  BIOS Vendor ID:                          Red Hat
DEBUG util.py:537:  Model name:                              AMD EPYC 7H12 64-Core Processor
DEBUG util.py:537:  BIOS Model name:                         RHEL-10.0.0 PC (Q35 + ICH9, 2009)  CPU @ 2.0GHz
DEBUG util.py:537:  BIOS CPU family:                         1
DEBUG util.py:537:  CPU family:                              23
DEBUG util.py:537:  Model:                                   49
DEBUG util.py:537:  Thread(s) per core:                      1
DEBUG util.py:537:  Core(s) per socket:                      1
DEBUG util.py:537:  Socket(s):                               8
DEBUG util.py:537:  Stepping:                                0
DEBUG util.py:537:  BogoMIPS:                                5190.24
DEBUG util.py:537:  Flags:                                   fpu vme de pse tsc msr pae mce cx8 apic sep mtrr pge mca cmov pat pse36 clflush mmx fxsr sse sse2 syscall nx mmxext fxsr_opt pdpe1gb rdtscp lm rep_good nopl cpuid extd_apicid tsc_known_freq pni pclmulqdq ssse3 fma cx16 sse4_1 sse4_2 x2apic movbe popcnt tsc_deadline_timer aes xsave avx f16c rdrand hypervisor lahf_lm cmp_legacy svm cr8_legacy abm sse4a misalignsse 3dnowprefetch osvw perfctr_core ssbd ibrs ibpb stibp vmmcall fsgsbase tsc_adjust bmi1 avx2 smep bmi2 rdseed adx smap clflushopt clwb sha_ni xsaveopt xsavec xgetbv1 xsaves clzero xsaveerptr wbnoinvd arat npt lbrv nrip_save tsc_scale vmcb_clean flushbyasid pausefilter pfthreshold v_vmsave_vmload vgif umip rdpid overflow_recov succor arch_capabilities
DEBUG util.py:537:  Virtualization:                          AMD-V
DEBUG util.py:537:  Hypervisor vendor:                       KVM
DEBUG util.py:537:  Virtualization type:                     full
DEBUG util.py:537:  L1d cache:                               512 KiB (8 instances)
DEBUG util.py:537:  L1i cache:                               512 KiB (8 instances)
DEBUG util.py:537:  L2 cache:                                4 MiB (8 instances)
DEBUG util.py:537:  L3 cache:                                128 MiB (8 instances)
DEBUG util.py:537:  NUMA node(s):                            1
DEBUG util.py:537:  NUMA node0 CPU(s):                       0-7
DEBUG util.py:537:  Vulnerability Gather data sampling:      Not affected
DEBUG util.py:537:  Vulnerability Indirect target selection: Not affected
DEBUG util.py:537:  Vulnerability Itlb multihit:             Not affected
DEBUG util.py:537:  Vulnerability L1tf:                      Not affected
DEBUG util.py:537:  Vulnerability Mds:                       Not affected
DEBUG util.py:537:  Vulnerability Meltdown:                  Not affected
DEBUG util.py:537:  Vulnerability Mmio stale data:           Not affected
DEBUG util.py:537:  Vulnerability Old microcode:             Not affected
DEBUG util.py:537:  Vulnerability Reg file data sampling:    Not affected
DEBUG util.py:537:  Vulnerability Retbleed:                  Mitigation; untrained return thunk; SMT disabled
DEBUG util.py:537:  Vulnerability Spec rstack overflow:      Mitigation; SMT disabled
DEBUG util.py:537:  Vulnerability Spec store bypass:         Mitigation; Speculative Store Bypass disabled via prctl
DEBUG util.py:537:  Vulnerability Spectre v1:                Mitigation; usercopy/swapgs barriers and __user pointer sanitization
DEBUG util.py:537:  Vulnerability Spectre v2:                Mitigation; Retpolines; IBPB conditional; STIBP disabled; RSB filling; PBRSB-eIBRS Not affected; BHI Not affected
DEBUG util.py:537:  Vulnerability Srbds:                     Not affected
DEBUG util.py:537:  Vulnerability Tsa:                       Not affected
DEBUG util.py:537:  Vulnerability Tsx async abort:           Not affected
DEBUG util.py:537:  Vulnerability Vmscape:                   Not affected
DEBUG util.py:688:  Child return code was: 0
DEBUG util.py:717:  child environment: None
DEBUG util.py:636:  Executing command: ['/bin/free', '--human'] with env {'TERM': 'vt100', 'SHELL': '/bin/sh', 'HOME': '/builddir', 'HOSTNAME': 'mock', 'PATH': '/usr/bin:/bin:/usr/sbin:/sbin', 'LANG': 'C.UTF-8'} and shell False
DEBUG util.py:537:                 total        used        free      shared  buff/cache   available
DEBUG util.py:537:  Mem:            15Gi       3.2Gi       2.9Gi       141Mi        10Gi        12Gi
DEBUG util.py:537:  Swap:             0B          0B          0B
DEBUG util.py:688:  Child return code was: 0
DEBUG util.py:717:  child environment: None
DEBUG util.py:636:  Executing command: ['/bin/df', '-H', '-T', '/var/lib/mock/xCAT-genesis-base-opensuse-leap-15.6-x86_64/root', '/var/cache/mock'] with env {'TERM': 'vt100', 'SHELL': '/bin/sh', 'HOME': '/builddir', 'HOSTNAME': 'mock', 'PATH': '/usr/bin:/bin:/usr/sbin:/sbin', 'LANG': 'C.UTF-8'} and shell False
DEBUG util.py:537:  Filesystem     Type  Size  Used Avail Use% Mounted on
DEBUG util.py:537:  /dev/vda4      xfs   216G  154G   62G  72% /
DEBUG util.py:537:  /dev/vda4      xfs   216G  154G   62G  72% /
DEBUG util.py:688:  Child return code was: 0
DEBUG buildroot.py:760:  create skeleton dirs
DEBUG file_util.py:17:  ensuring that dir exists: /var/lib/mock/xCAT-genesis-base-opensuse-leap-15.6-x86_64/root/var/lib/rpm
DEBUG file_util.py:17:  ensuring that dir exists: /var/lib/mock/xCAT-genesis-base-opensuse-leap-15.6-x86_64/root/var/lib/yum
DEBUG file_util.py:17:  ensuring that dir exists: /var/lib/mock/xCAT-genesis-base-opensuse-leap-15.6-x86_64/root/var/lib/dbus
DEBUG file_util.py:17:  ensuring that dir exists: /var/lib/mock/xCAT-genesis-base-opensuse-leap-15.6-x86_64/root/var/log
DEBUG file_util.py:17:  ensuring that dir exists: /var/lib/mock/xCAT-genesis-base-opensuse-leap-15.6-x86_64/root/var/cache/dnf
DEBUG file_util.py:17:  ensuring that dir exists: /var/lib/mock/xCAT-genesis-base-opensuse-leap-15.6-x86_64/root/var/cache/yum
DEBUG file_util.py:17:  ensuring that dir exists: /var/lib/mock/xCAT-genesis-base-opensuse-leap-15.6-x86_64/root/etc/rpm
DEBUG file_util.py:17:  ensuring that dir exists: /var/lib/mock/xCAT-genesis-base-opensuse-leap-15.6-x86_64/root/tmp
DEBUG file_util.py:17:  ensuring that dir exists: /var/lib/mock/xCAT-genesis-base-opensuse-leap-15.6-x86_64/root/tmp/ccache
DEBUG file_util.py:17:  ensuring that dir exists: /var/lib/mock/xCAT-genesis-base-opensuse-leap-15.6-x86_64/root/var/tmp
DEBUG file_util.py:17:  ensuring that dir exists: /var/lib/mock/xCAT-genesis-base-opensuse-leap-15.6-x86_64/root/etc/dnf
DEBUG file_util.py:17:  ensuring that dir exists: /var/lib/mock/xCAT-genesis-base-opensuse-leap-15.6-x86_64/root/etc/dnf/vars
DEBUG file_util.py:17:  ensuring that dir exists: /var/lib/mock/xCAT-genesis-base-opensuse-leap-15.6-x86_64/root/etc/yum.repos.d
DEBUG file_util.py:20:  created dir: /var/lib/mock/xCAT-genesis-base-opensuse-leap-15.6-x86_64/root/etc/yum.repos.d
DEBUG file_util.py:17:  ensuring that dir exists: /var/lib/mock/xCAT-genesis-base-opensuse-leap-15.6-x86_64/root/etc/yum
DEBUG file_util.py:17:  ensuring that dir exists: /var/lib/mock/xCAT-genesis-base-opensuse-leap-15.6-x86_64/root/proc
DEBUG file_util.py:17:  ensuring that dir exists: /var/lib/mock/xCAT-genesis-base-opensuse-leap-15.6-x86_64/root/sys
DEBUG file_util.py:17:  ensuring that dir exists: /var/lib/mock/xCAT-genesis-base-opensuse-leap-15.6-x86_64/root/run/lock
DEBUG file_util.py:17:  ensuring that dir exists: /var/lib/mock/xCAT-genesis-base-opensuse-leap-15.6-x86_64/root/dev/pts
DEBUG file_util.py:20:  created dir: /var/lib/mock/xCAT-genesis-base-opensuse-leap-15.6-x86_64/root/dev/pts
DEBUG file_util.py:17:  ensuring that dir exists: /var/lib/mock/xCAT-genesis-base-opensuse-leap-15.6-x86_64/root/dev/shm
DEBUG file_util.py:20:  created dir: /var/lib/mock/xCAT-genesis-base-opensuse-leap-15.6-x86_64/root/dev/shm
DEBUG file_util.py:17:  ensuring that dir exists: /var/lib/mock/xCAT-genesis-base-opensuse-leap-15.6-x86_64/root/dev/mapper
DEBUG file_util.py:20:  created dir: /var/lib/mock/xCAT-genesis-base-opensuse-leap-15.6-x86_64/root/dev/mapper
DEBUG buildroot.py:904:  kernel version == 6.12.0-211.7.3.el10_2.x86_64
DEBUG file_util.py:29:  touching file: /var/lib/mock/xCAT-genesis-base-opensuse-leap-15.6-x86_64/root/etc/fstab
DEBUG file_util.py:29:  touching file: /var/lib/mock/xCAT-genesis-base-opensuse-leap-15.6-x86_64/root/etc/yum/yum.conf
DEBUG file_util.py:29:  touching file: /var/lib/mock/xCAT-genesis-base-opensuse-leap-15.6-x86_64/root/etc/dnf/dnf.conf
DEBUG file_util.py:29:  touching file: /var/lib/mock/xCAT-genesis-base-opensuse-leap-15.6-x86_64/root/var/log/yum.log
DEBUG buildroot.py:335:  rootdir = /var/lib/mock/xCAT-genesis-base-opensuse-leap-15.6-x86_64/root
DEBUG buildroot.py:336:  resultdir = dist/opensuse-leap-15.6-x86_64/rpms/SRPMS/
INFO buildroot.py:183:  Package manager dnf4 detected and used (direct choice)
DEBUG file_util.py:17:  ensuring that dir exists: /var/lib/mock/xCAT-genesis-base-opensuse-leap-15.6-x86_64/root/etc/pki/mock
DEBUG package_manager.py:406:  copying CA trust dir into chroot: /etc/pki/ca-trust => /etc/pki/ca-trust
DEBUG file_util.py:191:  Updating files in /var/lib/mock/xCAT-genesis-base-opensuse-leap-15.6-x86_64/root/etc/pki/ca-trust with files from /etc/pki/ca-trust
DEBUG file_util.py:17:  ensuring that dir exists: /var/lib/mock/xCAT-genesis-base-opensuse-leap-15.6-x86_64/root/etc/pki/ca-trust
DEBUG file_util.py:17:  ensuring that dir exists: /var/lib/mock/xCAT-genesis-base-opensuse-leap-15.6-x86_64/root/etc/pki/ca-trust/./extracted
DEBUG file_util.py:17:  ensuring that dir exists: /var/lib/mock/xCAT-genesis-base-opensuse-leap-15.6-x86_64/root/etc/pki/ca-trust/./source
DEBUG file_util.py:17:  ensuring that dir exists: /var/lib/mock/xCAT-genesis-base-opensuse-leap-15.6-x86_64/root/etc/pki/ca-trust/extracted/edk2
DEBUG file_util.py:17:  ensuring that dir exists: /var/lib/mock/xCAT-genesis-base-opensuse-leap-15.6-x86_64/root/etc/pki/ca-trust/extracted/java
DEBUG file_util.py:17:  ensuring that dir exists: /var/lib/mock/xCAT-genesis-base-opensuse-leap-15.6-x86_64/root/etc/pki/ca-trust/extracted/openssl
DEBUG file_util.py:17:  ensuring that dir exists: /var/lib/mock/xCAT-genesis-base-opensuse-leap-15.6-x86_64/root/etc/pki/ca-trust/extracted/pem
DEBUG file_util.py:17:  ensuring that dir exists: /var/lib/mock/xCAT-genesis-base-opensuse-leap-15.6-x86_64/root/etc/pki/ca-trust/extracted/pem/directory-hash
DEBUG file_util.py:17:  ensuring that dir exists: /var/lib/mock/xCAT-genesis-base-opensuse-leap-15.6-x86_64/root/etc/pki/ca-trust/source/anchors
DEBUG file_util.py:17:  ensuring that dir exists: /var/lib/mock/xCAT-genesis-base-opensuse-leap-15.6-x86_64/root/etc/pki/ca-trust/source/blocklist
DEBUG package_manager.py:406:  copying CA trust dir into chroot: /usr/share/pki/ca-trust-source => /usr/share/pki/ca-trust-source
DEBUG file_util.py:191:  Updating files in /var/lib/mock/xCAT-genesis-base-opensuse-leap-15.6-x86_64/root/usr/share/pki/ca-trust-source with files from /usr/share/pki/ca-trust-source
DEBUG file_util.py:17:  ensuring that dir exists: /var/lib/mock/xCAT-genesis-base-opensuse-leap-15.6-x86_64/root/usr/share/pki/ca-trust-source
DEBUG file_util.py:17:  ensuring that dir exists: /var/lib/mock/xCAT-genesis-base-opensuse-leap-15.6-x86_64/root/usr/share/pki/ca-trust-source/./anchors
DEBUG file_util.py:17:  ensuring that dir exists: /var/lib/mock/xCAT-genesis-base-opensuse-leap-15.6-x86_64/root/usr/share/pki/ca-trust-source/./blocklist
DEBUG package_manager.py:412:  copying CA bundle into chroot
DEBUG file_util.py:17:  ensuring that dir exists: /var/lib/mock/xCAT-genesis-base-opensuse-leap-15.6-x86_64/root/var/lib/ca-certificates
DEBUG file_util.py:17:  ensuring that dir exists: /var/lib/mock/xCAT-genesis-base-opensuse-leap-15.6-x86_64/root/etc/dnf
DEBUG package_manager.py:693:  configure DNF vars
DEBUG file_util.py:17:  ensuring that dir exists: /var/lib/mock/xCAT-genesis-base-opensuse-leap-15.6-x86_64/root/var/cache/yum
DEBUG util.py:717:  child environment: None
DEBUG util.py:636:  Executing command: ['/bin/mount', '-n', '-o', 'bind', '/var/cache/mock/xCAT-genesis-base-opensuse-leap-15.6-x86_64/yum_cache', '/var/lib/mock/xCAT-genesis-base-opensuse-leap-15.6-x86_64/root/var/cache/yum'] with env {'TERM': 'vt100', 'SHELL': '/bin/sh', 'HOME': '/builddir', 'HOSTNAME': 'mock', 'PATH': '/usr/bin:/bin:/usr/sbin:/sbin', 'LANG': 'C.UTF-8'} and shell False
DEBUG util.py:688:  Child return code was: 0
DEBUG file_util.py:17:  ensuring that dir exists: /var/lib/mock/xCAT-genesis-base-opensuse-leap-15.6-x86_64/root/var/cache/dnf
DEBUG util.py:717:  child environment: None
DEBUG util.py:636:  Executing command: ['/bin/mount', '-n', '-o', 'bind', '/var/cache/mock/xCAT-genesis-base-opensuse-leap-15.6-x86_64/dnf_cache', '/var/lib/mock/xCAT-genesis-base-opensuse-leap-15.6-x86_64/root/var/cache/dnf'] with env {'TERM': 'vt100', 'SHELL': '/bin/sh', 'HOME': '/builddir', 'HOSTNAME': 'mock', 'PATH': '/usr/bin:/bin:/usr/sbin:/sbin', 'LANG': 'C.UTF-8'} and shell False
DEBUG util.py:688:  Child return code was: 0
DEBUG file_util.py:29:  touching file: /var/lib/mock/xCAT-genesis-base-opensuse-leap-15.6-x86_64/root/etc/resolv.conf
DEBUG util.py:717:  child environment: None
DEBUG util.py:631:  Using nspawn with args None
DEBUG util.py:636:  Executing command: ['/usr/bin/systemd-nspawn', '-q', '-M', 'a4146ad3f2724c1ab124cef99ab45400', '-D', '/var/lib/mock/xCAT-genesis-base-opensuse-leap-15.6-x86_64-bootstrap/root', '-a', '--console=pipe', '--setenv=TERM=vt100', '--setenv=SHELL=/bin/sh', '--setenv=HOME=/builddir', '--setenv=HOSTNAME=mock', '--setenv=PATH=/usr/bin:/bin:/usr/sbin:/sbin', '--setenv=LANG=C.UTF-8', 'rpm', '-q', 'rpm', 'rpm-sequoia', 'python3-dnf', 'python3-dnf-plugins-core', 'yum', 'yum-utils', 'dnf5', 'dnf5-plugins'] with env {'TERM': 'vt100', 'SHELL': '/bin/sh', 'HOME': '/builddir', 'HOSTNAME': 'mock', 'PATH': '/usr/bin:/bin:/usr/sbin:/sbin', 'LANG': 'C.UTF-8', 'SYSTEMD_NSPAWN_TMPFS_TMP': '0', 'SYSTEMD_SECCOMP': '0'} and shell False
DEBUG util.py:537:  rpm-4.14.3-150400.59.16.1.x86_64
DEBUG util.py:537:  package rpm-sequoia is not installed
DEBUG util.py:537:  python3-dnf-4.10.0-bp156.4.2.noarch
DEBUG util.py:537:  python3-dnf-plugins-core-4.0.24-bp156.3.1.noarch
DEBUG util.py:537:  package yum is not installed
DEBUG util.py:537:  package yum-utils is not installed
DEBUG util.py:537:  package dnf5 is not installed
DEBUG util.py:537:  package dnf5-plugins is not installed
DEBUG util.py:688:  Child return code was: 5
INFO package_manager.py:202:  Buildroot is handled by package management downloaded with a bootstrap image:
  rpm-4.14.3-150400.59.16.1.x86_64
  python3-dnf-4.10.0-bp156.4.2.noarch
  python3-dnf-plugins-core-4.0.24-bp156.3.1.noarch
DEBUG file_util.py:17:  ensuring that dir exists: /var/lib/mock/xCAT-genesis-base-opensuse-leap-15.6-x86_64-bootstrap/root/var/lib/mock/xCAT-genesis-base-opensuse-leap-15.6-x86_64/root
DEBUG util.py:717:  child environment: None
DEBUG util.py:636:  Executing command: ['/bin/mount', '-n', '-t', 'tmpfs', '-o', 'private,mode=0755', 'tmpfs', '/var/lib/mock/xCAT-genesis-base-opensuse-leap-15.6-x86_64-bootstrap/root/var/lib/mock/xCAT-genesis-base-opensuse-leap-15.6-x86_64/root'] with env {'TERM': 'vt100', 'SHELL': '/bin/sh', 'HOME': '/builddir', 'HOSTNAME': 'mock', 'PATH': '/usr/bin:/bin:/usr/sbin:/sbin', 'LANG': 'C.UTF-8'} and shell False
DEBUG util.py:688:  Child return code was: 0
DEBUG file_util.py:17:  ensuring that dir exists: /var/lib/mock/xCAT-genesis-base-opensuse-leap-15.6-x86_64-bootstrap/root/var/lib/mock/xCAT-genesis-base-opensuse-leap-15.6-x86_64/root
DEBUG util.py:717:  child environment: None
DEBUG util.py:636:  Executing command: ['/bin/mount', '-n', '-o', 'rbind', '/var/lib/mock/xCAT-genesis-base-opensuse-leap-15.6-x86_64/root', '/var/lib/mock/xCAT-genesis-base-opensuse-leap-15.6-x86_64-bootstrap/root/var/lib/mock/xCAT-genesis-base-opensuse-leap-15.6-x86_64/root'] with env {'TERM': 'vt100', 'SHELL': '/bin/sh', 'HOME': '/builddir', 'HOSTNAME': 'mock', 'PATH': '/usr/bin:/bin:/usr/sbin:/sbin', 'LANG': 'C.UTF-8'} and shell False
DEBUG util.py:688:  Child return code was: 0
DEBUG util.py:717:  child environment: None
DEBUG util.py:636:  Executing command: ['/bin/mount', '-n', '-o', 'remount,private,rbind', '--target', '/var/lib/mock/xCAT-genesis-base-opensuse-leap-15.6-x86_64-bootstrap/root/var/lib/mock/xCAT-genesis-base-opensuse-leap-15.6-x86_64/root'] with env {'TERM': 'vt100', 'SHELL': '/bin/sh', 'HOME': '/builddir', 'HOSTNAME': 'mock', 'PATH': '/usr/bin:/bin:/usr/sbin:/sbin', 'LANG': 'C.UTF-8'} and shell False
DEBUG util.py:688:  Child return code was: 0
DEBUG util.py:717:  child environment: None
DEBUG util.py:631:  Using nspawn with args ['--capability=cap_ipc_lock', '--resolv-conf=off']
DEBUG util.py:636:  Executing command: ['/usr/bin/systemd-nspawn', '-q', '-M', '5cb86c52ac27490182a335432427df7a', '-D', '/var/lib/mock/xCAT-genesis-base-opensuse-leap-15.6-x86_64-bootstrap/root', '-a', '--capability=cap_ipc_lock', '--resolv-conf=off', '--console=pipe', '--setenv=TERM=vt100', '--setenv=SHELL=/bin/bash', '--setenv=HOME=/builddir', '--setenv=HOSTNAME=mock', '--setenv=PATH=/usr/bin:/bin:/usr/sbin:/sbin', '--setenv=PROMPT_COMMAND=printf "\\033]0;<mock-chroot>\\007"', '--setenv=PS1=<mock-chroot> \\s-\\v\\$ ', '--setenv=LANG=C.UTF-8', '--setenv=SOURCE_DATE_EPOCH=1789750463', '/bin/rpm', '-qa', '--root', '/var/lib/mock/xCAT-genesis-base-opensuse-leap-15.6-x86_64/root'] with env {'TERM': 'vt100', 'SHELL': '/bin/bash', 'HOME': '/builddir', 'HOSTNAME': 'mock', 'PATH': '/usr/bin:/bin:/usr/sbin:/sbin', 'PROMPT_COMMAND': 'printf "\\033]0;<mock-chroot>\\007"', 'PS1': '<mock-chroot> \\s-\\v\\$ ', 'LANG': 'C.UTF-8', 'SOURCE_DATE_EPOCH': '1789750463', 'SYSTEMD_NSPAWN_TMPFS_TMP': '0', 'SYSTEMD_SECCOMP': '0'} and shell False
DEBUG util.py:537:  gpg-pubkey-25db7ae0-645bae34
DEBUG util.py:537:  gpg-pubkey-3fa1d6ce-63c9481c
DEBUG util.py:537:  filesystem-15.0-11.8.1.x86_64
DEBUG util.py:537:  boost-license1_66_0-1.66.0-150200.12.7.1.noarch
DEBUG util.py:537:  libssh-config-0.9.8-150600.11.12.1.x86_64
DEBUG util.py:537:  libldap-data-2.4.46-150600.25.3.1.noarch
DEBUG util.py:537:  openSUSE-release-appliance-custom-15.6-lp156.417.4.1.x86_64
DEBUG util.py:537:  libsemanage-conf-3.5-150600.1.48.x86_64
DEBUG util.py:537:  fillup-1.42-2.18.x86_64
DEBUG util.py:537:  bash-4.4-150400.27.6.1.x86_64
DEBUG util.py:537:  terminfo-base-6.1-150000.5.30.1.x86_64
DEBUG util.py:537:  perl-base-5.26.1-150300.17.20.1.x86_64
DEBUG util.py:537:  libz1-1.2.13-150500.4.6.1.x86_64
DEBUG util.py:537:  libstdc++6-15.2.0+git10201-150000.1.9.1.x86_64
DEBUG util.py:537:  libbz2-1-1.0.8-150400.1.122.x86_64
DEBUG util.py:537:  libncurses6-6.1-150000.5.30.1.x86_64
DEBUG util.py:537:  libcap2-2.63-150400.3.3.1.x86_64
DEBUG util.py:537:  libgpg-error0-1.47-150600.1.3.x86_64
DEBUG util.py:537:  libattr1-2.4.47-2.19.x86_64
DEBUG util.py:537:  libmagic1-5.32-7.14.1.x86_64
DEBUG util.py:537:  libpcre2-8-0-10.42-150600.1.26.x86_64
DEBUG util.py:537:  coreutils-8.32-150400.9.9.1.x86_64
DEBUG util.py:537:  info-6.5-4.17.x86_64
DEBUG util.py:537:  libpopt0-1.16-3.22.x86_64
DEBUG util.py:537:  libgcrypt20-1.10.3-150600.3.9.1.x86_64
DEBUG util.py:537:  liblua5_3-5-5.3.6-3.6.1.x86_64
DEBUG util.py:537:  grep-3.1-150000.4.6.1.x86_64
DEBUG util.py:537:  libaudit1-3.0.6-150400.4.16.1.x86_64
DEBUG util.py:537:  libxml2-2-2.10.3-150500.5.38.1.x86_64
DEBUG util.py:537:  findutils-4.8.0-150300.3.3.2.x86_64
DEBUG util.py:537:  libeconf0-0.5.2-150400.3.6.1.x86_64
DEBUG util.py:537:  netcfg-11.6-150000.3.6.1.noarch
DEBUG util.py:537:  libassuan0-2.5.5-150000.4.7.1.x86_64
DEBUG util.py:537:  libudev1-254.27-150600.4.62.1.x86_64
DEBUG util.py:537:  gawk-4.2.1-150000.3.3.1.x86_64
DEBUG util.py:537:  libmpc3-1.1.0-1.47.x86_64
DEBUG util.py:537:  systemd-presets-common-SUSE-15-150600.25.2.noarch
DEBUG util.py:537:  glibc-locale-2.38-150600.14.46.1.x86_64
DEBUG util.py:537:  pkg-config-0.29.2-150600.15.6.3.x86_64
DEBUG util.py:537:  libisl15-0.18-1.443.x86_64
DEBUG util.py:537:  cpio-2.13-150400.3.6.1.x86_64
DEBUG util.py:537:  liblz4-1-1.9.4-150600.1.4.x86_64
DEBUG util.py:537:  libdbus-1-3-1.12.2-150400.18.8.1.x86_64
DEBUG util.py:537:  libidn2-0-2.2.0-3.6.1.x86_64
DEBUG util.py:537:  libsmartcols1-2.39.3-150600.4.21.1.x86_64
DEBUG util.py:537:  libuuid1-2.39.3-150600.4.21.1.x86_64
DEBUG util.py:537:  libfdisk1-2.39.3-150600.4.21.1.x86_64
DEBUG util.py:537:  gettext-tools-0.21.1-150600.3.3.2.x86_64
DEBUG util.py:537:  libprocps8-3.3.17-150000.7.42.1.x86_64
DEBUG util.py:537:  cpp-7-3.9.1.x86_64
DEBUG util.py:537:  libxcrypt-devel-4.4.15-150300.4.7.1.x86_64
DEBUG util.py:537:  libusb-1_0-0-1.0.24-150400.3.3.1.x86_64
DEBUG util.py:537:  libnss_usrfiles2-2.25-2.12.x86_64
DEBUG util.py:537:  libsolv-tools-base-0.7.34-150600.8.19.2.x86_64
DEBUG util.py:537:  make-4.2.1-7.3.2.x86_64
DEBUG util.py:537:  libtasn1-4.13-150000.4.14.1.x86_64
DEBUG util.py:537:  glibc-devel-2.38-150600.14.46.1.x86_64
DEBUG util.py:537:  dwz-0.12-150000.3.8.1.x86_64
DEBUG util.py:537:  bzip2-1.0.8-150400.1.122.x86_64
DEBUG util.py:537:  libsigc-2_0-0-2.12.1-150600.1.2.x86_64
DEBUG util.py:537:  libyaml-cpp0_6-0.6.3-150400.4.3.1.x86_64
DEBUG util.py:537:  libboost_system1_66_0-1.66.0-150200.12.7.1.x86_64
DEBUG util.py:537:  libcilkrts5-7.5.0+r278197-150000.4.44.1.x86_64
DEBUG util.py:537:  libubsan0-7.5.0+r278197-150000.4.44.1.x86_64
DEBUG util.py:537:  libctf0-2.45-150100.7.57.1.x86_64
DEBUG util.py:537:  libffi7-3.2.1.git259-10.8.x86_64
DEBUG util.py:537:  p11-kit-0.23.22-150500.8.3.1.x86_64
DEBUG util.py:537:  libopenssl3-3.1.4-150600.5.45.1.x86_64
DEBUG util.py:537:  openssl-3.1.4-150600.2.1.noarch
DEBUG util.py:537:  ca-certificates-mozilla-2.84-150200.44.1.noarch
DEBUG util.py:537:  libkmod2-29-150600.13.3.1.x86_64
DEBUG util.py:537:  libip4tc2-1.8.7-1.1.x86_64
DEBUG util.py:537:  libmpx2-8.2.1+r264010-150000.1.6.4.x86_64
DEBUG util.py:537:  libnpth0-1.5-2.11.x86_64
DEBUG util.py:537:  libseccomp2-2.5.3-150400.2.4.x86_64
DEBUG util.py:537:  libsemanage2-3.5-150600.1.48.x86_64
DEBUG util.py:537:  libapparmor1-3.1.7-150600.5.12.2.x86_64
DEBUG util.py:537:  libbrotlicommon1-1.0.7-150200.3.5.1.x86_64
DEBUG util.py:537:  libcom_err2-1.47.0-150600.4.6.2.x86_64
DEBUG util.py:537:  libtirpc3-1.3.4-150300.3.23.1.x86_64
DEBUG util.py:537:  libssh4-0.9.8-150600.11.12.1.x86_64
DEBUG util.py:537:  libfa1-1.14.1-150600.3.3.1.x86_64
DEBUG util.py:537:  libitm1-15.2.0+git10201-150000.1.9.1.x86_64
DEBUG util.py:537:  gcc-7-3.9.1.x86_64
DEBUG util.py:537:  libnl3-200-3.9.0-150600.15.4.4.x86_64
DEBUG util.py:537:  libldap-2_4-2-2.4.46-150600.25.3.1.x86_64
DEBUG util.py:537:  libsqlite3-0-3.51.3-150000.3.39.1.x86_64
DEBUG util.py:537:  openSUSE-build-key-1.0-lp156.8.2.noarch
DEBUG util.py:537:  libgpgme11-1.23.0-150600.3.5.1.x86_64
DEBUG util.py:537:  zypper-1.14.94-150600.10.52.1.x86_64
DEBUG util.py:537:  patch-2.7.6-150000.5.9.1.x86_64
DEBUG util.py:537:  systemd-default-settings-0.10-150300.3.7.1.noarch
DEBUG util.py:537:  libcrack2-2.9.11-150600.1.90.x86_64
DEBUG util.py:537:  pam-1.3.0-150000.6.86.1.x86_64
DEBUG util.py:537:  kbd-2.4.0-150400.5.9.1.x86_64
DEBUG util.py:537:  shadow-4.17.2-150600.17.18.1.x86_64
DEBUG util.py:537:  system-group-hardware-20170617-150400.24.2.1.noarch
DEBUG util.py:537:  system-user-man-20170617-150400.24.2.1.noarch
DEBUG util.py:537:  system-user-nobody-20170617-150400.24.2.1.noarch
DEBUG util.py:537:  util-linux-2.39.3-150600.4.21.1.x86_64
DEBUG util.py:537:  systemd-254.27-150600.4.62.1.x86_64
DEBUG util.py:537:  sysconfig-0.85.10-150200.15.1.x86_64
DEBUG util.py:537:  wicked-0.6.77-150600.11.15.1.x86_64
DEBUG util.py:537:  patterns-base-base-20200505-lp156.17.3.1.x86_64
DEBUG util.py:537:  rpm-build-4.14.3-150400.59.16.1.x86_64
DEBUG util.py:537:  gpg-pubkey-29b700a4-6a17fa38
DEBUG util.py:537:  gpg-pubkey-39db7c82-66c5d91a
DEBUG util.py:537:  system-user-root-20190513-3.3.1.noarch
DEBUG util.py:537:  crypto-policies-20230920.570ea89-150600.3.16.1.noarch
DEBUG util.py:537:  branding-openSUSE-15.6.20240408-lp156.1.2.noarch
DEBUG util.py:537:  libnl-config-3.9.0-150600.15.4.4.noarch
DEBUG util.py:537:  kbd-legacy-2.4.0-150400.5.9.1.noarch
DEBUG util.py:537:  libtirpc-netconfig-1.3.4-150300.3.23.1.x86_64
DEBUG util.py:537:  file-magic-5.32-7.14.1.noarch
DEBUG util.py:537:  rpm-config-SUSE-1-150400.14.3.1.noarch
DEBUG util.py:537:  bash-sh-4.4-150400.27.6.1.x86_64
DEBUG util.py:537:  ncurses-utils-6.1-150000.5.30.1.x86_64
DEBUG util.py:537:  glibc-2.38-150600.14.46.1.x86_64
DEBUG util.py:537:  libgcc_s1-15.2.0+git10201-150000.1.9.1.x86_64
DEBUG util.py:537:  liblzma5-5.4.1-150600.3.3.1.x86_64
DEBUG util.py:537:  libzstd1-1.5.5-150600.1.3.x86_64
DEBUG util.py:537:  libcrypt1-4.4.15-150300.4.7.1.x86_64
DEBUG util.py:537:  libgmp10-6.1.2-4.9.1.x86_64
DEBUG util.py:537:  libreadline7-7.0-150400.27.6.1.x86_64
DEBUG util.py:537:  libacl1-2.2.52-4.3.1.x86_64
DEBUG util.py:537:  libelf1-0.185-150400.5.8.3.x86_64
DEBUG util.py:537:  libselinux1-3.5-150600.3.3.1.x86_64
DEBUG util.py:537:  libzio1-1.06-2.20.x86_64
DEBUG util.py:537:  diffutils-3.6-4.3.1.x86_64
DEBUG util.py:537:  libjitterentropy3-3.4.1-150000.1.12.1.x86_64
DEBUG util.py:537:  libdw1-0.185-150400.5.8.3.x86_64
DEBUG util.py:537:  libpcre1-8.45-150000.20.13.1.x86_64
DEBUG util.py:537:  rpm-4.14.3-150400.59.16.1.x86_64
DEBUG util.py:537:  permissions-20240826-150600.10.18.2.x86_64
DEBUG util.py:537:  libblkid1-2.39.3-150600.4.21.1.x86_64
DEBUG util.py:537:  xz-5.4.1-150600.3.3.1.x86_64
DEBUG util.py:537:  libmount1-2.39.3-150600.4.21.1.x86_64
DEBUG util.py:537:  sed-4.9-150600.1.4.x86_64
DEBUG util.py:537:  libmpfr6-4.0.2-3.3.1.x86_64
DEBUG util.py:537:  update-alternatives-1.19.0.4-150000.4.7.1.x86_64
DEBUG util.py:537:  openSUSE-release-15.6-lp156.417.4.1.x86_64
DEBUG util.py:537:  which-2.21-2.20.x86_64
DEBUG util.py:537:  glibc-locale-base-2.38-150600.14.46.1.x86_64
DEBUG util.py:537:  libglib-2_0-0-2.78.6-150600.4.35.1.x86_64
DEBUG util.py:537:  file-5.32-7.14.1.x86_64
DEBUG util.py:537:  cpp7-7.5.0+r278197-150000.4.44.1.x86_64
DEBUG util.py:537:  libcap-ng0-0.7.9-4.37.x86_64
DEBUG util.py:537:  libsystemd0-254.27-150600.4.62.1.x86_64
DEBUG util.py:537:  libunistring2-0.9.10-1.1.x86_64
DEBUG util.py:537:  libgomp1-15.2.0+git10201-150000.1.9.1.x86_64
DEBUG util.py:537:  libtextstyle0-0.21.1-150600.3.3.2.x86_64
DEBUG util.py:537:  login_defs-4.17.2-150600.17.18.1.noarch
DEBUG util.py:537:  gettext-runtime-0.21.1-150600.3.3.2.x86_64
DEBUG util.py:537:  libpsl5-0.20.1-150000.3.3.1.x86_64
DEBUG util.py:537:  procps-3.3.17-150000.7.42.1.x86_64
DEBUG util.py:537:  less-643-150600.3.3.1.x86_64
DEBUG util.py:537:  systemd-presets-branding-openSUSE-12.2-lp156.7.3.1.noarch
DEBUG util.py:537:  pinentry-1.1.0-4.3.1.x86_64
DEBUG util.py:537:  tar-1.34-150000.3.37.1.x86_64
DEBUG util.py:537:  gzip-1.10-150200.10.1.x86_64
DEBUG util.py:537:  libtasn1-6-4.13-150000.4.14.1.x86_64
DEBUG util.py:537:  linux-glibc-devel-6.4-150600.2.17.x86_64
DEBUG util.py:537:  systemd-rpm-macros-16-150000.7.42.1.noarch
DEBUG util.py:537:  libksba8-1.6.4-150600.1.2.x86_64
DEBUG util.py:537:  groff-1.22.4-150400.5.2.1.x86_64
DEBUG util.py:537:  libtsan0-11.3.0+git1637-150000.1.11.2.x86_64
DEBUG util.py:537:  libasan4-7.5.0+r278197-150000.4.44.1.x86_64
DEBUG util.py:537:  libboost_thread1_66_0-1.66.0-150200.12.7.1.x86_64
DEBUG util.py:537:  liblsan0-15.2.0+git10201-150000.1.9.1.x86_64
DEBUG util.py:537:  libctf-nobfd0-2.45-150100.7.57.1.x86_64
DEBUG util.py:537:  binutils-2.45-150100.7.57.1.x86_64
DEBUG util.py:537:  libp11-kit0-0.23.22-150500.8.3.1.x86_64
DEBUG util.py:537:  p11-kit-tools-0.23.22-150500.8.3.1.x86_64
DEBUG util.py:537:  openssl-3-3.1.4-150600.5.45.1.x86_64
DEBUG util.py:537:  ca-certificates-2+git20240416.98ae794-150300.4.3.3.noarch
DEBUG util.py:537:  libzck1-1.1.16-150600.9.3.x86_64
DEBUG util.py:537:  libgdbm4-1.12-1.418.x86_64
DEBUG util.py:537:  libkeyutils1-1.6.3-5.6.1.x86_64
DEBUG util.py:537:  libmpxwrappers2-8.2.1+r264010-150000.1.6.4.x86_64
DEBUG util.py:537:  libpipeline1-1.4.1-150000.3.2.1.x86_64
DEBUG util.py:537:  libsepol2-3.5-150600.1.49.x86_64
DEBUG util.py:537:  libverto1-0.2.6-3.20.x86_64
DEBUG util.py:537:  libatomic1-15.2.0+git10201-150000.1.9.1.x86_64
DEBUG util.py:537:  libbrotlidec1-1.0.7-150200.3.5.1.x86_64
DEBUG util.py:537:  krb5-1.20.1-150600.11.14.1.x86_64
DEBUG util.py:537:  libnsl2-1.2.0-2.44.x86_64
DEBUG util.py:537:  libexpat1-2.7.1-150400.3.37.1.x86_64
DEBUG util.py:537:  libaugeas0-1.14.1-150600.3.3.1.x86_64
DEBUG util.py:537:  gcc7-7.5.0+r278197-150000.4.44.1.x86_64
DEBUG util.py:537:  libnghttp2-14-1.40.0-150600.25.5.1.x86_64
DEBUG util.py:537:  libsasl2-3-2.1.28-150600.7.14.1.x86_64
DEBUG util.py:537:  libcurl4-8.14.1-150600.4.40.1.x86_64
DEBUG util.py:537:  gpg2-2.4.4-150600.3.15.1.x86_64
DEBUG util.py:537:  patterns-base-minimal_base-20200505-lp156.17.3.1.x86_64
DEBUG util.py:537:  libzypp-17.37.18-150600.3.82.1.x86_64
DEBUG util.py:537:  purge-kernels-service-0-150200.8.6.1.noarch
DEBUG util.py:537:  systemd-default-settings-branding-openSUSE-0.10-150300.3.7.1.noarch
DEBUG util.py:537:  cracklib-dict-full-2.8.12-1.22.x86_64
DEBUG util.py:537:  cracklib-2.9.11-150600.1.90.x86_64
DEBUG util.py:537:  pam-config-1.1-150600.16.8.1.x86_64
DEBUG util.py:537:  libsubid5-4.17.2-150600.17.18.1.x86_64
DEBUG util.py:537:  sysuser-shadow-3.2-150400.3.5.3.noarch
DEBUG util.py:537:  libutempter0-1.1.6-3.42.x86_64
DEBUG util.py:537:  man-2.7.6-150100.8.5.1.x86_64
DEBUG util.py:537:  dbus-1-1.12.2-150400.18.8.1.x86_64
DEBUG util.py:537:  aaa_base-84.87+git20180409.04c9dae-150300.10.28.2.x86_64
DEBUG util.py:537:  util-linux-systemd-2.39.3-150600.4.21.1.x86_64
DEBUG util.py:537:  sysconfig-netconfig-0.85.10-150200.15.1.x86_64
DEBUG util.py:537:  wicked-service-0.6.77-150600.11.15.1.x86_64
DEBUG util.py:537:  patterns-base-basesystem-20200505-lp156.17.3.1.x86_64
DEBUG util.py:537:  patterns-devel-base-devel_rpm_build-20170319-lp156.3.2.x86_64
DEBUG util.py:688:  Child return code was: 0
DEBUG util.py:200:  kill orphans in chroot /var/lib/mock/xCAT-genesis-base-opensuse-leap-15.6-x86_64/root
DEBUG util.py:200:  kill orphans in chroot /var/lib/mock/xCAT-genesis-base-opensuse-leap-15.6-x86_64-bootstrap/root/var/lib/mock/xCAT-genesis-base-opensuse-leap-15.6-x86_64/root
DEBUG util.py:717:  child environment: None
DEBUG util.py:636:  Executing command: ['/bin/umount', '-n', '-l', '/var/lib/mock/xCAT-genesis-base-opensuse-leap-15.6-x86_64-bootstrap/root/var/lib/mock/xCAT-genesis-base-opensuse-leap-15.6-x86_64/root'] with env {'TERM': 'vt100', 'SHELL': '/bin/sh', 'HOME': '/builddir', 'HOSTNAME': 'mock', 'PATH': '/usr/bin:/bin:/usr/sbin:/sbin', 'LANG': 'C.UTF-8'} and shell False
DEBUG util.py:688:  Child return code was: 0
DEBUG util.py:717:  child environment: None
DEBUG util.py:636:  Executing command: ['/bin/umount', '-n', '-l', '/var/lib/mock/xCAT-genesis-base-opensuse-leap-15.6-x86_64-bootstrap/root/var/lib/mock/xCAT-genesis-base-opensuse-leap-15.6-x86_64/root'] with env {'TERM': 'vt100', 'SHELL': '/bin/sh', 'HOME': '/builddir', 'HOSTNAME': 'mock', 'PATH': '/usr/bin:/bin:/usr/sbin:/sbin', 'LANG': 'C.UTF-8'} and shell False
DEBUG util.py:688:  Child return code was: 0
DEBUG file_util.py:17:  ensuring that dir exists: /var/lib/mock/xCAT-genesis-base-opensuse-leap-15.6-x86_64/root/proc
DEBUG util.py:717:  child environment: None
DEBUG util.py:636:  Executing command: ['/bin/mount', '-n', '-t', 'tmpfs', '-o', 'rprivate,mode=0755', 'tmpfs', '/var/lib/mock/xCAT-genesis-base-opensuse-leap-15.6-x86_64/root/proc'] with env {'TERM': 'vt100', 'SHELL': '/bin/sh', 'HOME': '/builddir', 'HOSTNAME': 'mock', 'PATH': '/usr/bin:/bin:/usr/sbin:/sbin', 'LANG': 'C.UTF-8'} and shell False
DEBUG util.py:688:  Child return code was: 0
DEBUG file_util.py:17:  ensuring that dir exists: /var/lib/mock/xCAT-genesis-base-opensuse-leap-15.6-x86_64/root/proc
DEBUG util.py:717:  child environment: None
DEBUG util.py:636:  Executing command: ['/bin/mount', '-n', '-o', 'rbind', '/proc', '/var/lib/mock/xCAT-genesis-base-opensuse-leap-15.6-x86_64/root/proc'] with env {'TERM': 'vt100', 'SHELL': '/bin/sh', 'HOME': '/builddir', 'HOSTNAME': 'mock', 'PATH': '/usr/bin:/bin:/usr/sbin:/sbin', 'LANG': 'C.UTF-8'} and shell False
DEBUG util.py:688:  Child return code was: 0
DEBUG util.py:717:  child environment: None
DEBUG util.py:636:  Executing command: ['/bin/mount', '-n', '-o', 'remount,nodev,noexec,nosuid,readonly,rprivate,rbind', '--target', '/var/lib/mock/xCAT-genesis-base-opensuse-leap-15.6-x86_64/root/proc'] with env {'TERM': 'vt100', 'SHELL': '/bin/sh', 'HOME': '/builddir', 'HOSTNAME': 'mock', 'PATH': '/usr/bin:/bin:/usr/sbin:/sbin', 'LANG': 'C.UTF-8'} and shell False
DEBUG util.py:688:  Child return code was: 0
DEBUG file_util.py:17:  ensuring that dir exists: /var/lib/mock/xCAT-genesis-base-opensuse-leap-15.6-x86_64/root/sys
DEBUG util.py:717:  child environment: None
DEBUG util.py:636:  Executing command: ['/bin/mount', '-n', '-t', 'tmpfs', '-o', 'rprivate,mode=0755', 'tmpfs', '/var/lib/mock/xCAT-genesis-base-opensuse-leap-15.6-x86_64/root/sys'] with env {'TERM': 'vt100', 'SHELL': '/bin/sh', 'HOME': '/builddir', 'HOSTNAME': 'mock', 'PATH': '/usr/bin:/bin:/usr/sbin:/sbin', 'LANG': 'C.UTF-8'} and shell False
DEBUG util.py:688:  Child return code was: 0
DEBUG file_util.py:17:  ensuring that dir exists: /var/lib/mock/xCAT-genesis-base-opensuse-leap-15.6-x86_64/root/sys
DEBUG util.py:717:  child environment: None
DEBUG util.py:636:  Executing command: ['/bin/mount', '-n', '-o', 'rbind', '/sys', '/var/lib/mock/xCAT-genesis-base-opensuse-leap-15.6-x86_64/root/sys'] with env {'TERM': 'vt100', 'SHELL': '/bin/sh', 'HOME': '/builddir', 'HOSTNAME': 'mock', 'PATH': '/usr/bin:/bin:/usr/sbin:/sbin', 'LANG': 'C.UTF-8'} and shell False
DEBUG util.py:688:  Child return code was: 0
DEBUG util.py:717:  child environment: None
DEBUG util.py:636:  Executing command: ['/bin/mount', '-n', '-o', 'remount,nodev,noexec,nosuid,readonly,rprivate,rbind', '--target', '/var/lib/mock/xCAT-genesis-base-opensuse-leap-15.6-x86_64/root/sys'] with env {'TERM': 'vt100', 'SHELL': '/bin/sh', 'HOME': '/builddir', 'HOSTNAME': 'mock', 'PATH': '/usr/bin:/bin:/usr/sbin:/sbin', 'LANG': 'C.UTF-8'} and shell False
DEBUG util.py:688:  Child return code was: 0
DEBUG file_util.py:17:  ensuring that dir exists: /var/lib/mock/xCAT-genesis-base-opensuse-leap-15.6-x86_64/root/dev/shm
DEBUG util.py:717:  child environment: None
DEBUG util.py:636:  Executing command: ['/bin/mount', '-n', '-t', 'tmpfs', 'tmpfs', '/var/lib/mock/xCAT-genesis-base-opensuse-leap-15.6-x86_64/root/dev/shm'] with env {'TERM': 'vt100', 'SHELL': '/bin/sh', 'HOME': '/builddir', 'HOSTNAME': 'mock', 'PATH': '/usr/bin:/bin:/usr/sbin:/sbin', 'LANG': 'C.UTF-8'} and shell False
DEBUG util.py:688:  Child return code was: 0
DEBUG file_util.py:17:  ensuring that dir exists: /var/lib/mock/xCAT-genesis-base-opensuse-leap-15.6-x86_64/root/dev/pts
DEBUG util.py:717:  child environment: None
DEBUG util.py:636:  Executing command: ['/bin/mount', '-n', '-t', 'devpts', '-o', 'gid=5,mode=0620,ptmxmode=0666,newinstance', 'devpts', '/var/lib/mock/xCAT-genesis-base-opensuse-leap-15.6-x86_64/root/dev/pts'] with env {'TERM': 'vt100', 'SHELL': '/bin/sh', 'HOME': '/builddir', 'HOSTNAME': 'mock', 'PATH': '/usr/bin:/bin:/usr/sbin:/sbin', 'LANG': 'C.UTF-8'} and shell False
DEBUG util.py:688:  Child return code was: 0
DEBUG file_util.py:17:  ensuring that dir exists: /var/lib/mock/xCAT-genesis-base-opensuse-leap-15.6-x86_64-bootstrap/root/var/lib/mock/xCAT-genesis-base-opensuse-leap-15.6-x86_64/root
DEBUG util.py:717:  child environment: None
DEBUG util.py:636:  Executing command: ['/bin/mount', '-n', '-t', 'tmpfs', '-o', 'private,mode=0755', 'tmpfs', '/var/lib/mock/xCAT-genesis-base-opensuse-leap-15.6-x86_64-bootstrap/root/var/lib/mock/xCAT-genesis-base-opensuse-leap-15.6-x86_64/root'] with env {'TERM': 'vt100', 'SHELL': '/bin/sh', 'HOME': '/builddir', 'HOSTNAME': 'mock', 'PATH': '/usr/bin:/bin:/usr/sbin:/sbin', 'LANG': 'C.UTF-8'} and shell False
DEBUG util.py:688:  Child return code was: 0
DEBUG file_util.py:17:  ensuring that dir exists: /var/lib/mock/xCAT-genesis-base-opensuse-leap-15.6-x86_64-bootstrap/root/var/lib/mock/xCAT-genesis-base-opensuse-leap-15.6-x86_64/root
DEBUG util.py:717:  child environment: None
DEBUG util.py:636:  Executing command: ['/bin/mount', '-n', '-o', 'rbind', '/var/lib/mock/xCAT-genesis-base-opensuse-leap-15.6-x86_64/root', '/var/lib/mock/xCAT-genesis-base-opensuse-leap-15.6-x86_64-bootstrap/root/var/lib/mock/xCAT-genesis-base-opensuse-leap-15.6-x86_64/root'] with env {'TERM': 'vt100', 'SHELL': '/bin/sh', 'HOME': '/builddir', 'HOSTNAME': 'mock', 'PATH': '/usr/bin:/bin:/usr/sbin:/sbin', 'LANG': 'C.UTF-8'} and shell False
DEBUG util.py:688:  Child return code was: 0
DEBUG util.py:717:  child environment: None
DEBUG util.py:636:  Executing command: ['/bin/mount', '-n', '-o', 'remount,private,rbind', '--target', '/var/lib/mock/xCAT-genesis-base-opensuse-leap-15.6-x86_64-bootstrap/root/var/lib/mock/xCAT-genesis-base-opensuse-leap-15.6-x86_64/root'] with env {'TERM': 'vt100', 'SHELL': '/bin/sh', 'HOME': '/builddir', 'HOSTNAME': 'mock', 'PATH': '/usr/bin:/bin:/usr/sbin:/sbin', 'LANG': 'C.UTF-8'} and shell False
DEBUG util.py:688:  Child return code was: 0
DEBUG file_util.py:17:  ensuring that dir exists: /var/lib/mock/xCAT-genesis-base-opensuse-leap-15.6-x86_64/root/installation-homedir
DEBUG package_manager.py:296:  ['/usr/bin/dnf-3', '--installroot', '/var/lib/mock/xCAT-genesis-base-opensuse-leap-15.6-x86_64/root/', '-y', '--releasever', '15.6', '--setopt=deltarpm=False', '--setopt=allow_vendor_change=yes', '--allowerasing', '--disableplugin=local', '--disableplugin=spacewalk', '--disableplugin=versionlock', 'update']
DEBUG util.py:717:  child environment: None
DEBUG util.py:631:  Using nspawn with args ['--capability=cap_ipc_lock', '--resolv-conf=off']
DEBUG util.py:636:  Executing command: ['/usr/bin/systemd-nspawn', '-q', '-M', '4826749932724397b7b285d91ee943fe', '-D', '/var/lib/mock/xCAT-genesis-base-opensuse-leap-15.6-x86_64-bootstrap/root', '-a', '--capability=cap_ipc_lock', '--resolv-conf=off', '--console=pipe', '--setenv=TERM=vt100', '--setenv=SHELL=/bin/bash', '--setenv=HOME=/var/lib/mock/xCAT-genesis-base-opensuse-leap-15.6-x86_64/root/installation-homedir', '--setenv=HOSTNAME=mock', '--setenv=PATH=/usr/bin:/bin:/usr/sbin:/sbin', '--setenv=PROMPT_COMMAND=printf "\\033]0;<mock-chroot>\\007"', '--setenv=PS1=<mock-chroot> \\s-\\v\\$ ', '--setenv=LANG=C.UTF-8', '--setenv=SOURCE_DATE_EPOCH=1789750463', '--setenv=LC_MESSAGES=C.UTF-8', '/usr/bin/dnf-3', '--installroot', '/var/lib/mock/xCAT-genesis-base-opensuse-leap-15.6-x86_64/root/', '-y', '--releasever', '15.6', '--setopt=deltarpm=False', '--setopt=allow_vendor_change=yes', '--allowerasing', '--disableplugin=local', '--disableplugin=spacewalk', '--disableplugin=versionlock', 'update'] with env {'TERM': 'vt100', 'SHELL': '/bin/bash', 'HOME': '/var/lib/mock/xCAT-genesis-base-opensuse-leap-15.6-x86_64/root/installation-homedir', 'HOSTNAME': 'mock', 'PATH': '/usr/bin:/bin:/usr/sbin:/sbin', 'PROMPT_COMMAND': 'printf "\\033]0;<mock-chroot>\\007"', 'PS1': '<mock-chroot> \\s-\\v\\$ ', 'LANG': 'C.UTF-8', 'SOURCE_DATE_EPOCH': '1789750463', 'LC_MESSAGES': 'C.UTF-8', 'SYSTEMD_NSPAWN_TMPFS_TMP': '0', 'SYSTEMD_SECCOMP': '0'} and shell False
DEBUG util.py:535:  No matches found for the following disable plugin patterns: local, spacewalk, versionlock
DEBUG util.py:537:  openSUSE Leap 15.6 - x86_64 - OSS                44 kB/s |  11 kB     00:00    
DEBUG util.py:537:  openSUSE Leap 15.6 - x86_64 - OSS - Updates     139 kB/s | 3.1 kB     00:00    
DEBUG util.py:537:  openSUSE Leap 15.6 - x86_64 - Updates from SUSE 124 kB/s | 3.1 kB     00:00    
DEBUG util.py:537:  openSUSE Leap 15.6 - x86_64 - Updates from Back 122 kB/s | 3.1 kB     00:00    
DEBUG util.py:537:  Dependencies resolved.
DEBUG util.py:537:  Nothing to do.
DEBUG util.py:537:  Complete!
DEBUG util.py:688:  Child return code was: 0
DEBUG util.py:200:  kill orphans in chroot /var/lib/mock/xCAT-genesis-base-opensuse-leap-15.6-x86_64/root
DEBUG util.py:200:  kill orphans in chroot /var/lib/mock/xCAT-genesis-base-opensuse-leap-15.6-x86_64-bootstrap/root/var/lib/mock/xCAT-genesis-base-opensuse-leap-15.6-x86_64/root
DEBUG util.py:717:  child environment: None
DEBUG util.py:636:  Executing command: ['/bin/umount', '-n', '-l', '/var/lib/mock/xCAT-genesis-base-opensuse-leap-15.6-x86_64-bootstrap/root/var/lib/mock/xCAT-genesis-base-opensuse-leap-15.6-x86_64/root'] with env {'TERM': 'vt100', 'SHELL': '/bin/sh', 'HOME': '/builddir', 'HOSTNAME': 'mock', 'PATH': '/usr/bin:/bin:/usr/sbin:/sbin', 'LANG': 'C.UTF-8'} and shell False
DEBUG util.py:688:  Child return code was: 0
DEBUG util.py:717:  child environment: None
DEBUG util.py:636:  Executing command: ['/bin/umount', '-n', '-l', '/var/lib/mock/xCAT-genesis-base-opensuse-leap-15.6-x86_64-bootstrap/root/var/lib/mock/xCAT-genesis-base-opensuse-leap-15.6-x86_64/root'] with env {'TERM': 'vt100', 'SHELL': '/bin/sh', 'HOME': '/builddir', 'HOSTNAME': 'mock', 'PATH': '/usr/bin:/bin:/usr/sbin:/sbin', 'LANG': 'C.UTF-8'} and shell False
DEBUG util.py:688:  Child return code was: 0
DEBUG util.py:717:  child environment: None
DEBUG util.py:636:  Executing command: ['/bin/umount', '-n', '-l', '/var/lib/mock/xCAT-genesis-base-opensuse-leap-15.6-x86_64/root/dev/pts'] with env {'TERM': 'vt100', 'SHELL': '/bin/sh', 'HOME': '/builddir', 'HOSTNAME': 'mock', 'PATH': '/usr/bin:/bin:/usr/sbin:/sbin', 'LANG': 'C.UTF-8'} and shell False
DEBUG util.py:688:  Child return code was: 0
DEBUG util.py:717:  child environment: None
DEBUG util.py:636:  Executing command: ['/bin/umount', '-n', '-l', '/var/lib/mock/xCAT-genesis-base-opensuse-leap-15.6-x86_64/root/dev/shm'] with env {'TERM': 'vt100', 'SHELL': '/bin/sh', 'HOME': '/builddir', 'HOSTNAME': 'mock', 'PATH': '/usr/bin:/bin:/usr/sbin:/sbin', 'LANG': 'C.UTF-8'} and shell False
DEBUG util.py:688:  Child return code was: 0
DEBUG util.py:717:  child environment: None
DEBUG util.py:636:  Executing command: ['/bin/umount', '-n', '-l', '/var/lib/mock/xCAT-genesis-base-opensuse-leap-15.6-x86_64/root/sys'] with env {'TERM': 'vt100', 'SHELL': '/bin/sh', 'HOME': '/builddir', 'HOSTNAME': 'mock', 'PATH': '/usr/bin:/bin:/usr/sbin:/sbin', 'LANG': 'C.UTF-8'} and shell False
DEBUG util.py:688:  Child return code was: 0
DEBUG util.py:717:  child environment: None
DEBUG util.py:636:  Executing command: ['/bin/umount', '-n', '-l', '/var/lib/mock/xCAT-genesis-base-opensuse-leap-15.6-x86_64/root/sys'] with env {'TERM': 'vt100', 'SHELL': '/bin/sh', 'HOME': '/builddir', 'HOSTNAME': 'mock', 'PATH': '/usr/bin:/bin:/usr/sbin:/sbin', 'LANG': 'C.UTF-8'} and shell False
DEBUG util.py:688:  Child return code was: 0
DEBUG util.py:717:  child environment: None
DEBUG util.py:636:  Executing command: ['/bin/umount', '-n', '-l', '/var/lib/mock/xCAT-genesis-base-opensuse-leap-15.6-x86_64/root/proc'] with env {'TERM': 'vt100', 'SHELL': '/bin/sh', 'HOME': '/builddir', 'HOSTNAME': 'mock', 'PATH': '/usr/bin:/bin:/usr/sbin:/sbin', 'LANG': 'C.UTF-8'} and shell False
DEBUG util.py:688:  Child return code was: 0
DEBUG util.py:717:  child environment: None
DEBUG util.py:636:  Executing command: ['/bin/umount', '-n', '-l', '/var/lib/mock/xCAT-genesis-base-opensuse-leap-15.6-x86_64/root/proc'] with env {'TERM': 'vt100', 'SHELL': '/bin/sh', 'HOME': '/builddir', 'HOSTNAME': 'mock', 'PATH': '/usr/bin:/bin:/usr/sbin:/sbin', 'LANG': 'C.UTF-8'} and shell False
DEBUG util.py:688:  Child return code was: 0
DEBUG file_util.py:17:  ensuring that dir exists: /var/lib/mock/xCAT-genesis-base-opensuse-leap-15.6-x86_64-bootstrap/root/var/lib/mock/xCAT-genesis-base-opensuse-leap-15.6-x86_64/root
DEBUG util.py:717:  child environment: None
DEBUG util.py:636:  Executing command: ['/bin/mount', '-n', '-t', 'tmpfs', '-o', 'private,mode=0755', 'tmpfs', '/var/lib/mock/xCAT-genesis-base-opensuse-leap-15.6-x86_64-bootstrap/root/var/lib/mock/xCAT-genesis-base-opensuse-leap-15.6-x86_64/root'] with env {'TERM': 'vt100', 'SHELL': '/bin/sh', 'HOME': '/builddir', 'HOSTNAME': 'mock', 'PATH': '/usr/bin:/bin:/usr/sbin:/sbin', 'LANG': 'C.UTF-8'} and shell False
DEBUG util.py:688:  Child return code was: 0
DEBUG file_util.py:17:  ensuring that dir exists: /var/lib/mock/xCAT-genesis-base-opensuse-leap-15.6-x86_64-bootstrap/root/var/lib/mock/xCAT-genesis-base-opensuse-leap-15.6-x86_64/root
DEBUG util.py:717:  child environment: None
DEBUG util.py:636:  Executing command: ['/bin/mount', '-n', '-o', 'rbind', '/var/lib/mock/xCAT-genesis-base-opensuse-leap-15.6-x86_64/root', '/var/lib/mock/xCAT-genesis-base-opensuse-leap-15.6-x86_64-bootstrap/root/var/lib/mock/xCAT-genesis-base-opensuse-leap-15.6-x86_64/root'] with env {'TERM': 'vt100', 'SHELL': '/bin/sh', 'HOME': '/builddir', 'HOSTNAME': 'mock', 'PATH': '/usr/bin:/bin:/usr/sbin:/sbin', 'LANG': 'C.UTF-8'} and shell False
DEBUG util.py:688:  Child return code was: 0
DEBUG util.py:717:  child environment: None
DEBUG util.py:636:  Executing command: ['/bin/mount', '-n', '-o', 'remount,private,rbind', '--target', '/var/lib/mock/xCAT-genesis-base-opensuse-leap-15.6-x86_64-bootstrap/root/var/lib/mock/xCAT-genesis-base-opensuse-leap-15.6-x86_64/root'] with env {'TERM': 'vt100', 'SHELL': '/bin/sh', 'HOME': '/builddir', 'HOSTNAME': 'mock', 'PATH': '/usr/bin:/bin:/usr/sbin:/sbin', 'LANG': 'C.UTF-8'} and shell False
DEBUG util.py:688:  Child return code was: 0
DEBUG util.py:717:  child environment: None
DEBUG util.py:631:  Using nspawn with args ['--capability=cap_ipc_lock', '--resolv-conf=off']
DEBUG util.py:636:  Executing command: ['/usr/bin/systemd-nspawn', '-q', '-M', '397442b1b9da4628997cb1740a98ca47', '-D', '/var/lib/mock/xCAT-genesis-base-opensuse-leap-15.6-x86_64-bootstrap/root', '-a', '--capability=cap_ipc_lock', '--resolv-conf=off', '--console=pipe', '--setenv=TERM=vt100', '--setenv=SHELL=/bin/bash', '--setenv=HOME=/builddir', '--setenv=HOSTNAME=mock', '--setenv=PATH=/usr/bin:/bin:/usr/sbin:/sbin', '--setenv=PROMPT_COMMAND=printf "\\033]0;<mock-chroot>\\007"', '--setenv=PS1=<mock-chroot> \\s-\\v\\$ ', '--setenv=LANG=C.UTF-8', '--setenv=SOURCE_DATE_EPOCH=1789750463', '/bin/rpm', '-qa', '--root', '/var/lib/mock/xCAT-genesis-base-opensuse-leap-15.6-x86_64/root'] with env {'TERM': 'vt100', 'SHELL': '/bin/bash', 'HOME': '/builddir', 'HOSTNAME': 'mock', 'PATH': '/usr/bin:/bin:/usr/sbin:/sbin', 'PROMPT_COMMAND': 'printf "\\033]0;<mock-chroot>\\007"', 'PS1': '<mock-chroot> \\s-\\v\\$ ', 'LANG': 'C.UTF-8', 'SOURCE_DATE_EPOCH': '1789750463', 'SYSTEMD_NSPAWN_TMPFS_TMP': '0', 'SYSTEMD_SECCOMP': '0'} and shell False
DEBUG util.py:537:  gpg-pubkey-25db7ae0-645bae34
DEBUG util.py:537:  gpg-pubkey-3fa1d6ce-63c9481c
DEBUG util.py:537:  filesystem-15.0-11.8.1.x86_64
DEBUG util.py:537:  boost-license1_66_0-1.66.0-150200.12.7.1.noarch
DEBUG util.py:537:  libssh-config-0.9.8-150600.11.12.1.x86_64
DEBUG util.py:537:  libldap-data-2.4.46-150600.25.3.1.noarch
DEBUG util.py:537:  openSUSE-release-appliance-custom-15.6-lp156.417.4.1.x86_64
DEBUG util.py:537:  libsemanage-conf-3.5-150600.1.48.x86_64
DEBUG util.py:537:  fillup-1.42-2.18.x86_64
DEBUG util.py:537:  bash-4.4-150400.27.6.1.x86_64
DEBUG util.py:537:  terminfo-base-6.1-150000.5.30.1.x86_64
DEBUG util.py:537:  perl-base-5.26.1-150300.17.20.1.x86_64
DEBUG util.py:537:  libz1-1.2.13-150500.4.6.1.x86_64
DEBUG util.py:537:  libstdc++6-15.2.0+git10201-150000.1.9.1.x86_64
DEBUG util.py:537:  libbz2-1-1.0.8-150400.1.122.x86_64
DEBUG util.py:537:  libncurses6-6.1-150000.5.30.1.x86_64
DEBUG util.py:537:  libcap2-2.63-150400.3.3.1.x86_64
DEBUG util.py:537:  libgpg-error0-1.47-150600.1.3.x86_64
DEBUG util.py:537:  libattr1-2.4.47-2.19.x86_64
DEBUG util.py:537:  libmagic1-5.32-7.14.1.x86_64
DEBUG util.py:537:  libpcre2-8-0-10.42-150600.1.26.x86_64
DEBUG util.py:537:  coreutils-8.32-150400.9.9.1.x86_64
DEBUG util.py:537:  info-6.5-4.17.x86_64
DEBUG util.py:537:  libpopt0-1.16-3.22.x86_64
DEBUG util.py:537:  libgcrypt20-1.10.3-150600.3.9.1.x86_64
DEBUG util.py:537:  liblua5_3-5-5.3.6-3.6.1.x86_64
DEBUG util.py:537:  grep-3.1-150000.4.6.1.x86_64
DEBUG util.py:537:  libaudit1-3.0.6-150400.4.16.1.x86_64
DEBUG util.py:537:  libxml2-2-2.10.3-150500.5.38.1.x86_64
DEBUG util.py:537:  findutils-4.8.0-150300.3.3.2.x86_64
DEBUG util.py:537:  libeconf0-0.5.2-150400.3.6.1.x86_64
DEBUG util.py:537:  netcfg-11.6-150000.3.6.1.noarch
DEBUG util.py:537:  libassuan0-2.5.5-150000.4.7.1.x86_64
DEBUG util.py:537:  libudev1-254.27-150600.4.62.1.x86_64
DEBUG util.py:537:  gawk-4.2.1-150000.3.3.1.x86_64
DEBUG util.py:537:  libmpc3-1.1.0-1.47.x86_64
DEBUG util.py:537:  systemd-presets-common-SUSE-15-150600.25.2.noarch
DEBUG util.py:537:  glibc-locale-2.38-150600.14.46.1.x86_64
DEBUG util.py:537:  pkg-config-0.29.2-150600.15.6.3.x86_64
DEBUG util.py:537:  libisl15-0.18-1.443.x86_64
DEBUG util.py:537:  cpio-2.13-150400.3.6.1.x86_64
DEBUG util.py:537:  liblz4-1-1.9.4-150600.1.4.x86_64
DEBUG util.py:537:  libdbus-1-3-1.12.2-150400.18.8.1.x86_64
DEBUG util.py:537:  libidn2-0-2.2.0-3.6.1.x86_64
DEBUG util.py:537:  libsmartcols1-2.39.3-150600.4.21.1.x86_64
DEBUG util.py:537:  libuuid1-2.39.3-150600.4.21.1.x86_64
DEBUG util.py:537:  libfdisk1-2.39.3-150600.4.21.1.x86_64
DEBUG util.py:537:  gettext-tools-0.21.1-150600.3.3.2.x86_64
DEBUG util.py:537:  libprocps8-3.3.17-150000.7.42.1.x86_64
DEBUG util.py:537:  cpp-7-3.9.1.x86_64
DEBUG util.py:537:  libxcrypt-devel-4.4.15-150300.4.7.1.x86_64
DEBUG util.py:537:  libusb-1_0-0-1.0.24-150400.3.3.1.x86_64
DEBUG util.py:537:  libnss_usrfiles2-2.25-2.12.x86_64
DEBUG util.py:537:  libsolv-tools-base-0.7.34-150600.8.19.2.x86_64
DEBUG util.py:537:  make-4.2.1-7.3.2.x86_64
DEBUG util.py:537:  libtasn1-4.13-150000.4.14.1.x86_64
DEBUG util.py:537:  glibc-devel-2.38-150600.14.46.1.x86_64
DEBUG util.py:537:  dwz-0.12-150000.3.8.1.x86_64
DEBUG util.py:537:  bzip2-1.0.8-150400.1.122.x86_64
DEBUG util.py:537:  libsigc-2_0-0-2.12.1-150600.1.2.x86_64
DEBUG util.py:537:  libyaml-cpp0_6-0.6.3-150400.4.3.1.x86_64
DEBUG util.py:537:  libboost_system1_66_0-1.66.0-150200.12.7.1.x86_64
DEBUG util.py:537:  libcilkrts5-7.5.0+r278197-150000.4.44.1.x86_64
DEBUG util.py:537:  libubsan0-7.5.0+r278197-150000.4.44.1.x86_64
DEBUG util.py:537:  libctf0-2.45-150100.7.57.1.x86_64
DEBUG util.py:537:  libffi7-3.2.1.git259-10.8.x86_64
DEBUG util.py:537:  p11-kit-0.23.22-150500.8.3.1.x86_64
DEBUG util.py:537:  libopenssl3-3.1.4-150600.5.45.1.x86_64
DEBUG util.py:537:  openssl-3.1.4-150600.2.1.noarch
DEBUG util.py:537:  ca-certificates-mozilla-2.84-150200.44.1.noarch
DEBUG util.py:537:  libkmod2-29-150600.13.3.1.x86_64
DEBUG util.py:537:  libip4tc2-1.8.7-1.1.x86_64
DEBUG util.py:537:  libmpx2-8.2.1+r264010-150000.1.6.4.x86_64
DEBUG util.py:537:  libnpth0-1.5-2.11.x86_64
DEBUG util.py:537:  libseccomp2-2.5.3-150400.2.4.x86_64
DEBUG util.py:537:  libsemanage2-3.5-150600.1.48.x86_64
DEBUG util.py:537:  libapparmor1-3.1.7-150600.5.12.2.x86_64
DEBUG util.py:537:  libbrotlicommon1-1.0.7-150200.3.5.1.x86_64
DEBUG util.py:537:  libcom_err2-1.47.0-150600.4.6.2.x86_64
DEBUG util.py:537:  libtirpc3-1.3.4-150300.3.23.1.x86_64
DEBUG util.py:537:  libssh4-0.9.8-150600.11.12.1.x86_64
DEBUG util.py:537:  libfa1-1.14.1-150600.3.3.1.x86_64
DEBUG util.py:537:  libitm1-15.2.0+git10201-150000.1.9.1.x86_64
DEBUG util.py:537:  gcc-7-3.9.1.x86_64
DEBUG util.py:537:  libnl3-200-3.9.0-150600.15.4.4.x86_64
DEBUG util.py:537:  libldap-2_4-2-2.4.46-150600.25.3.1.x86_64
DEBUG util.py:537:  libsqlite3-0-3.51.3-150000.3.39.1.x86_64
DEBUG util.py:537:  openSUSE-build-key-1.0-lp156.8.2.noarch
DEBUG util.py:537:  libgpgme11-1.23.0-150600.3.5.1.x86_64
DEBUG util.py:537:  zypper-1.14.94-150600.10.52.1.x86_64
DEBUG util.py:537:  patch-2.7.6-150000.5.9.1.x86_64
DEBUG util.py:537:  systemd-default-settings-0.10-150300.3.7.1.noarch
DEBUG util.py:537:  libcrack2-2.9.11-150600.1.90.x86_64
DEBUG util.py:537:  pam-1.3.0-150000.6.86.1.x86_64
DEBUG util.py:537:  kbd-2.4.0-150400.5.9.1.x86_64
DEBUG util.py:537:  shadow-4.17.2-150600.17.18.1.x86_64
DEBUG util.py:537:  system-group-hardware-20170617-150400.24.2.1.noarch
DEBUG util.py:537:  system-user-man-20170617-150400.24.2.1.noarch
DEBUG util.py:537:  system-user-nobody-20170617-150400.24.2.1.noarch
DEBUG util.py:537:  util-linux-2.39.3-150600.4.21.1.x86_64
DEBUG util.py:537:  systemd-254.27-150600.4.62.1.x86_64
DEBUG util.py:537:  sysconfig-0.85.10-150200.15.1.x86_64
DEBUG util.py:537:  wicked-0.6.77-150600.11.15.1.x86_64
DEBUG util.py:537:  patterns-base-base-20200505-lp156.17.3.1.x86_64
DEBUG util.py:537:  rpm-build-4.14.3-150400.59.16.1.x86_64
DEBUG util.py:537:  gpg-pubkey-29b700a4-6a17fa38
DEBUG util.py:537:  gpg-pubkey-39db7c82-66c5d91a
DEBUG util.py:537:  system-user-root-20190513-3.3.1.noarch
DEBUG util.py:537:  crypto-policies-20230920.570ea89-150600.3.16.1.noarch
DEBUG util.py:537:  branding-openSUSE-15.6.20240408-lp156.1.2.noarch
DEBUG util.py:537:  libnl-config-3.9.0-150600.15.4.4.noarch
DEBUG util.py:537:  kbd-legacy-2.4.0-150400.5.9.1.noarch
DEBUG util.py:537:  libtirpc-netconfig-1.3.4-150300.3.23.1.x86_64
DEBUG util.py:537:  file-magic-5.32-7.14.1.noarch
DEBUG util.py:537:  rpm-config-SUSE-1-150400.14.3.1.noarch
DEBUG util.py:537:  bash-sh-4.4-150400.27.6.1.x86_64
DEBUG util.py:537:  ncurses-utils-6.1-150000.5.30.1.x86_64
DEBUG util.py:537:  glibc-2.38-150600.14.46.1.x86_64
DEBUG util.py:537:  libgcc_s1-15.2.0+git10201-150000.1.9.1.x86_64
DEBUG util.py:537:  liblzma5-5.4.1-150600.3.3.1.x86_64
DEBUG util.py:537:  libzstd1-1.5.5-150600.1.3.x86_64
DEBUG util.py:537:  libcrypt1-4.4.15-150300.4.7.1.x86_64
DEBUG util.py:537:  libgmp10-6.1.2-4.9.1.x86_64
DEBUG util.py:537:  libreadline7-7.0-150400.27.6.1.x86_64
DEBUG util.py:537:  libacl1-2.2.52-4.3.1.x86_64
DEBUG util.py:537:  libelf1-0.185-150400.5.8.3.x86_64
DEBUG util.py:537:  libselinux1-3.5-150600.3.3.1.x86_64
DEBUG util.py:537:  libzio1-1.06-2.20.x86_64
DEBUG util.py:537:  diffutils-3.6-4.3.1.x86_64
DEBUG util.py:537:  libjitterentropy3-3.4.1-150000.1.12.1.x86_64
DEBUG util.py:537:  libdw1-0.185-150400.5.8.3.x86_64
DEBUG util.py:537:  libpcre1-8.45-150000.20.13.1.x86_64
DEBUG util.py:537:  rpm-4.14.3-150400.59.16.1.x86_64
DEBUG util.py:537:  permissions-20240826-150600.10.18.2.x86_64
DEBUG util.py:537:  libblkid1-2.39.3-150600.4.21.1.x86_64
DEBUG util.py:537:  xz-5.4.1-150600.3.3.1.x86_64
DEBUG util.py:537:  libmount1-2.39.3-150600.4.21.1.x86_64
DEBUG util.py:537:  sed-4.9-150600.1.4.x86_64
DEBUG util.py:537:  libmpfr6-4.0.2-3.3.1.x86_64
DEBUG util.py:537:  update-alternatives-1.19.0.4-150000.4.7.1.x86_64
DEBUG util.py:537:  openSUSE-release-15.6-lp156.417.4.1.x86_64
DEBUG util.py:537:  which-2.21-2.20.x86_64
DEBUG util.py:537:  glibc-locale-base-2.38-150600.14.46.1.x86_64
DEBUG util.py:537:  libglib-2_0-0-2.78.6-150600.4.35.1.x86_64
DEBUG util.py:537:  file-5.32-7.14.1.x86_64
DEBUG util.py:537:  cpp7-7.5.0+r278197-150000.4.44.1.x86_64
DEBUG util.py:537:  libcap-ng0-0.7.9-4.37.x86_64
DEBUG util.py:537:  libsystemd0-254.27-150600.4.62.1.x86_64
DEBUG util.py:537:  libunistring2-0.9.10-1.1.x86_64
DEBUG util.py:537:  libgomp1-15.2.0+git10201-150000.1.9.1.x86_64
DEBUG util.py:537:  libtextstyle0-0.21.1-150600.3.3.2.x86_64
DEBUG util.py:537:  login_defs-4.17.2-150600.17.18.1.noarch
DEBUG util.py:537:  gettext-runtime-0.21.1-150600.3.3.2.x86_64
DEBUG util.py:537:  libpsl5-0.20.1-150000.3.3.1.x86_64
DEBUG util.py:537:  procps-3.3.17-150000.7.42.1.x86_64
DEBUG util.py:537:  less-643-150600.3.3.1.x86_64
DEBUG util.py:537:  systemd-presets-branding-openSUSE-12.2-lp156.7.3.1.noarch
DEBUG util.py:537:  pinentry-1.1.0-4.3.1.x86_64
DEBUG util.py:537:  tar-1.34-150000.3.37.1.x86_64
DEBUG util.py:537:  gzip-1.10-150200.10.1.x86_64
DEBUG util.py:537:  libtasn1-6-4.13-150000.4.14.1.x86_64
DEBUG util.py:537:  linux-glibc-devel-6.4-150600.2.17.x86_64
DEBUG util.py:537:  systemd-rpm-macros-16-150000.7.42.1.noarch
DEBUG util.py:537:  libksba8-1.6.4-150600.1.2.x86_64
DEBUG util.py:537:  groff-1.22.4-150400.5.2.1.x86_64
DEBUG util.py:537:  libtsan0-11.3.0+git1637-150000.1.11.2.x86_64
DEBUG util.py:537:  libasan4-7.5.0+r278197-150000.4.44.1.x86_64
DEBUG util.py:537:  libboost_thread1_66_0-1.66.0-150200.12.7.1.x86_64
DEBUG util.py:537:  liblsan0-15.2.0+git10201-150000.1.9.1.x86_64
DEBUG util.py:537:  libctf-nobfd0-2.45-150100.7.57.1.x86_64
DEBUG util.py:537:  binutils-2.45-150100.7.57.1.x86_64
DEBUG util.py:537:  libp11-kit0-0.23.22-150500.8.3.1.x86_64
DEBUG util.py:537:  p11-kit-tools-0.23.22-150500.8.3.1.x86_64
DEBUG util.py:537:  openssl-3-3.1.4-150600.5.45.1.x86_64
DEBUG util.py:537:  ca-certificates-2+git20240416.98ae794-150300.4.3.3.noarch
DEBUG util.py:537:  libzck1-1.1.16-150600.9.3.x86_64
DEBUG util.py:537:  libgdbm4-1.12-1.418.x86_64
DEBUG util.py:537:  libkeyutils1-1.6.3-5.6.1.x86_64
DEBUG util.py:537:  libmpxwrappers2-8.2.1+r264010-150000.1.6.4.x86_64
DEBUG util.py:537:  libpipeline1-1.4.1-150000.3.2.1.x86_64
DEBUG util.py:537:  libsepol2-3.5-150600.1.49.x86_64
DEBUG util.py:537:  libverto1-0.2.6-3.20.x86_64
DEBUG util.py:537:  libatomic1-15.2.0+git10201-150000.1.9.1.x86_64
DEBUG util.py:537:  libbrotlidec1-1.0.7-150200.3.5.1.x86_64
DEBUG util.py:537:  krb5-1.20.1-150600.11.14.1.x86_64
DEBUG util.py:537:  libnsl2-1.2.0-2.44.x86_64
DEBUG util.py:537:  libexpat1-2.7.1-150400.3.37.1.x86_64
DEBUG util.py:537:  libaugeas0-1.14.1-150600.3.3.1.x86_64
DEBUG util.py:537:  gcc7-7.5.0+r278197-150000.4.44.1.x86_64
DEBUG util.py:537:  libnghttp2-14-1.40.0-150600.25.5.1.x86_64
DEBUG util.py:537:  libsasl2-3-2.1.28-150600.7.14.1.x86_64
DEBUG util.py:537:  libcurl4-8.14.1-150600.4.40.1.x86_64
DEBUG util.py:537:  gpg2-2.4.4-150600.3.15.1.x86_64
DEBUG util.py:537:  patterns-base-minimal_base-20200505-lp156.17.3.1.x86_64
DEBUG util.py:537:  libzypp-17.37.18-150600.3.82.1.x86_64
DEBUG util.py:537:  purge-kernels-service-0-150200.8.6.1.noarch
DEBUG util.py:537:  systemd-default-settings-branding-openSUSE-0.10-150300.3.7.1.noarch
DEBUG util.py:537:  cracklib-dict-full-2.8.12-1.22.x86_64
DEBUG util.py:537:  cracklib-2.9.11-150600.1.90.x86_64
DEBUG util.py:537:  pam-config-1.1-150600.16.8.1.x86_64
DEBUG util.py:537:  libsubid5-4.17.2-150600.17.18.1.x86_64
DEBUG util.py:537:  sysuser-shadow-3.2-150400.3.5.3.noarch
DEBUG util.py:537:  libutempter0-1.1.6-3.42.x86_64
DEBUG util.py:537:  man-2.7.6-150100.8.5.1.x86_64
DEBUG util.py:537:  dbus-1-1.12.2-150400.18.8.1.x86_64
DEBUG util.py:537:  aaa_base-84.87+git20180409.04c9dae-150300.10.28.2.x86_64
DEBUG util.py:537:  util-linux-systemd-2.39.3-150600.4.21.1.x86_64
DEBUG util.py:537:  sysconfig-netconfig-0.85.10-150200.15.1.x86_64
DEBUG util.py:537:  wicked-service-0.6.77-150600.11.15.1.x86_64
DEBUG util.py:537:  patterns-base-basesystem-20200505-lp156.17.3.1.x86_64
DEBUG util.py:537:  patterns-devel-base-devel_rpm_build-20170319-lp156.3.2.x86_64
DEBUG util.py:688:  Child return code was: 0
DEBUG util.py:200:  kill orphans in chroot /var/lib/mock/xCAT-genesis-base-opensuse-leap-15.6-x86_64/root
DEBUG util.py:200:  kill orphans in chroot /var/lib/mock/xCAT-genesis-base-opensuse-leap-15.6-x86_64-bootstrap/root/var/lib/mock/xCAT-genesis-base-opensuse-leap-15.6-x86_64/root
DEBUG util.py:717:  child environment: None
DEBUG util.py:636:  Executing command: ['/bin/umount', '-n', '-l', '/var/lib/mock/xCAT-genesis-base-opensuse-leap-15.6-x86_64-bootstrap/root/var/lib/mock/xCAT-genesis-base-opensuse-leap-15.6-x86_64/root'] with env {'TERM': 'vt100', 'SHELL': '/bin/sh', 'HOME': '/builddir', 'HOSTNAME': 'mock', 'PATH': '/usr/bin:/bin:/usr/sbin:/sbin', 'LANG': 'C.UTF-8'} and shell False
DEBUG util.py:688:  Child return code was: 0
DEBUG util.py:717:  child environment: None
DEBUG util.py:636:  Executing command: ['/bin/umount', '-n', '-l', '/var/lib/mock/xCAT-genesis-base-opensuse-leap-15.6-x86_64-bootstrap/root/var/lib/mock/xCAT-genesis-base-opensuse-leap-15.6-x86_64/root'] with env {'TERM': 'vt100', 'SHELL': '/bin/sh', 'HOME': '/builddir', 'HOSTNAME': 'mock', 'PATH': '/usr/bin:/bin:/usr/sbin:/sbin', 'LANG': 'C.UTF-8'} and shell False
DEBUG util.py:688:  Child return code was: 0
DEBUG file_util.py:17:  ensuring that dir exists: /var/lib/mock/xCAT-genesis-base-opensuse-leap-15.6-x86_64/root/builddir/build
DEBUG file_util.py:17:  ensuring that dir exists: /var/lib/mock/xCAT-genesis-base-opensuse-leap-15.6-x86_64/root/builddir/build/RPMS
DEBUG file_util.py:20:  created dir: /var/lib/mock/xCAT-genesis-base-opensuse-leap-15.6-x86_64/root/builddir/build/RPMS
DEBUG file_util.py:17:  ensuring that dir exists: /var/lib/mock/xCAT-genesis-base-opensuse-leap-15.6-x86_64/root/builddir/build/SPECS
DEBUG file_util.py:20:  created dir: /var/lib/mock/xCAT-genesis-base-opensuse-leap-15.6-x86_64/root/builddir/build/SPECS
DEBUG file_util.py:17:  ensuring that dir exists: /var/lib/mock/xCAT-genesis-base-opensuse-leap-15.6-x86_64/root/builddir/build/SRPMS
DEBUG file_util.py:20:  created dir: /var/lib/mock/xCAT-genesis-base-opensuse-leap-15.6-x86_64/root/builddir/build/SRPMS
DEBUG file_util.py:17:  ensuring that dir exists: /var/lib/mock/xCAT-genesis-base-opensuse-leap-15.6-x86_64/root/builddir/build/SOURCES
DEBUG file_util.py:17:  ensuring that dir exists: /var/lib/mock/xCAT-genesis-base-opensuse-leap-15.6-x86_64/root/builddir/build/BUILD
DEBUG file_util.py:20:  created dir: /var/lib/mock/xCAT-genesis-base-opensuse-leap-15.6-x86_64/root/builddir/build/BUILD
DEBUG file_util.py:17:  ensuring that dir exists: /var/lib/mock/xCAT-genesis-base-opensuse-leap-15.6-x86_64/root/builddir/build/BUILDROOT
DEBUG file_util.py:20:  created dir: /var/lib/mock/xCAT-genesis-base-opensuse-leap-15.6-x86_64/root/builddir/build/BUILDROOT
DEBUG file_util.py:17:  ensuring that dir exists: /var/lib/mock/xCAT-genesis-base-opensuse-leap-15.6-x86_64/root/builddir/build/originals
DEBUG file_util.py:20:  created dir: /var/lib/mock/xCAT-genesis-base-opensuse-leap-15.6-x86_64/root/builddir/build/originals
DEBUG file_util.py:17:  ensuring that dir exists: /var/lib/mock/xCAT-genesis-base-opensuse-leap-15.6-x86_64/root/builddir
DEBUG util.py:717:  child environment: None
DEBUG util.py:636:  Executing command: ['userdel', '-f', 'mockbuild', '--prefix', '/var/lib/mock/xCAT-genesis-base-opensuse-leap-15.6-x86_64/root'] with env {'TERM': 'vt100', 'SHELL': '/bin/sh', 'HOME': '/builddir', 'HOSTNAME': 'mock', 'PATH': '/usr/bin:/bin:/usr/sbin:/sbin', 'LANG': 'C.UTF-8'} and shell False
DEBUG util.py:688:  Child return code was: 0
DEBUG util.py:717:  child environment: None
DEBUG util.py:636:  Executing command: ['groupdel', 'mock', '--prefix', '/var/lib/mock/xCAT-genesis-base-opensuse-leap-15.6-x86_64/root'] with env {'TERM': 'vt100', 'SHELL': '/bin/sh', 'HOME': '/builddir', 'HOSTNAME': 'mock', 'PATH': '/usr/bin:/bin:/usr/sbin:/sbin', 'LANG': 'C.UTF-8'} and shell False
DEBUG util.py:688:  Child return code was: 0
DEBUG util.py:717:  child environment: None
DEBUG util.py:636:  Executing command: ['groupadd', 'mock', '-g', '135', '--prefix', '/var/lib/mock/xCAT-genesis-base-opensuse-leap-15.6-x86_64/root'] with env {'TERM': 'vt100', 'SHELL': '/bin/sh', 'HOME': '/builddir', 'HOSTNAME': 'mock', 'PATH': '/usr/bin:/bin:/usr/sbin:/sbin', 'LANG': 'C.UTF-8'} and shell False
DEBUG util.py:688:  Child return code was: 0
DEBUG util.py:717:  child environment: None
DEBUG util.py:636:  Executing command: ['useradd', 'mockbuild', '-o', '-u', '0', '-g', '135', '-N', '-d', '/builddir', '--prefix', '/var/lib/mock/xCAT-genesis-base-opensuse-leap-15.6-x86_64/root'] with env {'TERM': 'vt100', 'SHELL': '/bin/sh', 'HOME': '/builddir', 'HOSTNAME': 'mock', 'PATH': '/usr/bin:/bin:/usr/sbin:/sbin', 'LANG': 'C.UTF-8'} and shell False
DEBUG util.py:535:  useradd warning: mockbuild's uid 0 outside of the UID_MIN 1000 and UID_MAX 60000 range.
DEBUG util.py:535:  useradd: warning: the home directory /builddir already exists.
DEBUG util.py:535:  useradd: Not copying any file from skel directory into it.
DEBUG util.py:535:  Creating mailbox file: File exists
DEBUG util.py:688:  Child return code was: 0
DEBUG file_util.py:29:  touching file: /var/lib/mock/xCAT-genesis-base-opensuse-leap-15.6-x86_64/root/.initialized
DEBUG util.py:717:  child environment: None
DEBUG util.py:631:  Using nspawn with args ['--capability=cap_ipc_lock', '--bind=/dev/btrfs-control', '--bind=/dev/mapper/control', '--bind=/dev/fuse', '--bind=/dev/loop-control', '--bind=/dev/loop0', '--bind=/dev/loop1', '--bind=/dev/loop2', '--bind=/dev/loop3', '--bind=/dev/loop4', '--bind=/dev/loop5', '--bind=/dev/loop6', '--bind=/dev/loop7', '--bind=/dev/loop8', '--bind=/dev/loop9', '--bind=/dev/loop10', '--bind=/dev/loop11', '--resolv-conf=off']
DEBUG util.py:636:  Executing command: ['/usr/bin/systemd-nspawn', '-q', '-M', '10bb1ff77cea41688c10fd04fce3d5ab', '-D', '/var/lib/mock/xCAT-genesis-base-opensuse-leap-15.6-x86_64/root', '-a', '--capability=cap_ipc_lock', '--bind=/dev/btrfs-control', '--bind=/dev/mapper/control', '--bind=/dev/fuse', '--bind=/dev/loop-control', '--bind=/dev/loop0', '--bind=/dev/loop1', '--bind=/dev/loop2', '--bind=/dev/loop3', '--bind=/dev/loop4', '--bind=/dev/loop5', '--bind=/dev/loop6', '--bind=/dev/loop7', '--bind=/dev/loop8', '--bind=/dev/loop9', '--bind=/dev/loop10', '--bind=/dev/loop11', '--resolv-conf=off', '--console=pipe', '--setenv=TERM=vt100', '--setenv=SHELL=/bin/bash', '--setenv=HOME=/builddir', '--setenv=HOSTNAME=mock', '--setenv=PATH=/usr/bin:/bin:/usr/sbin:/sbin', '--setenv=PROMPT_COMMAND=printf "\\033]0;<mock-chroot>\\007"', '--setenv=PS1=<mock-chroot> \\s-\\v\\$ ', '--setenv=LANG=C.UTF-8', '--setenv=SOURCE_DATE_EPOCH=1789750463', '/bin/sh', '-c', 'rpmbuild --help'] with env {'TERM': 'vt100', 'SHELL': '/bin/bash', 'HOME': '/builddir', 'HOSTNAME': 'mock', 'PATH': '/usr/bin:/bin:/usr/sbin:/sbin', 'PROMPT_COMMAND': 'printf "\\033]0;<mock-chroot>\\007"', 'PS1': '<mock-chroot> \\s-\\v\\$ ', 'LANG': 'C.UTF-8', 'SOURCE_DATE_EPOCH': '1789750463', 'SYSTEMD_NSPAWN_TMPFS_TMP': '0', 'SYSTEMD_SECCOMP': '0'} and shell False
DEBUG util.py:537:  Usage: rpmbuild [OPTION...]
DEBUG util.py:537:  Build options with [ <specfile> | <tarball> | <source package> ]:
DEBUG util.py:537:        -bp                        build through %prep (unpack sources and apply
DEBUG util.py:537:                                   patches) from <specfile>
DEBUG util.py:537:        -bc                        build through %build (%prep, then compile)
DEBUG util.py:537:                                   from <specfile>
DEBUG util.py:537:        -bi                        build through %install (%prep, %build, then
DEBUG util.py:537:                                   install) from <specfile>
DEBUG util.py:537:        -bl                        verify %files section from <specfile>
DEBUG util.py:537:        -ba                        build source and binary packages from
DEBUG util.py:537:                                   <specfile>
DEBUG util.py:537:        -bb                        build binary package only from <specfile>
DEBUG util.py:537:        -bs                        build source package only from <specfile>
DEBUG util.py:537:        -rp                        build through %prep (unpack sources and apply
DEBUG util.py:537:                                   patches) from <source package>
DEBUG util.py:537:        -rc                        build through %build (%prep, then compile)
DEBUG util.py:537:                                   from <source package>
DEBUG util.py:537:        -ri                        build through %install (%prep, %build, then
DEBUG util.py:537:                                   install) from <source package>
DEBUG util.py:537:        -rl                        verify %files section from <source package>
DEBUG util.py:537:        -ra                        build source and binary packages from <source
DEBUG util.py:537:                                   package>
DEBUG util.py:537:        -rb                        build binary package only from <source
DEBUG util.py:537:                                   package>
DEBUG util.py:537:        -rs                        build source package only from <source
DEBUG util.py:537:                                   package>
DEBUG util.py:537:        -tp                        build through %prep (unpack sources and apply
DEBUG util.py:537:                                   patches) from <tarball>
DEBUG util.py:537:        -tc                        build through %build (%prep, then compile)
DEBUG util.py:537:                                   from <tarball>
DEBUG util.py:537:        -ti                        build through %install (%prep, %build, then
DEBUG util.py:537:                                   install) from <tarball>
DEBUG util.py:537:        -ta                        build source and binary packages from
DEBUG util.py:537:                                   <tarball>
DEBUG util.py:537:        -tb                        build binary package only from <tarball>
DEBUG util.py:537:        -ts                        build source package only from <tarball>
DEBUG util.py:537:        --rebuild                  build binary package from <source package>
DEBUG util.py:537:        --recompile                build through %install (%prep, %build, then
DEBUG util.py:537:                                   install) from <source package>
DEBUG util.py:537:        --buildroot=DIRECTORY      override build root
DEBUG util.py:537:        --build-in-place           run build in current directory
DEBUG util.py:537:        --clean                    remove build tree when done
DEBUG util.py:537:        --nobuild                  do not execute any stages of the build
DEBUG util.py:537:        --nodeps                   do not verify build dependencies
DEBUG util.py:537:        --nodirtokens              generate package header(s) compatible with
DEBUG util.py:537:                                   (legacy) rpm v3 packaging
DEBUG util.py:537:        --noclean                  do not execute %clean stage of the build
DEBUG util.py:537:        --noprep                   do not execute %prep stage of the build
DEBUG util.py:537:        --nocheck                  do not execute %check stage of the build
DEBUG util.py:537:        --rmsource                 remove sources when done
DEBUG util.py:537:        --rmspec                   remove specfile when done
DEBUG util.py:537:        --short-circuit            skip straight to specified stage (only for
DEBUG util.py:537:                                   c,i)
DEBUG util.py:537:        --target=CPU-VENDOR-OS     override target platform
DEBUG util.py:537:  Common options for all rpm modes and executables:
DEBUG util.py:537:    -D, --define='MACRO EXPR'      define MACRO with value EXPR
DEBUG util.py:537:        --undefine=MACRO           undefine MACRO
DEBUG util.py:537:    -E, --eval='EXPR'              print macro expansion of EXPR
DEBUG util.py:537:        --target=CPU-VENDOR-OS     Specify target platform
DEBUG util.py:537:        --macros=<FILE:...>        read <FILE:...> instead of default file(s)
DEBUG util.py:537:        --noplugins                don't enable any plugins
DEBUG util.py:537:        --nodigest                 don't verify package digest(s)
DEBUG util.py:537:        --nosignature              don't verify package signature(s)
DEBUG util.py:537:        --rcfile=<FILE:...>        read <FILE:...> instead of default file(s)
DEBUG util.py:537:    -r, --root=ROOT                use ROOT as top level directory (default: "/")
DEBUG util.py:537:        --dbpath=DIRECTORY         use database in DIRECTORY
DEBUG util.py:537:        --querytags                display known query tags
DEBUG util.py:537:        --showrc                   display final rpmrc and macro configuration
DEBUG util.py:537:        --quiet                    provide less detailed output
DEBUG util.py:537:    -v, --verbose                  provide more detailed output
DEBUG util.py:537:        --version                  print the version of rpm being used
DEBUG util.py:537:  Options implemented via popt alias/exec:
DEBUG util.py:537:        --with=<option>            enable configure <option> for build
DEBUG util.py:537:        --without=<option>         disable configure <option> for build
DEBUG util.py:537:        --buildpolicy=<policy>     set buildroot <policy> (e.g. compress man
DEBUG util.py:537:                                   pages)
DEBUG util.py:537:        --sign                     generate GPG signature (deprecated, use
DEBUG util.py:537:                                   command rpmsign instead)
DEBUG util.py:537:        --nodebuginfo              do not generate debuginfo for this package
DEBUG util.py:537:  Help options:
DEBUG util.py:537:    -?, --help                     Show this help message
DEBUG util.py:537:        --usage                    Display brief usage message
DEBUG util.py:688:  Child return code was: 0
DEBUG util.py:717:  child environment: None
DEBUG backend.py:610:  Copying package to result dir
DEBUG util.py:200:  kill orphans in chroot /var/lib/mock/xCAT-genesis-base-opensuse-leap-15.6-x86_64/root
DEBUG util.py:717:  child environment: None
DEBUG util.py:636:  Executing command: ['/bin/umount', '-n', '/var/lib/mock/xCAT-genesis-base-opensuse-leap-15.6-x86_64/root/var/cache/dnf'] with env {'TERM': 'vt100', 'SHELL': '/bin/sh', 'HOME': '/builddir', 'HOSTNAME': 'mock', 'PATH': '/usr/bin:/bin:/usr/sbin:/sbin', 'LANG': 'C.UTF-8'} and shell False
DEBUG util.py:688:  Child return code was: 0
DEBUG util.py:717:  child environment: None
DEBUG util.py:636:  Executing command: ['/bin/umount', '-n', '/var/lib/mock/xCAT-genesis-base-opensuse-leap-15.6-x86_64/root/var/cache/yum'] with env {'TERM': 'vt100', 'SHELL': '/bin/sh', 'HOME': '/builddir', 'HOSTNAME': 'mock', 'PATH': '/usr/bin:/bin:/usr/sbin:/sbin', 'LANG': 'C.UTF-8'} and shell False
DEBUG util.py:688:  Child return code was: 0
DEBUG util.py:200:  kill orphans in chroot /var/lib/mock/xCAT-genesis-base-opensuse-leap-15.6-x86_64-bootstrap/root
DEBUG util.py:717:  child environment: None
DEBUG util.py:636:  Executing command: ['/bin/umount', '-n', '/var/lib/mock/xCAT-genesis-base-opensuse-leap-15.6-x86_64-bootstrap/root/var/cache/dnf'] with env {'TERM': 'vt100', 'SHELL': '/bin/sh', 'HOME': '/builddir', 'HOSTNAME': 'mock', 'PATH': '/usr/bin:/bin:/usr/sbin:/sbin', 'LANG': 'C.UTF-8'} and shell False
DEBUG util.py:688:  Child return code was: 0
DEBUG util.py:717:  child environment: None
DEBUG util.py:636:  Executing command: ['/bin/umount', '-n', '/var/lib/mock/xCAT-genesis-base-opensuse-leap-15.6-x86_64-bootstrap/root/var/cache/yum'] with env {'TERM': 'vt100', 'SHELL': '/bin/sh', 'HOME': '/builddir', 'HOSTNAME': 'mock', 'PATH': '/usr/bin:/bin:/usr/sbin:/sbin', 'LANG': 'C.UTF-8'} and shell False
DEBUG util.py:688:  Child return code was: 0
INFO buildroot.py:704:  Mock Version: 6.8
DEBUG file_util.py:17:  ensuring that dir exists: /var/lib/mock/xCAT-genesis-base-opensuse-leap-15.6-x86_64/root
DEBUG file_util.py:20:  created dir: /var/lib/mock/xCAT-genesis-base-opensuse-leap-15.6-x86_64/root
DEBUG file_util.py:17:  ensuring that dir exists: /var/lib/mock/xCAT-genesis-base-opensuse-leap-15.6-x86_64-bootstrap
DEBUG file_util.py:17:  ensuring that dir exists: /var/lib/mock/xCAT-genesis-base-opensuse-leap-15.6-x86_64-bootstrap
DEBUG file_util.py:17:  ensuring that dir exists: /var/lib/mock/xCAT-genesis-base-opensuse-leap-15.6-x86_64-bootstrap/root
DEBUG file_util.py:17:  ensuring that dir exists: /var/lib/mock/xCAT-genesis-base-opensuse-leap-15.6-x86_64-bootstrap/results
INFO buildroot.py:321:  calling preinit hooks
DEBUG file_util.py:17:  ensuring that dir exists: /var/cache/mock/xCAT-genesis-base-opensuse-leap-15.6-x86_64-bootstrap/root_cache/
DEBUG file_util.py:17:  ensuring that dir exists: /var/cache/mock/xCAT-genesis-base-opensuse-leap-15.6-x86_64-bootstrap/yum_cache
DEBUG file_util.py:17:  ensuring that dir exists: /var/cache/mock/xCAT-genesis-base-opensuse-leap-15.6-x86_64-bootstrap/dnf_cache
DEBUG buildroot.py:760:  create skeleton dirs
DEBUG file_util.py:17:  ensuring that dir exists: /var/lib/mock/xCAT-genesis-base-opensuse-leap-15.6-x86_64-bootstrap/root/var/lib/rpm
DEBUG file_util.py:17:  ensuring that dir exists: /var/lib/mock/xCAT-genesis-base-opensuse-leap-15.6-x86_64-bootstrap/root/var/lib/yum
DEBUG file_util.py:17:  ensuring that dir exists: /var/lib/mock/xCAT-genesis-base-opensuse-leap-15.6-x86_64-bootstrap/root/var/lib/dbus
DEBUG file_util.py:17:  ensuring that dir exists: /var/lib/mock/xCAT-genesis-base-opensuse-leap-15.6-x86_64-bootstrap/root/var/log
DEBUG file_util.py:17:  ensuring that dir exists: /var/lib/mock/xCAT-genesis-base-opensuse-leap-15.6-x86_64-bootstrap/root/var/cache/dnf
DEBUG file_util.py:17:  ensuring that dir exists: /var/lib/mock/xCAT-genesis-base-opensuse-leap-15.6-x86_64-bootstrap/root/var/cache/yum
DEBUG file_util.py:17:  ensuring that dir exists: /var/lib/mock/xCAT-genesis-base-opensuse-leap-15.6-x86_64-bootstrap/root/etc/rpm
DEBUG file_util.py:17:  ensuring that dir exists: /var/lib/mock/xCAT-genesis-base-opensuse-leap-15.6-x86_64-bootstrap/root/tmp
DEBUG file_util.py:17:  ensuring that dir exists: /var/lib/mock/xCAT-genesis-base-opensuse-leap-15.6-x86_64-bootstrap/root/tmp/ccache
DEBUG file_util.py:17:  ensuring that dir exists: /var/lib/mock/xCAT-genesis-base-opensuse-leap-15.6-x86_64-bootstrap/root/var/tmp
DEBUG file_util.py:17:  ensuring that dir exists: /var/lib/mock/xCAT-genesis-base-opensuse-leap-15.6-x86_64-bootstrap/root/etc/dnf
DEBUG file_util.py:17:  ensuring that dir exists: /var/lib/mock/xCAT-genesis-base-opensuse-leap-15.6-x86_64-bootstrap/root/etc/dnf/vars
DEBUG file_util.py:17:  ensuring that dir exists: /var/lib/mock/xCAT-genesis-base-opensuse-leap-15.6-x86_64-bootstrap/root/etc/yum.repos.d
DEBUG file_util.py:20:  created dir: /var/lib/mock/xCAT-genesis-base-opensuse-leap-15.6-x86_64-bootstrap/root/etc/yum.repos.d
DEBUG file_util.py:17:  ensuring that dir exists: /var/lib/mock/xCAT-genesis-base-opensuse-leap-15.6-x86_64-bootstrap/root/etc/yum
DEBUG file_util.py:17:  ensuring that dir exists: /var/lib/mock/xCAT-genesis-base-opensuse-leap-15.6-x86_64-bootstrap/root/proc
DEBUG file_util.py:17:  ensuring that dir exists: /var/lib/mock/xCAT-genesis-base-opensuse-leap-15.6-x86_64-bootstrap/root/sys
DEBUG file_util.py:17:  ensuring that dir exists: /var/lib/mock/xCAT-genesis-base-opensuse-leap-15.6-x86_64-bootstrap/root/run/lock
DEBUG file_util.py:17:  ensuring that dir exists: /var/lib/mock/xCAT-genesis-base-opensuse-leap-15.6-x86_64-bootstrap/root/dev/pts
DEBUG file_util.py:17:  ensuring that dir exists: /var/lib/mock/xCAT-genesis-base-opensuse-leap-15.6-x86_64-bootstrap/root/dev/shm
DEBUG file_util.py:17:  ensuring that dir exists: /var/lib/mock/xCAT-genesis-base-opensuse-leap-15.6-x86_64-bootstrap/root/dev/mapper
DEBUG file_util.py:20:  created dir: /var/lib/mock/xCAT-genesis-base-opensuse-leap-15.6-x86_64-bootstrap/root/dev/mapper
DEBUG buildroot.py:904:  kernel version == 6.12.0-211.7.3.el10_2.x86_64
DEBUG file_util.py:29:  touching file: /var/lib/mock/xCAT-genesis-base-opensuse-leap-15.6-x86_64-bootstrap/root/etc/fstab
DEBUG file_util.py:29:  touching file: /var/lib/mock/xCAT-genesis-base-opensuse-leap-15.6-x86_64-bootstrap/root/etc/yum/yum.conf
DEBUG file_util.py:29:  touching file: /var/lib/mock/xCAT-genesis-base-opensuse-leap-15.6-x86_64-bootstrap/root/etc/dnf/dnf.conf
DEBUG file_util.py:29:  touching file: /var/lib/mock/xCAT-genesis-base-opensuse-leap-15.6-x86_64-bootstrap/root/var/log/yum.log
DEBUG buildroot.py:335:  rootdir = /var/lib/mock/xCAT-genesis-base-opensuse-leap-15.6-x86_64-bootstrap/root
DEBUG buildroot.py:336:  resultdir = /var/lib/mock/xCAT-genesis-base-opensuse-leap-15.6-x86_64-bootstrap/results
DEBUG package_manager.py:64:  searching for 'dnf4' package manager or alternatives
INFO buildroot.py:183:  Package manager dnf4 detected and used (fallback)
DEBUG file_util.py:17:  ensuring that dir exists: /var/lib/mock/xCAT-genesis-base-opensuse-leap-15.6-x86_64-bootstrap/root/etc/pki/mock
DEBUG package_manager.py:406:  copying CA trust dir into chroot: /etc/pki/ca-trust => /etc/pki/ca-trust
DEBUG file_util.py:191:  Updating files in /var/lib/mock/xCAT-genesis-base-opensuse-leap-15.6-x86_64-bootstrap/root/etc/pki/ca-trust with files from /etc/pki/ca-trust
DEBUG file_util.py:17:  ensuring that dir exists: /var/lib/mock/xCAT-genesis-base-opensuse-leap-15.6-x86_64-bootstrap/root/etc/pki/ca-trust
DEBUG file_util.py:17:  ensuring that dir exists: /var/lib/mock/xCAT-genesis-base-opensuse-leap-15.6-x86_64-bootstrap/root/etc/pki/ca-trust/./extracted
DEBUG file_util.py:17:  ensuring that dir exists: /var/lib/mock/xCAT-genesis-base-opensuse-leap-15.6-x86_64-bootstrap/root/etc/pki/ca-trust/./source
DEBUG file_util.py:17:  ensuring that dir exists: /var/lib/mock/xCAT-genesis-base-opensuse-leap-15.6-x86_64-bootstrap/root/etc/pki/ca-trust/extracted/edk2
DEBUG file_util.py:17:  ensuring that dir exists: /var/lib/mock/xCAT-genesis-base-opensuse-leap-15.6-x86_64-bootstrap/root/etc/pki/ca-trust/extracted/java
DEBUG file_util.py:17:  ensuring that dir exists: /var/lib/mock/xCAT-genesis-base-opensuse-leap-15.6-x86_64-bootstrap/root/etc/pki/ca-trust/extracted/openssl
DEBUG file_util.py:17:  ensuring that dir exists: /var/lib/mock/xCAT-genesis-base-opensuse-leap-15.6-x86_64-bootstrap/root/etc/pki/ca-trust/extracted/pem
DEBUG file_util.py:17:  ensuring that dir exists: /var/lib/mock/xCAT-genesis-base-opensuse-leap-15.6-x86_64-bootstrap/root/etc/pki/ca-trust/extracted/pem/directory-hash
DEBUG file_util.py:17:  ensuring that dir exists: /var/lib/mock/xCAT-genesis-base-opensuse-leap-15.6-x86_64-bootstrap/root/etc/pki/ca-trust/source/anchors
DEBUG file_util.py:17:  ensuring that dir exists: /var/lib/mock/xCAT-genesis-base-opensuse-leap-15.6-x86_64-bootstrap/root/etc/pki/ca-trust/source/blocklist
DEBUG package_manager.py:406:  copying CA trust dir into chroot: /usr/share/pki/ca-trust-source => /usr/share/pki/ca-trust-source
DEBUG file_util.py:191:  Updating files in /var/lib/mock/xCAT-genesis-base-opensuse-leap-15.6-x86_64-bootstrap/root/usr/share/pki/ca-trust-source with files from /usr/share/pki/ca-trust-source
DEBUG file_util.py:17:  ensuring that dir exists: /var/lib/mock/xCAT-genesis-base-opensuse-leap-15.6-x86_64-bootstrap/root/usr/share/pki/ca-trust-source
DEBUG file_util.py:17:  ensuring that dir exists: /var/lib/mock/xCAT-genesis-base-opensuse-leap-15.6-x86_64-bootstrap/root/usr/share/pki/ca-trust-source/./anchors
DEBUG file_util.py:17:  ensuring that dir exists: /var/lib/mock/xCAT-genesis-base-opensuse-leap-15.6-x86_64-bootstrap/root/usr/share/pki/ca-trust-source/./blocklist
DEBUG package_manager.py:412:  copying CA bundle into chroot
DEBUG file_util.py:17:  ensuring that dir exists: /var/lib/mock/xCAT-genesis-base-opensuse-leap-15.6-x86_64-bootstrap/root/var/lib/ca-certificates
DEBUG file_util.py:17:  ensuring that dir exists: /var/lib/mock/xCAT-genesis-base-opensuse-leap-15.6-x86_64-bootstrap/root/usr/share
DEBUG package_manager.py:390:  Copying /usr/share/distribution-gpg-keys to the bootstrap chroot
DEBUG util.py:717:  child environment: None
DEBUG util.py:636:  Executing command: ['cp', '-a', '/usr/share/distribution-gpg-keys', '/var/lib/mock/xCAT-genesis-base-opensuse-leap-15.6-x86_64-bootstrap/root/usr/share'] with env {'TERM': 'vt100', 'SHELL': '/bin/sh', 'HOME': '/builddir', 'HOSTNAME': 'mock', 'PATH': '/usr/bin:/bin:/usr/sbin:/sbin', 'LANG': 'C.UTF-8'} and shell False
DEBUG util.py:688:  Child return code was: 0
DEBUG file_util.py:17:  ensuring that dir exists: /var/lib/mock/xCAT-genesis-base-opensuse-leap-15.6-x86_64-bootstrap/root/etc/dnf
DEBUG package_manager.py:693:  configure DNF vars
DEBUG file_util.py:17:  ensuring that dir exists: /var/lib/mock/xCAT-genesis-base-opensuse-leap-15.6-x86_64-bootstrap/root/var/cache/yum
DEBUG util.py:717:  child environment: None
DEBUG util.py:636:  Executing command: ['/bin/mount', '-n', '-o', 'bind', '/var/cache/mock/xCAT-genesis-base-opensuse-leap-15.6-x86_64-bootstrap/yum_cache', '/var/lib/mock/xCAT-genesis-base-opensuse-leap-15.6-x86_64-bootstrap/root/var/cache/yum'] with env {'TERM': 'vt100', 'SHELL': '/bin/sh', 'HOME': '/builddir', 'HOSTNAME': 'mock', 'PATH': '/usr/bin:/bin:/usr/sbin:/sbin', 'LANG': 'C.UTF-8'} and shell False
DEBUG util.py:688:  Child return code was: 0
DEBUG file_util.py:17:  ensuring that dir exists: /var/lib/mock/xCAT-genesis-base-opensuse-leap-15.6-x86_64-bootstrap/root/var/cache/dnf
DEBUG util.py:717:  child environment: None
DEBUG util.py:636:  Executing command: ['/bin/mount', '-n', '-o', 'bind', '/var/cache/mock/xCAT-genesis-base-opensuse-leap-15.6-x86_64-bootstrap/dnf_cache', '/var/lib/mock/xCAT-genesis-base-opensuse-leap-15.6-x86_64-bootstrap/root/var/cache/dnf'] with env {'TERM': 'vt100', 'SHELL': '/bin/sh', 'HOME': '/builddir', 'HOSTNAME': 'mock', 'PATH': '/usr/bin:/bin:/usr/sbin:/sbin', 'LANG': 'C.UTF-8'} and shell False
DEBUG util.py:688:  Child return code was: 0
DEBUG file_util.py:17:  ensuring that dir exists: /var/lib/mock/xCAT-genesis-base-opensuse-leap-15.6-x86_64-bootstrap/root/etc
DEBUG file_util.py:17:  ensuring that dir exists: /var/lib/mock/xCAT-genesis-base-opensuse-leap-15.6-x86_64-bootstrap/root/etc
DEBUG buildroot.py:39:  method _cleanup_homedir skipped in bootstrap
DEBUG buildroot.py:39:  method _setup_build_dirs skipped in bootstrap
DEBUG buildroot.py:39:  method _make_users skipped in bootstrap
DEBUG file_util.py:29:  touching file: /var/lib/mock/xCAT-genesis-base-opensuse-leap-15.6-x86_64-bootstrap/root/.initialized
DEBUG file_util.py:17:  ensuring that dir exists: /var/lib/mock/xCAT-genesis-base-opensuse-leap-15.6-x86_64
DEBUG file_util.py:17:  ensuring that dir exists: /var/lib/mock/xCAT-genesis-base-opensuse-leap-15.6-x86_64/root
DEBUG file_util.py:17:  ensuring that dir exists: dist/opensuse-leap-15.6-x86_64/rpms/SRPMS/
INFO buildroot.py:321:  calling preinit hooks
DEBUG file_util.py:17:  ensuring that dir exists: /var/cache/mock/xCAT-genesis-base-opensuse-leap-15.6-x86_64/root_cache/
DEBUG file_util.py:17:  ensuring that dir exists: /var/lib/mock/xCAT-genesis-base-opensuse-leap-15.6-x86_64/root
DEBUG util.py:717:  child environment: None
DEBUG util.py:636:  Executing command: ['/bin/tar', '--use-compress-program', 'pigz', '-xf', '/var/cache/mock/xCAT-genesis-base-opensuse-leap-15.6-x86_64/root_cache/cache.tar.gz', '-C', '/var/lib/mock/xCAT-genesis-base-opensuse-leap-15.6-x86_64/root'] with env {'TERM': 'vt100', 'SHELL': '/bin/sh', 'HOME': '/builddir', 'HOSTNAME': 'mock', 'PATH': '/usr/bin:/bin:/usr/sbin:/sbin', 'LANG': 'C.UTF-8'} and shell False
DEBUG util.py:688:  Child return code was: 0
DEBUG file_util.py:17:  ensuring that dir exists: /var/lib/mock/xCAT-genesis-base-opensuse-leap-15.6-x86_64/root/./proc
DEBUG file_util.py:20:  created dir: /var/lib/mock/xCAT-genesis-base-opensuse-leap-15.6-x86_64/root/./proc
DEBUG file_util.py:17:  ensuring that dir exists: /var/lib/mock/xCAT-genesis-base-opensuse-leap-15.6-x86_64/root/./sys
DEBUG file_util.py:20:  created dir: /var/lib/mock/xCAT-genesis-base-opensuse-leap-15.6-x86_64/root/./sys
DEBUG file_util.py:17:  ensuring that dir exists: /var/lib/mock/xCAT-genesis-base-opensuse-leap-15.6-x86_64/root/./dev
DEBUG file_util.py:20:  created dir: /var/lib/mock/xCAT-genesis-base-opensuse-leap-15.6-x86_64/root/./dev
DEBUG file_util.py:17:  ensuring that dir exists: /var/lib/mock/xCAT-genesis-base-opensuse-leap-15.6-x86_64/root/./tmp/ccache
DEBUG file_util.py:20:  created dir: /var/lib/mock/xCAT-genesis-base-opensuse-leap-15.6-x86_64/root/./tmp/ccache
DEBUG file_util.py:17:  ensuring that dir exists: /var/lib/mock/xCAT-genesis-base-opensuse-leap-15.6-x86_64/root/./var/cache/yum
DEBUG file_util.py:20:  created dir: /var/lib/mock/xCAT-genesis-base-opensuse-leap-15.6-x86_64/root/./var/cache/yum
DEBUG file_util.py:17:  ensuring that dir exists: /var/lib/mock/xCAT-genesis-base-opensuse-leap-15.6-x86_64/root/./var/cache/dnf
DEBUG file_util.py:20:  created dir: /var/lib/mock/xCAT-genesis-base-opensuse-leap-15.6-x86_64/root/./var/cache/dnf
DEBUG file_util.py:17:  ensuring that dir exists: /var/lib/mock/xCAT-genesis-base-opensuse-leap-15.6-x86_64/root/./var/log
DEBUG file_util.py:20:  created dir: /var/lib/mock/xCAT-genesis-base-opensuse-leap-15.6-x86_64/root/./var/log
DEBUG file_util.py:17:  ensuring that dir exists: /var/cache/mock/xCAT-genesis-base-opensuse-leap-15.6-x86_64/yum_cache
DEBUG file_util.py:17:  ensuring that dir exists: /var/cache/mock/xCAT-genesis-base-opensuse-leap-15.6-x86_64/dnf_cache
DEBUG util.py:717:  child environment: None
DEBUG util.py:636:  Executing command: ['/usr/bin/lscpu'] with env {'TERM': 'vt100', 'SHELL': '/bin/sh', 'HOME': '/builddir', 'HOSTNAME': 'mock', 'PATH': '/usr/bin:/bin:/usr/sbin:/sbin', 'LANG': 'C.UTF-8'} and shell False
DEBUG util.py:537:  Architecture:                            x86_64
DEBUG util.py:537:  CPU op-mode(s):                          32-bit, 64-bit
DEBUG util.py:537:  Address sizes:                           48 bits physical, 48 bits virtual
DEBUG util.py:537:  Byte Order:                              Little Endian
DEBUG util.py:537:  CPU(s):                                  8
DEBUG util.py:537:  On-line CPU(s) list:                     0-7
DEBUG util.py:537:  Vendor ID:                               AuthenticAMD
DEBUG util.py:537:  BIOS Vendor ID:                          Red Hat
DEBUG util.py:537:  Model name:                              AMD EPYC 7H12 64-Core Processor
DEBUG util.py:537:  BIOS Model name:                         RHEL-10.0.0 PC (Q35 + ICH9, 2009)  CPU @ 2.0GHz
DEBUG util.py:537:  BIOS CPU family:                         1
DEBUG util.py:537:  CPU family:                              23
DEBUG util.py:537:  Model:                                   49
DEBUG util.py:537:  Thread(s) per core:                      1
DEBUG util.py:537:  Core(s) per socket:                      1
DEBUG util.py:537:  Socket(s):                               8
DEBUG util.py:537:  Stepping:                                0
DEBUG util.py:537:  BogoMIPS:                                5190.24
DEBUG util.py:537:  Flags:                                   fpu vme de pse tsc msr pae mce cx8 apic sep mtrr pge mca cmov pat pse36 clflush mmx fxsr sse sse2 syscall nx mmxext fxsr_opt pdpe1gb rdtscp lm rep_good nopl cpuid extd_apicid tsc_known_freq pni pclmulqdq ssse3 fma cx16 sse4_1 sse4_2 x2apic movbe popcnt tsc_deadline_timer aes xsave avx f16c rdrand hypervisor lahf_lm cmp_legacy svm cr8_legacy abm sse4a misalignsse 3dnowprefetch osvw perfctr_core ssbd ibrs ibpb stibp vmmcall fsgsbase tsc_adjust bmi1 avx2 smep bmi2 rdseed adx smap clflushopt clwb sha_ni xsaveopt xsavec xgetbv1 xsaves clzero xsaveerptr wbnoinvd arat npt lbrv nrip_save tsc_scale vmcb_clean flushbyasid pausefilter pfthreshold v_vmsave_vmload vgif umip rdpid overflow_recov succor arch_capabilities
DEBUG util.py:537:  Virtualization:                          AMD-V
DEBUG util.py:537:  Hypervisor vendor:                       KVM
DEBUG util.py:537:  Virtualization type:                     full
DEBUG util.py:537:  L1d cache:                               512 KiB (8 instances)
DEBUG util.py:537:  L1i cache:                               512 KiB (8 instances)
DEBUG util.py:537:  L2 cache:                                4 MiB (8 instances)
DEBUG util.py:537:  L3 cache:                                128 MiB (8 instances)
DEBUG util.py:537:  NUMA node(s):                            1
DEBUG util.py:537:  NUMA node0 CPU(s):                       0-7
DEBUG util.py:537:  Vulnerability Gather data sampling:      Not affected
DEBUG util.py:537:  Vulnerability Indirect target selection: Not affected
DEBUG util.py:537:  Vulnerability Itlb multihit:             Not affected
DEBUG util.py:537:  Vulnerability L1tf:                      Not affected
DEBUG util.py:537:  Vulnerability Mds:                       Not affected
DEBUG util.py:537:  Vulnerability Meltdown:                  Not affected
DEBUG util.py:537:  Vulnerability Mmio stale data:           Not affected
DEBUG util.py:537:  Vulnerability Old microcode:             Not affected
DEBUG util.py:537:  Vulnerability Reg file data sampling:    Not affected
DEBUG util.py:537:  Vulnerability Retbleed:                  Mitigation; untrained return thunk; SMT disabled
DEBUG util.py:537:  Vulnerability Spec rstack overflow:      Mitigation; SMT disabled
DEBUG util.py:537:  Vulnerability Spec store bypass:         Mitigation; Speculative Store Bypass disabled via prctl
DEBUG util.py:537:  Vulnerability Spectre v1:                Mitigation; usercopy/swapgs barriers and __user pointer sanitization
DEBUG util.py:537:  Vulnerability Spectre v2:                Mitigation; Retpolines; IBPB conditional; STIBP disabled; RSB filling; PBRSB-eIBRS Not affected; BHI Not affected
DEBUG util.py:537:  Vulnerability Srbds:                     Not affected
DEBUG util.py:537:  Vulnerability Tsa:                       Not affected
DEBUG util.py:537:  Vulnerability Tsx async abort:           Not affected
DEBUG util.py:537:  Vulnerability Vmscape:                   Not affected
DEBUG util.py:688:  Child return code was: 0
DEBUG util.py:717:  child environment: None
DEBUG util.py:636:  Executing command: ['/bin/free', '--human'] with env {'TERM': 'vt100', 'SHELL': '/bin/sh', 'HOME': '/builddir', 'HOSTNAME': 'mock', 'PATH': '/usr/bin:/bin:/usr/sbin:/sbin', 'LANG': 'C.UTF-8'} and shell False
DEBUG util.py:537:                 total        used        free      shared  buff/cache   available
DEBUG util.py:537:  Mem:            15Gi       3.5Gi       2.6Gi       141Mi        10Gi        12Gi
DEBUG util.py:537:  Swap:             0B          0B          0B
DEBUG util.py:688:  Child return code was: 0
DEBUG util.py:717:  child environment: None
DEBUG util.py:636:  Executing command: ['/bin/df', '-H', '-T', '/var/lib/mock/xCAT-genesis-base-opensuse-leap-15.6-x86_64/root', '/var/cache/mock'] with env {'TERM': 'vt100', 'SHELL': '/bin/sh', 'HOME': '/builddir', 'HOSTNAME': 'mock', 'PATH': '/usr/bin:/bin:/usr/sbin:/sbin', 'LANG': 'C.UTF-8'} and shell False
DEBUG util.py:537:  Filesystem     Type  Size  Used Avail Use% Mounted on
DEBUG util.py:537:  /dev/vda4      xfs   216G  154G   62G  72% /
DEBUG util.py:537:  /dev/vda4      xfs   216G  154G   62G  72% /
DEBUG util.py:688:  Child return code was: 0
DEBUG buildroot.py:760:  create skeleton dirs
DEBUG file_util.py:17:  ensuring that dir exists: /var/lib/mock/xCAT-genesis-base-opensuse-leap-15.6-x86_64/root/var/lib/rpm
DEBUG file_util.py:17:  ensuring that dir exists: /var/lib/mock/xCAT-genesis-base-opensuse-leap-15.6-x86_64/root/var/lib/yum
DEBUG file_util.py:17:  ensuring that dir exists: /var/lib/mock/xCAT-genesis-base-opensuse-leap-15.6-x86_64/root/var/lib/dbus
DEBUG file_util.py:17:  ensuring that dir exists: /var/lib/mock/xCAT-genesis-base-opensuse-leap-15.6-x86_64/root/var/log
DEBUG file_util.py:17:  ensuring that dir exists: /var/lib/mock/xCAT-genesis-base-opensuse-leap-15.6-x86_64/root/var/cache/dnf
DEBUG file_util.py:17:  ensuring that dir exists: /var/lib/mock/xCAT-genesis-base-opensuse-leap-15.6-x86_64/root/var/cache/yum
DEBUG file_util.py:17:  ensuring that dir exists: /var/lib/mock/xCAT-genesis-base-opensuse-leap-15.6-x86_64/root/etc/rpm
DEBUG file_util.py:17:  ensuring that dir exists: /var/lib/mock/xCAT-genesis-base-opensuse-leap-15.6-x86_64/root/tmp
DEBUG file_util.py:17:  ensuring that dir exists: /var/lib/mock/xCAT-genesis-base-opensuse-leap-15.6-x86_64/root/tmp/ccache
DEBUG file_util.py:17:  ensuring that dir exists: /var/lib/mock/xCAT-genesis-base-opensuse-leap-15.6-x86_64/root/var/tmp
DEBUG file_util.py:17:  ensuring that dir exists: /var/lib/mock/xCAT-genesis-base-opensuse-leap-15.6-x86_64/root/etc/dnf
DEBUG file_util.py:17:  ensuring that dir exists: /var/lib/mock/xCAT-genesis-base-opensuse-leap-15.6-x86_64/root/etc/dnf/vars
DEBUG file_util.py:17:  ensuring that dir exists: /var/lib/mock/xCAT-genesis-base-opensuse-leap-15.6-x86_64/root/etc/yum.repos.d
DEBUG file_util.py:20:  created dir: /var/lib/mock/xCAT-genesis-base-opensuse-leap-15.6-x86_64/root/etc/yum.repos.d
DEBUG file_util.py:17:  ensuring that dir exists: /var/lib/mock/xCAT-genesis-base-opensuse-leap-15.6-x86_64/root/etc/yum
DEBUG file_util.py:17:  ensuring that dir exists: /var/lib/mock/xCAT-genesis-base-opensuse-leap-15.6-x86_64/root/proc
DEBUG file_util.py:17:  ensuring that dir exists: /var/lib/mock/xCAT-genesis-base-opensuse-leap-15.6-x86_64/root/sys
DEBUG file_util.py:17:  ensuring that dir exists: /var/lib/mock/xCAT-genesis-base-opensuse-leap-15.6-x86_64/root/run/lock
DEBUG file_util.py:17:  ensuring that dir exists: /var/lib/mock/xCAT-genesis-base-opensuse-leap-15.6-x86_64/root/dev/pts
DEBUG file_util.py:20:  created dir: /var/lib/mock/xCAT-genesis-base-opensuse-leap-15.6-x86_64/root/dev/pts
DEBUG file_util.py:17:  ensuring that dir exists: /var/lib/mock/xCAT-genesis-base-opensuse-leap-15.6-x86_64/root/dev/shm
DEBUG file_util.py:20:  created dir: /var/lib/mock/xCAT-genesis-base-opensuse-leap-15.6-x86_64/root/dev/shm
DEBUG file_util.py:17:  ensuring that dir exists: /var/lib/mock/xCAT-genesis-base-opensuse-leap-15.6-x86_64/root/dev/mapper
DEBUG file_util.py:20:  created dir: /var/lib/mock/xCAT-genesis-base-opensuse-leap-15.6-x86_64/root/dev/mapper
DEBUG buildroot.py:904:  kernel version == 6.12.0-211.7.3.el10_2.x86_64
DEBUG file_util.py:29:  touching file: /var/lib/mock/xCAT-genesis-base-opensuse-leap-15.6-x86_64/root/etc/fstab
DEBUG file_util.py:29:  touching file: /var/lib/mock/xCAT-genesis-base-opensuse-leap-15.6-x86_64/root/etc/yum/yum.conf
DEBUG file_util.py:29:  touching file: /var/lib/mock/xCAT-genesis-base-opensuse-leap-15.6-x86_64/root/etc/dnf/dnf.conf
DEBUG file_util.py:29:  touching file: /var/lib/mock/xCAT-genesis-base-opensuse-leap-15.6-x86_64/root/var/log/yum.log
DEBUG buildroot.py:335:  rootdir = /var/lib/mock/xCAT-genesis-base-opensuse-leap-15.6-x86_64/root
DEBUG buildroot.py:336:  resultdir = dist/opensuse-leap-15.6-x86_64/rpms/SRPMS/
INFO buildroot.py:183:  Package manager dnf4 detected and used (direct choice)
DEBUG file_util.py:17:  ensuring that dir exists: /var/lib/mock/xCAT-genesis-base-opensuse-leap-15.6-x86_64/root/etc/pki/mock
DEBUG package_manager.py:406:  copying CA trust dir into chroot: /etc/pki/ca-trust => /etc/pki/ca-trust
DEBUG file_util.py:191:  Updating files in /var/lib/mock/xCAT-genesis-base-opensuse-leap-15.6-x86_64/root/etc/pki/ca-trust with files from /etc/pki/ca-trust
DEBUG file_util.py:17:  ensuring that dir exists: /var/lib/mock/xCAT-genesis-base-opensuse-leap-15.6-x86_64/root/etc/pki/ca-trust
DEBUG file_util.py:17:  ensuring that dir exists: /var/lib/mock/xCAT-genesis-base-opensuse-leap-15.6-x86_64/root/etc/pki/ca-trust/./extracted
DEBUG file_util.py:17:  ensuring that dir exists: /var/lib/mock/xCAT-genesis-base-opensuse-leap-15.6-x86_64/root/etc/pki/ca-trust/./source
DEBUG file_util.py:17:  ensuring that dir exists: /var/lib/mock/xCAT-genesis-base-opensuse-leap-15.6-x86_64/root/etc/pki/ca-trust/extracted/edk2
DEBUG file_util.py:17:  ensuring that dir exists: /var/lib/mock/xCAT-genesis-base-opensuse-leap-15.6-x86_64/root/etc/pki/ca-trust/extracted/java
DEBUG file_util.py:17:  ensuring that dir exists: /var/lib/mock/xCAT-genesis-base-opensuse-leap-15.6-x86_64/root/etc/pki/ca-trust/extracted/openssl
DEBUG file_util.py:17:  ensuring that dir exists: /var/lib/mock/xCAT-genesis-base-opensuse-leap-15.6-x86_64/root/etc/pki/ca-trust/extracted/pem
DEBUG file_util.py:17:  ensuring that dir exists: /var/lib/mock/xCAT-genesis-base-opensuse-leap-15.6-x86_64/root/etc/pki/ca-trust/extracted/pem/directory-hash
DEBUG file_util.py:17:  ensuring that dir exists: /var/lib/mock/xCAT-genesis-base-opensuse-leap-15.6-x86_64/root/etc/pki/ca-trust/source/anchors
DEBUG file_util.py:17:  ensuring that dir exists: /var/lib/mock/xCAT-genesis-base-opensuse-leap-15.6-x86_64/root/etc/pki/ca-trust/source/blocklist
DEBUG package_manager.py:406:  copying CA trust dir into chroot: /usr/share/pki/ca-trust-source => /usr/share/pki/ca-trust-source
DEBUG file_util.py:191:  Updating files in /var/lib/mock/xCAT-genesis-base-opensuse-leap-15.6-x86_64/root/usr/share/pki/ca-trust-source with files from /usr/share/pki/ca-trust-source
DEBUG file_util.py:17:  ensuring that dir exists: /var/lib/mock/xCAT-genesis-base-opensuse-leap-15.6-x86_64/root/usr/share/pki/ca-trust-source
DEBUG file_util.py:17:  ensuring that dir exists: /var/lib/mock/xCAT-genesis-base-opensuse-leap-15.6-x86_64/root/usr/share/pki/ca-trust-source/./anchors
DEBUG file_util.py:17:  ensuring that dir exists: /var/lib/mock/xCAT-genesis-base-opensuse-leap-15.6-x86_64/root/usr/share/pki/ca-trust-source/./blocklist
DEBUG package_manager.py:412:  copying CA bundle into chroot
DEBUG file_util.py:17:  ensuring that dir exists: /var/lib/mock/xCAT-genesis-base-opensuse-leap-15.6-x86_64/root/var/lib/ca-certificates
DEBUG file_util.py:17:  ensuring that dir exists: /var/lib/mock/xCAT-genesis-base-opensuse-leap-15.6-x86_64/root/etc/dnf
DEBUG package_manager.py:693:  configure DNF vars
DEBUG file_util.py:17:  ensuring that dir exists: /var/lib/mock/xCAT-genesis-base-opensuse-leap-15.6-x86_64/root/var/cache/yum
DEBUG util.py:717:  child environment: None
DEBUG util.py:636:  Executing command: ['/bin/mount', '-n', '-o', 'bind', '/var/cache/mock/xCAT-genesis-base-opensuse-leap-15.6-x86_64/yum_cache', '/var/lib/mock/xCAT-genesis-base-opensuse-leap-15.6-x86_64/root/var/cache/yum'] with env {'TERM': 'vt100', 'SHELL': '/bin/sh', 'HOME': '/builddir', 'HOSTNAME': 'mock', 'PATH': '/usr/bin:/bin:/usr/sbin:/sbin', 'LANG': 'C.UTF-8'} and shell False
DEBUG util.py:688:  Child return code was: 0
DEBUG file_util.py:17:  ensuring that dir exists: /var/lib/mock/xCAT-genesis-base-opensuse-leap-15.6-x86_64/root/var/cache/dnf
DEBUG util.py:717:  child environment: None
DEBUG util.py:636:  Executing command: ['/bin/mount', '-n', '-o', 'bind', '/var/cache/mock/xCAT-genesis-base-opensuse-leap-15.6-x86_64/dnf_cache', '/var/lib/mock/xCAT-genesis-base-opensuse-leap-15.6-x86_64/root/var/cache/dnf'] with env {'TERM': 'vt100', 'SHELL': '/bin/sh', 'HOME': '/builddir', 'HOSTNAME': 'mock', 'PATH': '/usr/bin:/bin:/usr/sbin:/sbin', 'LANG': 'C.UTF-8'} and shell False
DEBUG util.py:688:  Child return code was: 0
DEBUG file_util.py:29:  touching file: /var/lib/mock/xCAT-genesis-base-opensuse-leap-15.6-x86_64/root/etc/resolv.conf
DEBUG util.py:717:  child environment: None
DEBUG util.py:631:  Using nspawn with args None
DEBUG util.py:636:  Executing command: ['/usr/bin/systemd-nspawn', '-q', '-M', '0ebbfe5328c54411a5cea894b6c398cf', '-D', '/var/lib/mock/xCAT-genesis-base-opensuse-leap-15.6-x86_64-bootstrap/root', '-a', '--console=pipe', '--setenv=TERM=vt100', '--setenv=SHELL=/bin/sh', '--setenv=HOME=/builddir', '--setenv=HOSTNAME=mock', '--setenv=PATH=/usr/bin:/bin:/usr/sbin:/sbin', '--setenv=LANG=C.UTF-8', 'rpm', '-q', 'rpm', 'rpm-sequoia', 'python3-dnf', 'python3-dnf-plugins-core', 'yum', 'yum-utils', 'dnf5', 'dnf5-plugins'] with env {'TERM': 'vt100', 'SHELL': '/bin/sh', 'HOME': '/builddir', 'HOSTNAME': 'mock', 'PATH': '/usr/bin:/bin:/usr/sbin:/sbin', 'LANG': 'C.UTF-8', 'SYSTEMD_NSPAWN_TMPFS_TMP': '0', 'SYSTEMD_SECCOMP': '0'} and shell False
DEBUG util.py:537:  rpm-4.14.3-150400.59.16.1.x86_64
DEBUG util.py:537:  package rpm-sequoia is not installed
DEBUG util.py:537:  python3-dnf-4.10.0-bp156.4.2.noarch
DEBUG util.py:537:  python3-dnf-plugins-core-4.0.24-bp156.3.1.noarch
DEBUG util.py:537:  package yum is not installed
DEBUG util.py:537:  package yum-utils is not installed
DEBUG util.py:537:  package dnf5 is not installed
DEBUG util.py:537:  package dnf5-plugins is not installed
DEBUG util.py:688:  Child return code was: 5
INFO package_manager.py:202:  Buildroot is handled by package management downloaded with a bootstrap image:
  rpm-4.14.3-150400.59.16.1.x86_64
  python3-dnf-4.10.0-bp156.4.2.noarch
  python3-dnf-plugins-core-4.0.24-bp156.3.1.noarch
DEBUG file_util.py:17:  ensuring that dir exists: /var/lib/mock/xCAT-genesis-base-opensuse-leap-15.6-x86_64-bootstrap/root/var/lib/mock/xCAT-genesis-base-opensuse-leap-15.6-x86_64/root
DEBUG util.py:717:  child environment: None
DEBUG util.py:636:  Executing command: ['/bin/mount', '-n', '-t', 'tmpfs', '-o', 'private,mode=0755', 'tmpfs', '/var/lib/mock/xCAT-genesis-base-opensuse-leap-15.6-x86_64-bootstrap/root/var/lib/mock/xCAT-genesis-base-opensuse-leap-15.6-x86_64/root'] with env {'TERM': 'vt100', 'SHELL': '/bin/sh', 'HOME': '/builddir', 'HOSTNAME': 'mock', 'PATH': '/usr/bin:/bin:/usr/sbin:/sbin', 'LANG': 'C.UTF-8'} and shell False
DEBUG util.py:688:  Child return code was: 0
DEBUG file_util.py:17:  ensuring that dir exists: /var/lib/mock/xCAT-genesis-base-opensuse-leap-15.6-x86_64-bootstrap/root/var/lib/mock/xCAT-genesis-base-opensuse-leap-15.6-x86_64/root
DEBUG util.py:717:  child environment: None
DEBUG util.py:636:  Executing command: ['/bin/mount', '-n', '-o', 'rbind', '/var/lib/mock/xCAT-genesis-base-opensuse-leap-15.6-x86_64/root', '/var/lib/mock/xCAT-genesis-base-opensuse-leap-15.6-x86_64-bootstrap/root/var/lib/mock/xCAT-genesis-base-opensuse-leap-15.6-x86_64/root'] with env {'TERM': 'vt100', 'SHELL': '/bin/sh', 'HOME': '/builddir', 'HOSTNAME': 'mock', 'PATH': '/usr/bin:/bin:/usr/sbin:/sbin', 'LANG': 'C.UTF-8'} and shell False
DEBUG util.py:688:  Child return code was: 0
DEBUG util.py:717:  child environment: None
DEBUG util.py:636:  Executing command: ['/bin/mount', '-n', '-o', 'remount,private,rbind', '--target', '/var/lib/mock/xCAT-genesis-base-opensuse-leap-15.6-x86_64-bootstrap/root/var/lib/mock/xCAT-genesis-base-opensuse-leap-15.6-x86_64/root'] with env {'TERM': 'vt100', 'SHELL': '/bin/sh', 'HOME': '/builddir', 'HOSTNAME': 'mock', 'PATH': '/usr/bin:/bin:/usr/sbin:/sbin', 'LANG': 'C.UTF-8'} and shell False
DEBUG util.py:688:  Child return code was: 0
DEBUG util.py:717:  child environment: None
DEBUG util.py:631:  Using nspawn with args ['--capability=cap_ipc_lock', '--resolv-conf=off']
DEBUG util.py:636:  Executing command: ['/usr/bin/systemd-nspawn', '-q', '-M', 'b7163124472046fcae353bb7249e2b62', '-D', '/var/lib/mock/xCAT-genesis-base-opensuse-leap-15.6-x86_64-bootstrap/root', '-a', '--capability=cap_ipc_lock', '--resolv-conf=off', '--console=pipe', '--setenv=TERM=vt100', '--setenv=SHELL=/bin/bash', '--setenv=HOME=/builddir', '--setenv=HOSTNAME=mock', '--setenv=PATH=/usr/bin:/bin:/usr/sbin:/sbin', '--setenv=PROMPT_COMMAND=printf "\\033]0;<mock-chroot>\\007"', '--setenv=PS1=<mock-chroot> \\s-\\v\\$ ', '--setenv=LANG=C.UTF-8', '--setenv=SOURCE_DATE_EPOCH=1789750463', '/bin/rpm', '-qa', '--root', '/var/lib/mock/xCAT-genesis-base-opensuse-leap-15.6-x86_64/root'] with env {'TERM': 'vt100', 'SHELL': '/bin/bash', 'HOME': '/builddir', 'HOSTNAME': 'mock', 'PATH': '/usr/bin:/bin:/usr/sbin:/sbin', 'PROMPT_COMMAND': 'printf "\\033]0;<mock-chroot>\\007"', 'PS1': '<mock-chroot> \\s-\\v\\$ ', 'LANG': 'C.UTF-8', 'SOURCE_DATE_EPOCH': '1789750463', 'SYSTEMD_NSPAWN_TMPFS_TMP': '0', 'SYSTEMD_SECCOMP': '0'} and shell False
DEBUG util.py:537:  gpg-pubkey-25db7ae0-645bae34
DEBUG util.py:537:  gpg-pubkey-3fa1d6ce-63c9481c
DEBUG util.py:537:  filesystem-15.0-11.8.1.x86_64
DEBUG util.py:537:  boost-license1_66_0-1.66.0-150200.12.7.1.noarch
DEBUG util.py:537:  libssh-config-0.9.8-150600.11.12.1.x86_64
DEBUG util.py:537:  libldap-data-2.4.46-150600.25.3.1.noarch
DEBUG util.py:537:  openSUSE-release-appliance-custom-15.6-lp156.417.4.1.x86_64
DEBUG util.py:537:  libsemanage-conf-3.5-150600.1.48.x86_64
DEBUG util.py:537:  fillup-1.42-2.18.x86_64
DEBUG util.py:537:  bash-4.4-150400.27.6.1.x86_64
DEBUG util.py:537:  terminfo-base-6.1-150000.5.30.1.x86_64
DEBUG util.py:537:  perl-base-5.26.1-150300.17.20.1.x86_64
DEBUG util.py:537:  libz1-1.2.13-150500.4.6.1.x86_64
DEBUG util.py:537:  libstdc++6-15.2.0+git10201-150000.1.9.1.x86_64
DEBUG util.py:537:  libbz2-1-1.0.8-150400.1.122.x86_64
DEBUG util.py:537:  libncurses6-6.1-150000.5.30.1.x86_64
DEBUG util.py:537:  libcap2-2.63-150400.3.3.1.x86_64
DEBUG util.py:537:  libgpg-error0-1.47-150600.1.3.x86_64
DEBUG util.py:537:  libattr1-2.4.47-2.19.x86_64
DEBUG util.py:537:  libmagic1-5.32-7.14.1.x86_64
DEBUG util.py:537:  libpcre2-8-0-10.42-150600.1.26.x86_64
DEBUG util.py:537:  coreutils-8.32-150400.9.9.1.x86_64
DEBUG util.py:537:  info-6.5-4.17.x86_64
DEBUG util.py:537:  libpopt0-1.16-3.22.x86_64
DEBUG util.py:537:  libgcrypt20-1.10.3-150600.3.9.1.x86_64
DEBUG util.py:537:  liblua5_3-5-5.3.6-3.6.1.x86_64
DEBUG util.py:537:  grep-3.1-150000.4.6.1.x86_64
DEBUG util.py:537:  libaudit1-3.0.6-150400.4.16.1.x86_64
DEBUG util.py:537:  libxml2-2-2.10.3-150500.5.38.1.x86_64
DEBUG util.py:537:  findutils-4.8.0-150300.3.3.2.x86_64
DEBUG util.py:537:  libeconf0-0.5.2-150400.3.6.1.x86_64
DEBUG util.py:537:  netcfg-11.6-150000.3.6.1.noarch
DEBUG util.py:537:  libassuan0-2.5.5-150000.4.7.1.x86_64
DEBUG util.py:537:  libudev1-254.27-150600.4.62.1.x86_64
DEBUG util.py:537:  gawk-4.2.1-150000.3.3.1.x86_64
DEBUG util.py:537:  libmpc3-1.1.0-1.47.x86_64
DEBUG util.py:537:  systemd-presets-common-SUSE-15-150600.25.2.noarch
DEBUG util.py:537:  glibc-locale-2.38-150600.14.46.1.x86_64
DEBUG util.py:537:  pkg-config-0.29.2-150600.15.6.3.x86_64
DEBUG util.py:537:  libisl15-0.18-1.443.x86_64
DEBUG util.py:537:  cpio-2.13-150400.3.6.1.x86_64
DEBUG util.py:537:  liblz4-1-1.9.4-150600.1.4.x86_64
DEBUG util.py:537:  libdbus-1-3-1.12.2-150400.18.8.1.x86_64
DEBUG util.py:537:  libidn2-0-2.2.0-3.6.1.x86_64
DEBUG util.py:537:  libsmartcols1-2.39.3-150600.4.21.1.x86_64
DEBUG util.py:537:  libuuid1-2.39.3-150600.4.21.1.x86_64
DEBUG util.py:537:  libfdisk1-2.39.3-150600.4.21.1.x86_64
DEBUG util.py:537:  gettext-tools-0.21.1-150600.3.3.2.x86_64
DEBUG util.py:537:  libprocps8-3.3.17-150000.7.42.1.x86_64
DEBUG util.py:537:  cpp-7-3.9.1.x86_64
DEBUG util.py:537:  libxcrypt-devel-4.4.15-150300.4.7.1.x86_64
DEBUG util.py:537:  libusb-1_0-0-1.0.24-150400.3.3.1.x86_64
DEBUG util.py:537:  libnss_usrfiles2-2.25-2.12.x86_64
DEBUG util.py:537:  libsolv-tools-base-0.7.34-150600.8.19.2.x86_64
DEBUG util.py:537:  make-4.2.1-7.3.2.x86_64
DEBUG util.py:537:  libtasn1-4.13-150000.4.14.1.x86_64
DEBUG util.py:537:  glibc-devel-2.38-150600.14.46.1.x86_64
DEBUG util.py:537:  dwz-0.12-150000.3.8.1.x86_64
DEBUG util.py:537:  bzip2-1.0.8-150400.1.122.x86_64
DEBUG util.py:537:  libsigc-2_0-0-2.12.1-150600.1.2.x86_64
DEBUG util.py:537:  libyaml-cpp0_6-0.6.3-150400.4.3.1.x86_64
DEBUG util.py:537:  libboost_system1_66_0-1.66.0-150200.12.7.1.x86_64
DEBUG util.py:537:  libcilkrts5-7.5.0+r278197-150000.4.44.1.x86_64
DEBUG util.py:537:  libubsan0-7.5.0+r278197-150000.4.44.1.x86_64
DEBUG util.py:537:  libctf0-2.45-150100.7.57.1.x86_64
DEBUG util.py:537:  libffi7-3.2.1.git259-10.8.x86_64
DEBUG util.py:537:  p11-kit-0.23.22-150500.8.3.1.x86_64
DEBUG util.py:537:  libopenssl3-3.1.4-150600.5.45.1.x86_64
DEBUG util.py:537:  openssl-3.1.4-150600.2.1.noarch
DEBUG util.py:537:  ca-certificates-mozilla-2.84-150200.44.1.noarch
DEBUG util.py:537:  libkmod2-29-150600.13.3.1.x86_64
DEBUG util.py:537:  libip4tc2-1.8.7-1.1.x86_64
DEBUG util.py:537:  libmpx2-8.2.1+r264010-150000.1.6.4.x86_64
DEBUG util.py:537:  libnpth0-1.5-2.11.x86_64
DEBUG util.py:537:  libseccomp2-2.5.3-150400.2.4.x86_64
DEBUG util.py:537:  libsemanage2-3.5-150600.1.48.x86_64
DEBUG util.py:537:  libapparmor1-3.1.7-150600.5.12.2.x86_64
DEBUG util.py:537:  libbrotlicommon1-1.0.7-150200.3.5.1.x86_64
DEBUG util.py:537:  libcom_err2-1.47.0-150600.4.6.2.x86_64
DEBUG util.py:537:  libtirpc3-1.3.4-150300.3.23.1.x86_64
DEBUG util.py:537:  libssh4-0.9.8-150600.11.12.1.x86_64
DEBUG util.py:537:  libfa1-1.14.1-150600.3.3.1.x86_64
DEBUG util.py:537:  libitm1-15.2.0+git10201-150000.1.9.1.x86_64
DEBUG util.py:537:  gcc-7-3.9.1.x86_64
DEBUG util.py:537:  libnl3-200-3.9.0-150600.15.4.4.x86_64
DEBUG util.py:537:  libldap-2_4-2-2.4.46-150600.25.3.1.x86_64
DEBUG util.py:537:  libsqlite3-0-3.51.3-150000.3.39.1.x86_64
DEBUG util.py:537:  openSUSE-build-key-1.0-lp156.8.2.noarch
DEBUG util.py:537:  libgpgme11-1.23.0-150600.3.5.1.x86_64
DEBUG util.py:537:  zypper-1.14.94-150600.10.52.1.x86_64
DEBUG util.py:537:  patch-2.7.6-150000.5.9.1.x86_64
DEBUG util.py:537:  systemd-default-settings-0.10-150300.3.7.1.noarch
DEBUG util.py:537:  libcrack2-2.9.11-150600.1.90.x86_64
DEBUG util.py:537:  pam-1.3.0-150000.6.86.1.x86_64
DEBUG util.py:537:  kbd-2.4.0-150400.5.9.1.x86_64
DEBUG util.py:537:  shadow-4.17.2-150600.17.18.1.x86_64
DEBUG util.py:537:  system-group-hardware-20170617-150400.24.2.1.noarch
DEBUG util.py:537:  system-user-man-20170617-150400.24.2.1.noarch
DEBUG util.py:537:  system-user-nobody-20170617-150400.24.2.1.noarch
DEBUG util.py:537:  util-linux-2.39.3-150600.4.21.1.x86_64
DEBUG util.py:537:  systemd-254.27-150600.4.62.1.x86_64
DEBUG util.py:537:  sysconfig-0.85.10-150200.15.1.x86_64
DEBUG util.py:537:  wicked-0.6.77-150600.11.15.1.x86_64
DEBUG util.py:537:  patterns-base-base-20200505-lp156.17.3.1.x86_64
DEBUG util.py:537:  rpm-build-4.14.3-150400.59.16.1.x86_64
DEBUG util.py:537:  gpg-pubkey-29b700a4-6a17fa38
DEBUG util.py:537:  gpg-pubkey-39db7c82-66c5d91a
DEBUG util.py:537:  system-user-root-20190513-3.3.1.noarch
DEBUG util.py:537:  crypto-policies-20230920.570ea89-150600.3.16.1.noarch
DEBUG util.py:537:  branding-openSUSE-15.6.20240408-lp156.1.2.noarch
DEBUG util.py:537:  libnl-config-3.9.0-150600.15.4.4.noarch
DEBUG util.py:537:  kbd-legacy-2.4.0-150400.5.9.1.noarch
DEBUG util.py:537:  libtirpc-netconfig-1.3.4-150300.3.23.1.x86_64
DEBUG util.py:537:  file-magic-5.32-7.14.1.noarch
DEBUG util.py:537:  rpm-config-SUSE-1-150400.14.3.1.noarch
DEBUG util.py:537:  bash-sh-4.4-150400.27.6.1.x86_64
DEBUG util.py:537:  ncurses-utils-6.1-150000.5.30.1.x86_64
DEBUG util.py:537:  glibc-2.38-150600.14.46.1.x86_64
DEBUG util.py:537:  libgcc_s1-15.2.0+git10201-150000.1.9.1.x86_64
DEBUG util.py:537:  liblzma5-5.4.1-150600.3.3.1.x86_64
DEBUG util.py:537:  libzstd1-1.5.5-150600.1.3.x86_64
DEBUG util.py:537:  libcrypt1-4.4.15-150300.4.7.1.x86_64
DEBUG util.py:537:  libgmp10-6.1.2-4.9.1.x86_64
DEBUG util.py:537:  libreadline7-7.0-150400.27.6.1.x86_64
DEBUG util.py:537:  libacl1-2.2.52-4.3.1.x86_64
DEBUG util.py:537:  libelf1-0.185-150400.5.8.3.x86_64
DEBUG util.py:537:  libselinux1-3.5-150600.3.3.1.x86_64
DEBUG util.py:537:  libzio1-1.06-2.20.x86_64
DEBUG util.py:537:  diffutils-3.6-4.3.1.x86_64
DEBUG util.py:537:  libjitterentropy3-3.4.1-150000.1.12.1.x86_64
DEBUG util.py:537:  libdw1-0.185-150400.5.8.3.x86_64
DEBUG util.py:537:  libpcre1-8.45-150000.20.13.1.x86_64
DEBUG util.py:537:  rpm-4.14.3-150400.59.16.1.x86_64
DEBUG util.py:537:  permissions-20240826-150600.10.18.2.x86_64
DEBUG util.py:537:  libblkid1-2.39.3-150600.4.21.1.x86_64
DEBUG util.py:537:  xz-5.4.1-150600.3.3.1.x86_64
DEBUG util.py:537:  libmount1-2.39.3-150600.4.21.1.x86_64
DEBUG util.py:537:  sed-4.9-150600.1.4.x86_64
DEBUG util.py:537:  libmpfr6-4.0.2-3.3.1.x86_64
DEBUG util.py:537:  update-alternatives-1.19.0.4-150000.4.7.1.x86_64
DEBUG util.py:537:  openSUSE-release-15.6-lp156.417.4.1.x86_64
DEBUG util.py:537:  which-2.21-2.20.x86_64
DEBUG util.py:537:  glibc-locale-base-2.38-150600.14.46.1.x86_64
DEBUG util.py:537:  libglib-2_0-0-2.78.6-150600.4.35.1.x86_64
DEBUG util.py:537:  file-5.32-7.14.1.x86_64
DEBUG util.py:537:  cpp7-7.5.0+r278197-150000.4.44.1.x86_64
DEBUG util.py:537:  libcap-ng0-0.7.9-4.37.x86_64
DEBUG util.py:537:  libsystemd0-254.27-150600.4.62.1.x86_64
DEBUG util.py:537:  libunistring2-0.9.10-1.1.x86_64
DEBUG util.py:537:  libgomp1-15.2.0+git10201-150000.1.9.1.x86_64
DEBUG util.py:537:  libtextstyle0-0.21.1-150600.3.3.2.x86_64
DEBUG util.py:537:  login_defs-4.17.2-150600.17.18.1.noarch
DEBUG util.py:537:  gettext-runtime-0.21.1-150600.3.3.2.x86_64
DEBUG util.py:537:  libpsl5-0.20.1-150000.3.3.1.x86_64
DEBUG util.py:537:  procps-3.3.17-150000.7.42.1.x86_64
DEBUG util.py:537:  less-643-150600.3.3.1.x86_64
DEBUG util.py:537:  systemd-presets-branding-openSUSE-12.2-lp156.7.3.1.noarch
DEBUG util.py:537:  pinentry-1.1.0-4.3.1.x86_64
DEBUG util.py:537:  tar-1.34-150000.3.37.1.x86_64
DEBUG util.py:537:  gzip-1.10-150200.10.1.x86_64
DEBUG util.py:537:  libtasn1-6-4.13-150000.4.14.1.x86_64
DEBUG util.py:537:  linux-glibc-devel-6.4-150600.2.17.x86_64
DEBUG util.py:537:  systemd-rpm-macros-16-150000.7.42.1.noarch
DEBUG util.py:537:  libksba8-1.6.4-150600.1.2.x86_64
DEBUG util.py:537:  groff-1.22.4-150400.5.2.1.x86_64
DEBUG util.py:537:  libtsan0-11.3.0+git1637-150000.1.11.2.x86_64
DEBUG util.py:537:  libasan4-7.5.0+r278197-150000.4.44.1.x86_64
DEBUG util.py:537:  libboost_thread1_66_0-1.66.0-150200.12.7.1.x86_64
DEBUG util.py:537:  liblsan0-15.2.0+git10201-150000.1.9.1.x86_64
DEBUG util.py:537:  libctf-nobfd0-2.45-150100.7.57.1.x86_64
DEBUG util.py:537:  binutils-2.45-150100.7.57.1.x86_64
DEBUG util.py:537:  libp11-kit0-0.23.22-150500.8.3.1.x86_64
DEBUG util.py:537:  p11-kit-tools-0.23.22-150500.8.3.1.x86_64
DEBUG util.py:537:  openssl-3-3.1.4-150600.5.45.1.x86_64
DEBUG util.py:537:  ca-certificates-2+git20240416.98ae794-150300.4.3.3.noarch
DEBUG util.py:537:  libzck1-1.1.16-150600.9.3.x86_64
DEBUG util.py:537:  libgdbm4-1.12-1.418.x86_64
DEBUG util.py:537:  libkeyutils1-1.6.3-5.6.1.x86_64
DEBUG util.py:537:  libmpxwrappers2-8.2.1+r264010-150000.1.6.4.x86_64
DEBUG util.py:537:  libpipeline1-1.4.1-150000.3.2.1.x86_64
DEBUG util.py:537:  libsepol2-3.5-150600.1.49.x86_64
DEBUG util.py:537:  libverto1-0.2.6-3.20.x86_64
DEBUG util.py:537:  libatomic1-15.2.0+git10201-150000.1.9.1.x86_64
DEBUG util.py:537:  libbrotlidec1-1.0.7-150200.3.5.1.x86_64
DEBUG util.py:537:  krb5-1.20.1-150600.11.14.1.x86_64
DEBUG util.py:537:  libnsl2-1.2.0-2.44.x86_64
DEBUG util.py:537:  libexpat1-2.7.1-150400.3.37.1.x86_64
DEBUG util.py:537:  libaugeas0-1.14.1-150600.3.3.1.x86_64
DEBUG util.py:537:  gcc7-7.5.0+r278197-150000.4.44.1.x86_64
DEBUG util.py:537:  libnghttp2-14-1.40.0-150600.25.5.1.x86_64
DEBUG util.py:537:  libsasl2-3-2.1.28-150600.7.14.1.x86_64
DEBUG util.py:537:  libcurl4-8.14.1-150600.4.40.1.x86_64
DEBUG util.py:537:  gpg2-2.4.4-150600.3.15.1.x86_64
DEBUG util.py:537:  patterns-base-minimal_base-20200505-lp156.17.3.1.x86_64
DEBUG util.py:537:  libzypp-17.37.18-150600.3.82.1.x86_64
DEBUG util.py:537:  purge-kernels-service-0-150200.8.6.1.noarch
DEBUG util.py:537:  systemd-default-settings-branding-openSUSE-0.10-150300.3.7.1.noarch
DEBUG util.py:537:  cracklib-dict-full-2.8.12-1.22.x86_64
DEBUG util.py:537:  cracklib-2.9.11-150600.1.90.x86_64
DEBUG util.py:537:  pam-config-1.1-150600.16.8.1.x86_64
DEBUG util.py:537:  libsubid5-4.17.2-150600.17.18.1.x86_64
DEBUG util.py:537:  sysuser-shadow-3.2-150400.3.5.3.noarch
DEBUG util.py:537:  libutempter0-1.1.6-3.42.x86_64
DEBUG util.py:537:  man-2.7.6-150100.8.5.1.x86_64
DEBUG util.py:537:  dbus-1-1.12.2-150400.18.8.1.x86_64
DEBUG util.py:537:  aaa_base-84.87+git20180409.04c9dae-150300.10.28.2.x86_64
DEBUG util.py:537:  util-linux-systemd-2.39.3-150600.4.21.1.x86_64
DEBUG util.py:537:  sysconfig-netconfig-0.85.10-150200.15.1.x86_64
DEBUG util.py:537:  wicked-service-0.6.77-150600.11.15.1.x86_64
DEBUG util.py:537:  patterns-base-basesystem-20200505-lp156.17.3.1.x86_64
DEBUG util.py:537:  patterns-devel-base-devel_rpm_build-20170319-lp156.3.2.x86_64
DEBUG util.py:688:  Child return code was: 0
DEBUG util.py:200:  kill orphans in chroot /var/lib/mock/xCAT-genesis-base-opensuse-leap-15.6-x86_64/root
DEBUG util.py:200:  kill orphans in chroot /var/lib/mock/xCAT-genesis-base-opensuse-leap-15.6-x86_64-bootstrap/root/var/lib/mock/xCAT-genesis-base-opensuse-leap-15.6-x86_64/root
DEBUG util.py:717:  child environment: None
DEBUG util.py:636:  Executing command: ['/bin/umount', '-n', '-l', '/var/lib/mock/xCAT-genesis-base-opensuse-leap-15.6-x86_64-bootstrap/root/var/lib/mock/xCAT-genesis-base-opensuse-leap-15.6-x86_64/root'] with env {'TERM': 'vt100', 'SHELL': '/bin/sh', 'HOME': '/builddir', 'HOSTNAME': 'mock', 'PATH': '/usr/bin:/bin:/usr/sbin:/sbin', 'LANG': 'C.UTF-8'} and shell False
DEBUG util.py:688:  Child return code was: 0
DEBUG util.py:717:  child environment: None
DEBUG util.py:636:  Executing command: ['/bin/umount', '-n', '-l', '/var/lib/mock/xCAT-genesis-base-opensuse-leap-15.6-x86_64-bootstrap/root/var/lib/mock/xCAT-genesis-base-opensuse-leap-15.6-x86_64/root'] with env {'TERM': 'vt100', 'SHELL': '/bin/sh', 'HOME': '/builddir', 'HOSTNAME': 'mock', 'PATH': '/usr/bin:/bin:/usr/sbin:/sbin', 'LANG': 'C.UTF-8'} and shell False
DEBUG util.py:688:  Child return code was: 0
DEBUG file_util.py:17:  ensuring that dir exists: /var/lib/mock/xCAT-genesis-base-opensuse-leap-15.6-x86_64/root/proc
DEBUG util.py:717:  child environment: None
DEBUG util.py:636:  Executing command: ['/bin/mount', '-n', '-t', 'tmpfs', '-o', 'rprivate,mode=0755', 'tmpfs', '/var/lib/mock/xCAT-genesis-base-opensuse-leap-15.6-x86_64/root/proc'] with env {'TERM': 'vt100', 'SHELL': '/bin/sh', 'HOME': '/builddir', 'HOSTNAME': 'mock', 'PATH': '/usr/bin:/bin:/usr/sbin:/sbin', 'LANG': 'C.UTF-8'} and shell False
DEBUG util.py:688:  Child return code was: 0
DEBUG file_util.py:17:  ensuring that dir exists: /var/lib/mock/xCAT-genesis-base-opensuse-leap-15.6-x86_64/root/proc
DEBUG util.py:717:  child environment: None
DEBUG util.py:636:  Executing command: ['/bin/mount', '-n', '-o', 'rbind', '/proc', '/var/lib/mock/xCAT-genesis-base-opensuse-leap-15.6-x86_64/root/proc'] with env {'TERM': 'vt100', 'SHELL': '/bin/sh', 'HOME': '/builddir', 'HOSTNAME': 'mock', 'PATH': '/usr/bin:/bin:/usr/sbin:/sbin', 'LANG': 'C.UTF-8'} and shell False
DEBUG util.py:688:  Child return code was: 0
DEBUG util.py:717:  child environment: None
DEBUG util.py:636:  Executing command: ['/bin/mount', '-n', '-o', 'remount,nodev,noexec,nosuid,readonly,rprivate,rbind', '--target', '/var/lib/mock/xCAT-genesis-base-opensuse-leap-15.6-x86_64/root/proc'] with env {'TERM': 'vt100', 'SHELL': '/bin/sh', 'HOME': '/builddir', 'HOSTNAME': 'mock', 'PATH': '/usr/bin:/bin:/usr/sbin:/sbin', 'LANG': 'C.UTF-8'} and shell False
DEBUG util.py:688:  Child return code was: 0
DEBUG file_util.py:17:  ensuring that dir exists: /var/lib/mock/xCAT-genesis-base-opensuse-leap-15.6-x86_64/root/sys
DEBUG util.py:717:  child environment: None
DEBUG util.py:636:  Executing command: ['/bin/mount', '-n', '-t', 'tmpfs', '-o', 'rprivate,mode=0755', 'tmpfs', '/var/lib/mock/xCAT-genesis-base-opensuse-leap-15.6-x86_64/root/sys'] with env {'TERM': 'vt100', 'SHELL': '/bin/sh', 'HOME': '/builddir', 'HOSTNAME': 'mock', 'PATH': '/usr/bin:/bin:/usr/sbin:/sbin', 'LANG': 'C.UTF-8'} and shell False
DEBUG util.py:688:  Child return code was: 0
DEBUG file_util.py:17:  ensuring that dir exists: /var/lib/mock/xCAT-genesis-base-opensuse-leap-15.6-x86_64/root/sys
DEBUG util.py:717:  child environment: None
DEBUG util.py:636:  Executing command: ['/bin/mount', '-n', '-o', 'rbind', '/sys', '/var/lib/mock/xCAT-genesis-base-opensuse-leap-15.6-x86_64/root/sys'] with env {'TERM': 'vt100', 'SHELL': '/bin/sh', 'HOME': '/builddir', 'HOSTNAME': 'mock', 'PATH': '/usr/bin:/bin:/usr/sbin:/sbin', 'LANG': 'C.UTF-8'} and shell False
DEBUG util.py:688:  Child return code was: 0
DEBUG util.py:717:  child environment: None
DEBUG util.py:636:  Executing command: ['/bin/mount', '-n', '-o', 'remount,nodev,noexec,nosuid,readonly,rprivate,rbind', '--target', '/var/lib/mock/xCAT-genesis-base-opensuse-leap-15.6-x86_64/root/sys'] with env {'TERM': 'vt100', 'SHELL': '/bin/sh', 'HOME': '/builddir', 'HOSTNAME': 'mock', 'PATH': '/usr/bin:/bin:/usr/sbin:/sbin', 'LANG': 'C.UTF-8'} and shell False
DEBUG util.py:688:  Child return code was: 0
DEBUG file_util.py:17:  ensuring that dir exists: /var/lib/mock/xCAT-genesis-base-opensuse-leap-15.6-x86_64/root/dev/shm
DEBUG util.py:717:  child environment: None
DEBUG util.py:636:  Executing command: ['/bin/mount', '-n', '-t', 'tmpfs', 'tmpfs', '/var/lib/mock/xCAT-genesis-base-opensuse-leap-15.6-x86_64/root/dev/shm'] with env {'TERM': 'vt100', 'SHELL': '/bin/sh', 'HOME': '/builddir', 'HOSTNAME': 'mock', 'PATH': '/usr/bin:/bin:/usr/sbin:/sbin', 'LANG': 'C.UTF-8'} and shell False
DEBUG util.py:688:  Child return code was: 0
DEBUG file_util.py:17:  ensuring that dir exists: /var/lib/mock/xCAT-genesis-base-opensuse-leap-15.6-x86_64/root/dev/pts
DEBUG util.py:717:  child environment: None
DEBUG util.py:636:  Executing command: ['/bin/mount', '-n', '-t', 'devpts', '-o', 'gid=5,mode=0620,ptmxmode=0666,newinstance', 'devpts', '/var/lib/mock/xCAT-genesis-base-opensuse-leap-15.6-x86_64/root/dev/pts'] with env {'TERM': 'vt100', 'SHELL': '/bin/sh', 'HOME': '/builddir', 'HOSTNAME': 'mock', 'PATH': '/usr/bin:/bin:/usr/sbin:/sbin', 'LANG': 'C.UTF-8'} and shell False
DEBUG util.py:688:  Child return code was: 0
DEBUG file_util.py:17:  ensuring that dir exists: /var/lib/mock/xCAT-genesis-base-opensuse-leap-15.6-x86_64-bootstrap/root/var/lib/mock/xCAT-genesis-base-opensuse-leap-15.6-x86_64/root
DEBUG util.py:717:  child environment: None
DEBUG util.py:636:  Executing command: ['/bin/mount', '-n', '-t', 'tmpfs', '-o', 'private,mode=0755', 'tmpfs', '/var/lib/mock/xCAT-genesis-base-opensuse-leap-15.6-x86_64-bootstrap/root/var/lib/mock/xCAT-genesis-base-opensuse-leap-15.6-x86_64/root'] with env {'TERM': 'vt100', 'SHELL': '/bin/sh', 'HOME': '/builddir', 'HOSTNAME': 'mock', 'PATH': '/usr/bin:/bin:/usr/sbin:/sbin', 'LANG': 'C.UTF-8'} and shell False
DEBUG util.py:688:  Child return code was: 0
DEBUG file_util.py:17:  ensuring that dir exists: /var/lib/mock/xCAT-genesis-base-opensuse-leap-15.6-x86_64-bootstrap/root/var/lib/mock/xCAT-genesis-base-opensuse-leap-15.6-x86_64/root
DEBUG util.py:717:  child environment: None
DEBUG util.py:636:  Executing command: ['/bin/mount', '-n', '-o', 'rbind', '/var/lib/mock/xCAT-genesis-base-opensuse-leap-15.6-x86_64/root', '/var/lib/mock/xCAT-genesis-base-opensuse-leap-15.6-x86_64-bootstrap/root/var/lib/mock/xCAT-genesis-base-opensuse-leap-15.6-x86_64/root'] with env {'TERM': 'vt100', 'SHELL': '/bin/sh', 'HOME': '/builddir', 'HOSTNAME': 'mock', 'PATH': '/usr/bin:/bin:/usr/sbin:/sbin', 'LANG': 'C.UTF-8'} and shell False
DEBUG util.py:688:  Child return code was: 0
DEBUG util.py:717:  child environment: None
DEBUG util.py:636:  Executing command: ['/bin/mount', '-n', '-o', 'remount,private,rbind', '--target', '/var/lib/mock/xCAT-genesis-base-opensuse-leap-15.6-x86_64-bootstrap/root/var/lib/mock/xCAT-genesis-base-opensuse-leap-15.6-x86_64/root'] with env {'TERM': 'vt100', 'SHELL': '/bin/sh', 'HOME': '/builddir', 'HOSTNAME': 'mock', 'PATH': '/usr/bin:/bin:/usr/sbin:/sbin', 'LANG': 'C.UTF-8'} and shell False
DEBUG util.py:688:  Child return code was: 0
DEBUG file_util.py:17:  ensuring that dir exists: /var/lib/mock/xCAT-genesis-base-opensuse-leap-15.6-x86_64/root/installation-homedir
DEBUG package_manager.py:296:  ['/usr/bin/dnf-3', '--installroot', '/var/lib/mock/xCAT-genesis-base-opensuse-leap-15.6-x86_64/root/', '-y', '--releasever', '15.6', '--setopt=deltarpm=False', '--setopt=allow_vendor_change=yes', '--allowerasing', '--disableplugin=local', '--disableplugin=spacewalk', '--disableplugin=versionlock', 'update']
DEBUG util.py:717:  child environment: None
DEBUG util.py:631:  Using nspawn with args ['--capability=cap_ipc_lock', '--resolv-conf=off']
DEBUG util.py:636:  Executing command: ['/usr/bin/systemd-nspawn', '-q', '-M', '30aa92619cfd44cbbef1f9625a6de55d', '-D', '/var/lib/mock/xCAT-genesis-base-opensuse-leap-15.6-x86_64-bootstrap/root', '-a', '--capability=cap_ipc_lock', '--resolv-conf=off', '--console=pipe', '--setenv=TERM=vt100', '--setenv=SHELL=/bin/bash', '--setenv=HOME=/var/lib/mock/xCAT-genesis-base-opensuse-leap-15.6-x86_64/root/installation-homedir', '--setenv=HOSTNAME=mock', '--setenv=PATH=/usr/bin:/bin:/usr/sbin:/sbin', '--setenv=PROMPT_COMMAND=printf "\\033]0;<mock-chroot>\\007"', '--setenv=PS1=<mock-chroot> \\s-\\v\\$ ', '--setenv=LANG=C.UTF-8', '--setenv=SOURCE_DATE_EPOCH=1789750463', '--setenv=LC_MESSAGES=C.UTF-8', '/usr/bin/dnf-3', '--installroot', '/var/lib/mock/xCAT-genesis-base-opensuse-leap-15.6-x86_64/root/', '-y', '--releasever', '15.6', '--setopt=deltarpm=False', '--setopt=allow_vendor_change=yes', '--allowerasing', '--disableplugin=local', '--disableplugin=spacewalk', '--disableplugin=versionlock', 'update'] with env {'TERM': 'vt100', 'SHELL': '/bin/bash', 'HOME': '/var/lib/mock/xCAT-genesis-base-opensuse-leap-15.6-x86_64/root/installation-homedir', 'HOSTNAME': 'mock', 'PATH': '/usr/bin:/bin:/usr/sbin:/sbin', 'PROMPT_COMMAND': 'printf "\\033]0;<mock-chroot>\\007"', 'PS1': '<mock-chroot> \\s-\\v\\$ ', 'LANG': 'C.UTF-8', 'SOURCE_DATE_EPOCH': '1789750463', 'LC_MESSAGES': 'C.UTF-8', 'SYSTEMD_NSPAWN_TMPFS_TMP': '0', 'SYSTEMD_SECCOMP': '0'} and shell False
DEBUG util.py:535:  No matches found for the following disable plugin patterns: local, spacewalk, versionlock
DEBUG util.py:537:  openSUSE Leap 15.6 - x86_64 - OSS               301 kB/s |  11 kB     00:00    
DEBUG util.py:537:  openSUSE Leap 15.6 - x86_64 - OSS - Updates     119 kB/s | 3.1 kB     00:00    
DEBUG util.py:537:  openSUSE Leap 15.6 - x86_64 - Updates from SUSE 123 kB/s | 3.1 kB     00:00    
DEBUG util.py:537:  openSUSE Leap 15.6 - x86_64 - Updates from Back 128 kB/s | 3.1 kB     00:00    
DEBUG util.py:537:  Dependencies resolved.
DEBUG util.py:537:  Nothing to do.
DEBUG util.py:537:  Complete!
DEBUG util.py:688:  Child return code was: 0
DEBUG util.py:200:  kill orphans in chroot /var/lib/mock/xCAT-genesis-base-opensuse-leap-15.6-x86_64/root
DEBUG util.py:200:  kill orphans in chroot /var/lib/mock/xCAT-genesis-base-opensuse-leap-15.6-x86_64-bootstrap/root/var/lib/mock/xCAT-genesis-base-opensuse-leap-15.6-x86_64/root
DEBUG util.py:717:  child environment: None
DEBUG util.py:636:  Executing command: ['/bin/umount', '-n', '-l', '/var/lib/mock/xCAT-genesis-base-opensuse-leap-15.6-x86_64-bootstrap/root/var/lib/mock/xCAT-genesis-base-opensuse-leap-15.6-x86_64/root'] with env {'TERM': 'vt100', 'SHELL': '/bin/sh', 'HOME': '/builddir', 'HOSTNAME': 'mock', 'PATH': '/usr/bin:/bin:/usr/sbin:/sbin', 'LANG': 'C.UTF-8'} and shell False
DEBUG util.py:688:  Child return code was: 0
DEBUG util.py:717:  child environment: None
DEBUG util.py:636:  Executing command: ['/bin/umount', '-n', '-l', '/var/lib/mock/xCAT-genesis-base-opensuse-leap-15.6-x86_64-bootstrap/root/var/lib/mock/xCAT-genesis-base-opensuse-leap-15.6-x86_64/root'] with env {'TERM': 'vt100', 'SHELL': '/bin/sh', 'HOME': '/builddir', 'HOSTNAME': 'mock', 'PATH': '/usr/bin:/bin:/usr/sbin:/sbin', 'LANG': 'C.UTF-8'} and shell False
DEBUG util.py:688:  Child return code was: 0
DEBUG util.py:717:  child environment: None
DEBUG util.py:636:  Executing command: ['/bin/umount', '-n', '-l', '/var/lib/mock/xCAT-genesis-base-opensuse-leap-15.6-x86_64/root/dev/pts'] with env {'TERM': 'vt100', 'SHELL': '/bin/sh', 'HOME': '/builddir', 'HOSTNAME': 'mock', 'PATH': '/usr/bin:/bin:/usr/sbin:/sbin', 'LANG': 'C.UTF-8'} and shell False
DEBUG util.py:688:  Child return code was: 0
DEBUG util.py:717:  child environment: None
DEBUG util.py:636:  Executing command: ['/bin/umount', '-n', '-l', '/var/lib/mock/xCAT-genesis-base-opensuse-leap-15.6-x86_64/root/dev/shm'] with env {'TERM': 'vt100', 'SHELL': '/bin/sh', 'HOME': '/builddir', 'HOSTNAME': 'mock', 'PATH': '/usr/bin:/bin:/usr/sbin:/sbin', 'LANG': 'C.UTF-8'} and shell False
DEBUG util.py:688:  Child return code was: 0
DEBUG util.py:717:  child environment: None
DEBUG util.py:636:  Executing command: ['/bin/umount', '-n', '-l', '/var/lib/mock/xCAT-genesis-base-opensuse-leap-15.6-x86_64/root/sys'] with env {'TERM': 'vt100', 'SHELL': '/bin/sh', 'HOME': '/builddir', 'HOSTNAME': 'mock', 'PATH': '/usr/bin:/bin:/usr/sbin:/sbin', 'LANG': 'C.UTF-8'} and shell False
DEBUG util.py:688:  Child return code was: 0
DEBUG util.py:717:  child environment: None
DEBUG util.py:636:  Executing command: ['/bin/umount', '-n', '-l', '/var/lib/mock/xCAT-genesis-base-opensuse-leap-15.6-x86_64/root/sys'] with env {'TERM': 'vt100', 'SHELL': '/bin/sh', 'HOME': '/builddir', 'HOSTNAME': 'mock', 'PATH': '/usr/bin:/bin:/usr/sbin:/sbin', 'LANG': 'C.UTF-8'} and shell False
DEBUG util.py:688:  Child return code was: 0
DEBUG util.py:717:  child environment: None
DEBUG util.py:636:  Executing command: ['/bin/umount', '-n', '-l', '/var/lib/mock/xCAT-genesis-base-opensuse-leap-15.6-x86_64/root/proc'] with env {'TERM': 'vt100', 'SHELL': '/bin/sh', 'HOME': '/builddir', 'HOSTNAME': 'mock', 'PATH': '/usr/bin:/bin:/usr/sbin:/sbin', 'LANG': 'C.UTF-8'} and shell False
DEBUG util.py:688:  Child return code was: 0
DEBUG util.py:717:  child environment: None
DEBUG util.py:636:  Executing command: ['/bin/umount', '-n', '-l', '/var/lib/mock/xCAT-genesis-base-opensuse-leap-15.6-x86_64/root/proc'] with env {'TERM': 'vt100', 'SHELL': '/bin/sh', 'HOME': '/builddir', 'HOSTNAME': 'mock', 'PATH': '/usr/bin:/bin:/usr/sbin:/sbin', 'LANG': 'C.UTF-8'} and shell False
DEBUG util.py:688:  Child return code was: 0
DEBUG file_util.py:17:  ensuring that dir exists: /var/lib/mock/xCAT-genesis-base-opensuse-leap-15.6-x86_64-bootstrap/root/var/lib/mock/xCAT-genesis-base-opensuse-leap-15.6-x86_64/root
DEBUG util.py:717:  child environment: None
DEBUG util.py:636:  Executing command: ['/bin/mount', '-n', '-t', 'tmpfs', '-o', 'private,mode=0755', 'tmpfs', '/var/lib/mock/xCAT-genesis-base-opensuse-leap-15.6-x86_64-bootstrap/root/var/lib/mock/xCAT-genesis-base-opensuse-leap-15.6-x86_64/root'] with env {'TERM': 'vt100', 'SHELL': '/bin/sh', 'HOME': '/builddir', 'HOSTNAME': 'mock', 'PATH': '/usr/bin:/bin:/usr/sbin:/sbin', 'LANG': 'C.UTF-8'} and shell False
DEBUG util.py:688:  Child return code was: 0
DEBUG file_util.py:17:  ensuring that dir exists: /var/lib/mock/xCAT-genesis-base-opensuse-leap-15.6-x86_64-bootstrap/root/var/lib/mock/xCAT-genesis-base-opensuse-leap-15.6-x86_64/root
DEBUG util.py:717:  child environment: None
DEBUG util.py:636:  Executing command: ['/bin/mount', '-n', '-o', 'rbind', '/var/lib/mock/xCAT-genesis-base-opensuse-leap-15.6-x86_64/root', '/var/lib/mock/xCAT-genesis-base-opensuse-leap-15.6-x86_64-bootstrap/root/var/lib/mock/xCAT-genesis-base-opensuse-leap-15.6-x86_64/root'] with env {'TERM': 'vt100', 'SHELL': '/bin/sh', 'HOME': '/builddir', 'HOSTNAME': 'mock', 'PATH': '/usr/bin:/bin:/usr/sbin:/sbin', 'LANG': 'C.UTF-8'} and shell False
DEBUG util.py:688:  Child return code was: 0
DEBUG util.py:717:  child environment: None
DEBUG util.py:636:  Executing command: ['/bin/mount', '-n', '-o', 'remount,private,rbind', '--target', '/var/lib/mock/xCAT-genesis-base-opensuse-leap-15.6-x86_64-bootstrap/root/var/lib/mock/xCAT-genesis-base-opensuse-leap-15.6-x86_64/root'] with env {'TERM': 'vt100', 'SHELL': '/bin/sh', 'HOME': '/builddir', 'HOSTNAME': 'mock', 'PATH': '/usr/bin:/bin:/usr/sbin:/sbin', 'LANG': 'C.UTF-8'} and shell False
DEBUG util.py:688:  Child return code was: 0
DEBUG util.py:717:  child environment: None
DEBUG util.py:631:  Using nspawn with args ['--capability=cap_ipc_lock', '--resolv-conf=off']
DEBUG util.py:636:  Executing command: ['/usr/bin/systemd-nspawn', '-q', '-M', '260f1ffde4254abd91fa8aebc662d7fc', '-D', '/var/lib/mock/xCAT-genesis-base-opensuse-leap-15.6-x86_64-bootstrap/root', '-a', '--capability=cap_ipc_lock', '--resolv-conf=off', '--console=pipe', '--setenv=TERM=vt100', '--setenv=SHELL=/bin/bash', '--setenv=HOME=/builddir', '--setenv=HOSTNAME=mock', '--setenv=PATH=/usr/bin:/bin:/usr/sbin:/sbin', '--setenv=PROMPT_COMMAND=printf "\\033]0;<mock-chroot>\\007"', '--setenv=PS1=<mock-chroot> \\s-\\v\\$ ', '--setenv=LANG=C.UTF-8', '--setenv=SOURCE_DATE_EPOCH=1789750463', '/bin/rpm', '-qa', '--root', '/var/lib/mock/xCAT-genesis-base-opensuse-leap-15.6-x86_64/root'] with env {'TERM': 'vt100', 'SHELL': '/bin/bash', 'HOME': '/builddir', 'HOSTNAME': 'mock', 'PATH': '/usr/bin:/bin:/usr/sbin:/sbin', 'PROMPT_COMMAND': 'printf "\\033]0;<mock-chroot>\\007"', 'PS1': '<mock-chroot> \\s-\\v\\$ ', 'LANG': 'C.UTF-8', 'SOURCE_DATE_EPOCH': '1789750463', 'SYSTEMD_NSPAWN_TMPFS_TMP': '0', 'SYSTEMD_SECCOMP': '0'} and shell False
DEBUG util.py:537:  gpg-pubkey-25db7ae0-645bae34
DEBUG util.py:537:  gpg-pubkey-3fa1d6ce-63c9481c
DEBUG util.py:537:  filesystem-15.0-11.8.1.x86_64
DEBUG util.py:537:  boost-license1_66_0-1.66.0-150200.12.7.1.noarch
DEBUG util.py:537:  libssh-config-0.9.8-150600.11.12.1.x86_64
DEBUG util.py:537:  libldap-data-2.4.46-150600.25.3.1.noarch
DEBUG util.py:537:  openSUSE-release-appliance-custom-15.6-lp156.417.4.1.x86_64
DEBUG util.py:537:  libsemanage-conf-3.5-150600.1.48.x86_64
DEBUG util.py:537:  fillup-1.42-2.18.x86_64
DEBUG util.py:537:  bash-4.4-150400.27.6.1.x86_64
DEBUG util.py:537:  terminfo-base-6.1-150000.5.30.1.x86_64
DEBUG util.py:537:  perl-base-5.26.1-150300.17.20.1.x86_64
DEBUG util.py:537:  libz1-1.2.13-150500.4.6.1.x86_64
DEBUG util.py:537:  libstdc++6-15.2.0+git10201-150000.1.9.1.x86_64
DEBUG util.py:537:  libbz2-1-1.0.8-150400.1.122.x86_64
DEBUG util.py:537:  libncurses6-6.1-150000.5.30.1.x86_64
DEBUG util.py:537:  libcap2-2.63-150400.3.3.1.x86_64
DEBUG util.py:537:  libgpg-error0-1.47-150600.1.3.x86_64
DEBUG util.py:537:  libattr1-2.4.47-2.19.x86_64
DEBUG util.py:537:  libmagic1-5.32-7.14.1.x86_64
DEBUG util.py:537:  libpcre2-8-0-10.42-150600.1.26.x86_64
DEBUG util.py:537:  coreutils-8.32-150400.9.9.1.x86_64
DEBUG util.py:537:  info-6.5-4.17.x86_64
DEBUG util.py:537:  libpopt0-1.16-3.22.x86_64
DEBUG util.py:537:  libgcrypt20-1.10.3-150600.3.9.1.x86_64
DEBUG util.py:537:  liblua5_3-5-5.3.6-3.6.1.x86_64
DEBUG util.py:537:  grep-3.1-150000.4.6.1.x86_64
DEBUG util.py:537:  libaudit1-3.0.6-150400.4.16.1.x86_64
DEBUG util.py:537:  libxml2-2-2.10.3-150500.5.38.1.x86_64
DEBUG util.py:537:  findutils-4.8.0-150300.3.3.2.x86_64
DEBUG util.py:537:  libeconf0-0.5.2-150400.3.6.1.x86_64
DEBUG util.py:537:  netcfg-11.6-150000.3.6.1.noarch
DEBUG util.py:537:  libassuan0-2.5.5-150000.4.7.1.x86_64
DEBUG util.py:537:  libudev1-254.27-150600.4.62.1.x86_64
DEBUG util.py:537:  gawk-4.2.1-150000.3.3.1.x86_64
DEBUG util.py:537:  libmpc3-1.1.0-1.47.x86_64
DEBUG util.py:537:  systemd-presets-common-SUSE-15-150600.25.2.noarch
DEBUG util.py:537:  glibc-locale-2.38-150600.14.46.1.x86_64
DEBUG util.py:537:  pkg-config-0.29.2-150600.15.6.3.x86_64
DEBUG util.py:537:  libisl15-0.18-1.443.x86_64
DEBUG util.py:537:  cpio-2.13-150400.3.6.1.x86_64
DEBUG util.py:537:  liblz4-1-1.9.4-150600.1.4.x86_64
DEBUG util.py:537:  libdbus-1-3-1.12.2-150400.18.8.1.x86_64
DEBUG util.py:537:  libidn2-0-2.2.0-3.6.1.x86_64
DEBUG util.py:537:  libsmartcols1-2.39.3-150600.4.21.1.x86_64
DEBUG util.py:537:  libuuid1-2.39.3-150600.4.21.1.x86_64
DEBUG util.py:537:  libfdisk1-2.39.3-150600.4.21.1.x86_64
DEBUG util.py:537:  gettext-tools-0.21.1-150600.3.3.2.x86_64
DEBUG util.py:537:  libprocps8-3.3.17-150000.7.42.1.x86_64
DEBUG util.py:537:  cpp-7-3.9.1.x86_64
DEBUG util.py:537:  libxcrypt-devel-4.4.15-150300.4.7.1.x86_64
DEBUG util.py:537:  libusb-1_0-0-1.0.24-150400.3.3.1.x86_64
DEBUG util.py:537:  libnss_usrfiles2-2.25-2.12.x86_64
DEBUG util.py:537:  libsolv-tools-base-0.7.34-150600.8.19.2.x86_64
DEBUG util.py:537:  make-4.2.1-7.3.2.x86_64
DEBUG util.py:537:  libtasn1-4.13-150000.4.14.1.x86_64
DEBUG util.py:537:  glibc-devel-2.38-150600.14.46.1.x86_64
DEBUG util.py:537:  dwz-0.12-150000.3.8.1.x86_64
DEBUG util.py:537:  bzip2-1.0.8-150400.1.122.x86_64
DEBUG util.py:537:  libsigc-2_0-0-2.12.1-150600.1.2.x86_64
DEBUG util.py:537:  libyaml-cpp0_6-0.6.3-150400.4.3.1.x86_64
DEBUG util.py:537:  libboost_system1_66_0-1.66.0-150200.12.7.1.x86_64
DEBUG util.py:537:  libcilkrts5-7.5.0+r278197-150000.4.44.1.x86_64
DEBUG util.py:537:  libubsan0-7.5.0+r278197-150000.4.44.1.x86_64
DEBUG util.py:537:  libctf0-2.45-150100.7.57.1.x86_64
DEBUG util.py:537:  libffi7-3.2.1.git259-10.8.x86_64
DEBUG util.py:537:  p11-kit-0.23.22-150500.8.3.1.x86_64
DEBUG util.py:537:  libopenssl3-3.1.4-150600.5.45.1.x86_64
DEBUG util.py:537:  openssl-3.1.4-150600.2.1.noarch
DEBUG util.py:537:  ca-certificates-mozilla-2.84-150200.44.1.noarch
DEBUG util.py:537:  libkmod2-29-150600.13.3.1.x86_64
DEBUG util.py:537:  libip4tc2-1.8.7-1.1.x86_64
DEBUG util.py:537:  libmpx2-8.2.1+r264010-150000.1.6.4.x86_64
DEBUG util.py:537:  libnpth0-1.5-2.11.x86_64
DEBUG util.py:537:  libseccomp2-2.5.3-150400.2.4.x86_64
DEBUG util.py:537:  libsemanage2-3.5-150600.1.48.x86_64
DEBUG util.py:537:  libapparmor1-3.1.7-150600.5.12.2.x86_64
DEBUG util.py:537:  libbrotlicommon1-1.0.7-150200.3.5.1.x86_64
DEBUG util.py:537:  libcom_err2-1.47.0-150600.4.6.2.x86_64
DEBUG util.py:537:  libtirpc3-1.3.4-150300.3.23.1.x86_64
DEBUG util.py:537:  libssh4-0.9.8-150600.11.12.1.x86_64
DEBUG util.py:537:  libfa1-1.14.1-150600.3.3.1.x86_64
DEBUG util.py:537:  libitm1-15.2.0+git10201-150000.1.9.1.x86_64
DEBUG util.py:537:  gcc-7-3.9.1.x86_64
DEBUG util.py:537:  libnl3-200-3.9.0-150600.15.4.4.x86_64
DEBUG util.py:537:  libldap-2_4-2-2.4.46-150600.25.3.1.x86_64
DEBUG util.py:537:  libsqlite3-0-3.51.3-150000.3.39.1.x86_64
DEBUG util.py:537:  openSUSE-build-key-1.0-lp156.8.2.noarch
DEBUG util.py:537:  libgpgme11-1.23.0-150600.3.5.1.x86_64
DEBUG util.py:537:  zypper-1.14.94-150600.10.52.1.x86_64
DEBUG util.py:537:  patch-2.7.6-150000.5.9.1.x86_64
DEBUG util.py:537:  systemd-default-settings-0.10-150300.3.7.1.noarch
DEBUG util.py:537:  libcrack2-2.9.11-150600.1.90.x86_64
DEBUG util.py:537:  pam-1.3.0-150000.6.86.1.x86_64
DEBUG util.py:537:  kbd-2.4.0-150400.5.9.1.x86_64
DEBUG util.py:537:  shadow-4.17.2-150600.17.18.1.x86_64
DEBUG util.py:537:  system-group-hardware-20170617-150400.24.2.1.noarch
DEBUG util.py:537:  system-user-man-20170617-150400.24.2.1.noarch
DEBUG util.py:537:  system-user-nobody-20170617-150400.24.2.1.noarch
DEBUG util.py:537:  util-linux-2.39.3-150600.4.21.1.x86_64
DEBUG util.py:537:  systemd-254.27-150600.4.62.1.x86_64
DEBUG util.py:537:  sysconfig-0.85.10-150200.15.1.x86_64
DEBUG util.py:537:  wicked-0.6.77-150600.11.15.1.x86_64
DEBUG util.py:537:  patterns-base-base-20200505-lp156.17.3.1.x86_64
DEBUG util.py:537:  rpm-build-4.14.3-150400.59.16.1.x86_64
DEBUG util.py:537:  gpg-pubkey-29b700a4-6a17fa38
DEBUG util.py:537:  gpg-pubkey-39db7c82-66c5d91a
DEBUG util.py:537:  system-user-root-20190513-3.3.1.noarch
DEBUG util.py:537:  crypto-policies-20230920.570ea89-150600.3.16.1.noarch
DEBUG util.py:537:  branding-openSUSE-15.6.20240408-lp156.1.2.noarch
DEBUG util.py:537:  libnl-config-3.9.0-150600.15.4.4.noarch
DEBUG util.py:537:  kbd-legacy-2.4.0-150400.5.9.1.noarch
DEBUG util.py:537:  libtirpc-netconfig-1.3.4-150300.3.23.1.x86_64
DEBUG util.py:537:  file-magic-5.32-7.14.1.noarch
DEBUG util.py:537:  rpm-config-SUSE-1-150400.14.3.1.noarch
DEBUG util.py:537:  bash-sh-4.4-150400.27.6.1.x86_64
DEBUG util.py:537:  ncurses-utils-6.1-150000.5.30.1.x86_64
DEBUG util.py:537:  glibc-2.38-150600.14.46.1.x86_64
DEBUG util.py:537:  libgcc_s1-15.2.0+git10201-150000.1.9.1.x86_64
DEBUG util.py:537:  liblzma5-5.4.1-150600.3.3.1.x86_64
DEBUG util.py:537:  libzstd1-1.5.5-150600.1.3.x86_64
DEBUG util.py:537:  libcrypt1-4.4.15-150300.4.7.1.x86_64
DEBUG util.py:537:  libgmp10-6.1.2-4.9.1.x86_64
DEBUG util.py:537:  libreadline7-7.0-150400.27.6.1.x86_64
DEBUG util.py:537:  libacl1-2.2.52-4.3.1.x86_64
DEBUG util.py:537:  libelf1-0.185-150400.5.8.3.x86_64
DEBUG util.py:537:  libselinux1-3.5-150600.3.3.1.x86_64
DEBUG util.py:537:  libzio1-1.06-2.20.x86_64
DEBUG util.py:537:  diffutils-3.6-4.3.1.x86_64
DEBUG util.py:537:  libjitterentropy3-3.4.1-150000.1.12.1.x86_64
DEBUG util.py:537:  libdw1-0.185-150400.5.8.3.x86_64
DEBUG util.py:537:  libpcre1-8.45-150000.20.13.1.x86_64
DEBUG util.py:537:  rpm-4.14.3-150400.59.16.1.x86_64
DEBUG util.py:537:  permissions-20240826-150600.10.18.2.x86_64
DEBUG util.py:537:  libblkid1-2.39.3-150600.4.21.1.x86_64
DEBUG util.py:537:  xz-5.4.1-150600.3.3.1.x86_64
DEBUG util.py:537:  libmount1-2.39.3-150600.4.21.1.x86_64
DEBUG util.py:537:  sed-4.9-150600.1.4.x86_64
DEBUG util.py:537:  libmpfr6-4.0.2-3.3.1.x86_64
DEBUG util.py:537:  update-alternatives-1.19.0.4-150000.4.7.1.x86_64
DEBUG util.py:537:  openSUSE-release-15.6-lp156.417.4.1.x86_64
DEBUG util.py:537:  which-2.21-2.20.x86_64
DEBUG util.py:537:  glibc-locale-base-2.38-150600.14.46.1.x86_64
DEBUG util.py:537:  libglib-2_0-0-2.78.6-150600.4.35.1.x86_64
DEBUG util.py:537:  file-5.32-7.14.1.x86_64
DEBUG util.py:537:  cpp7-7.5.0+r278197-150000.4.44.1.x86_64
DEBUG util.py:537:  libcap-ng0-0.7.9-4.37.x86_64
DEBUG util.py:537:  libsystemd0-254.27-150600.4.62.1.x86_64
DEBUG util.py:537:  libunistring2-0.9.10-1.1.x86_64
DEBUG util.py:537:  libgomp1-15.2.0+git10201-150000.1.9.1.x86_64
DEBUG util.py:537:  libtextstyle0-0.21.1-150600.3.3.2.x86_64
DEBUG util.py:537:  login_defs-4.17.2-150600.17.18.1.noarch
DEBUG util.py:537:  gettext-runtime-0.21.1-150600.3.3.2.x86_64
DEBUG util.py:537:  libpsl5-0.20.1-150000.3.3.1.x86_64
DEBUG util.py:537:  procps-3.3.17-150000.7.42.1.x86_64
DEBUG util.py:537:  less-643-150600.3.3.1.x86_64
DEBUG util.py:537:  systemd-presets-branding-openSUSE-12.2-lp156.7.3.1.noarch
DEBUG util.py:537:  pinentry-1.1.0-4.3.1.x86_64
DEBUG util.py:537:  tar-1.34-150000.3.37.1.x86_64
DEBUG util.py:537:  gzip-1.10-150200.10.1.x86_64
DEBUG util.py:537:  libtasn1-6-4.13-150000.4.14.1.x86_64
DEBUG util.py:537:  linux-glibc-devel-6.4-150600.2.17.x86_64
DEBUG util.py:537:  systemd-rpm-macros-16-150000.7.42.1.noarch
DEBUG util.py:537:  libksba8-1.6.4-150600.1.2.x86_64
DEBUG util.py:537:  groff-1.22.4-150400.5.2.1.x86_64
DEBUG util.py:537:  libtsan0-11.3.0+git1637-150000.1.11.2.x86_64
DEBUG util.py:537:  libasan4-7.5.0+r278197-150000.4.44.1.x86_64
DEBUG util.py:537:  libboost_thread1_66_0-1.66.0-150200.12.7.1.x86_64
DEBUG util.py:537:  liblsan0-15.2.0+git10201-150000.1.9.1.x86_64
DEBUG util.py:537:  libctf-nobfd0-2.45-150100.7.57.1.x86_64
DEBUG util.py:537:  binutils-2.45-150100.7.57.1.x86_64
DEBUG util.py:537:  libp11-kit0-0.23.22-150500.8.3.1.x86_64
DEBUG util.py:537:  p11-kit-tools-0.23.22-150500.8.3.1.x86_64
DEBUG util.py:537:  openssl-3-3.1.4-150600.5.45.1.x86_64
DEBUG util.py:537:  ca-certificates-2+git20240416.98ae794-150300.4.3.3.noarch
DEBUG util.py:537:  libzck1-1.1.16-150600.9.3.x86_64
DEBUG util.py:537:  libgdbm4-1.12-1.418.x86_64
DEBUG util.py:537:  libkeyutils1-1.6.3-5.6.1.x86_64
DEBUG util.py:537:  libmpxwrappers2-8.2.1+r264010-150000.1.6.4.x86_64
DEBUG util.py:537:  libpipeline1-1.4.1-150000.3.2.1.x86_64
DEBUG util.py:537:  libsepol2-3.5-150600.1.49.x86_64
DEBUG util.py:537:  libverto1-0.2.6-3.20.x86_64
DEBUG util.py:537:  libatomic1-15.2.0+git10201-150000.1.9.1.x86_64
DEBUG util.py:537:  libbrotlidec1-1.0.7-150200.3.5.1.x86_64
DEBUG util.py:537:  krb5-1.20.1-150600.11.14.1.x86_64
DEBUG util.py:537:  libnsl2-1.2.0-2.44.x86_64
DEBUG util.py:537:  libexpat1-2.7.1-150400.3.37.1.x86_64
DEBUG util.py:537:  libaugeas0-1.14.1-150600.3.3.1.x86_64
DEBUG util.py:537:  gcc7-7.5.0+r278197-150000.4.44.1.x86_64
DEBUG util.py:537:  libnghttp2-14-1.40.0-150600.25.5.1.x86_64
DEBUG util.py:537:  libsasl2-3-2.1.28-150600.7.14.1.x86_64
DEBUG util.py:537:  libcurl4-8.14.1-150600.4.40.1.x86_64
DEBUG util.py:537:  gpg2-2.4.4-150600.3.15.1.x86_64
DEBUG util.py:537:  patterns-base-minimal_base-20200505-lp156.17.3.1.x86_64
DEBUG util.py:537:  libzypp-17.37.18-150600.3.82.1.x86_64
DEBUG util.py:537:  purge-kernels-service-0-150200.8.6.1.noarch
DEBUG util.py:537:  systemd-default-settings-branding-openSUSE-0.10-150300.3.7.1.noarch
DEBUG util.py:537:  cracklib-dict-full-2.8.12-1.22.x86_64
DEBUG util.py:537:  cracklib-2.9.11-150600.1.90.x86_64
DEBUG util.py:537:  pam-config-1.1-150600.16.8.1.x86_64
DEBUG util.py:537:  libsubid5-4.17.2-150600.17.18.1.x86_64
DEBUG util.py:537:  sysuser-shadow-3.2-150400.3.5.3.noarch
DEBUG util.py:537:  libutempter0-1.1.6-3.42.x86_64
DEBUG util.py:537:  man-2.7.6-150100.8.5.1.x86_64
DEBUG util.py:537:  dbus-1-1.12.2-150400.18.8.1.x86_64
DEBUG util.py:537:  aaa_base-84.87+git20180409.04c9dae-150300.10.28.2.x86_64
DEBUG util.py:537:  util-linux-systemd-2.39.3-150600.4.21.1.x86_64
DEBUG util.py:537:  sysconfig-netconfig-0.85.10-150200.15.1.x86_64
DEBUG util.py:537:  wicked-service-0.6.77-150600.11.15.1.x86_64
DEBUG util.py:537:  patterns-base-basesystem-20200505-lp156.17.3.1.x86_64
DEBUG util.py:537:  patterns-devel-base-devel_rpm_build-20170319-lp156.3.2.x86_64
DEBUG util.py:688:  Child return code was: 0
DEBUG util.py:200:  kill orphans in chroot /var/lib/mock/xCAT-genesis-base-opensuse-leap-15.6-x86_64/root
DEBUG util.py:200:  kill orphans in chroot /var/lib/mock/xCAT-genesis-base-opensuse-leap-15.6-x86_64-bootstrap/root/var/lib/mock/xCAT-genesis-base-opensuse-leap-15.6-x86_64/root
DEBUG util.py:717:  child environment: None
DEBUG util.py:636:  Executing command: ['/bin/umount', '-n', '-l', '/var/lib/mock/xCAT-genesis-base-opensuse-leap-15.6-x86_64-bootstrap/root/var/lib/mock/xCAT-genesis-base-opensuse-leap-15.6-x86_64/root'] with env {'TERM': 'vt100', 'SHELL': '/bin/sh', 'HOME': '/builddir', 'HOSTNAME': 'mock', 'PATH': '/usr/bin:/bin:/usr/sbin:/sbin', 'LANG': 'C.UTF-8'} and shell False
DEBUG util.py:688:  Child return code was: 0
DEBUG util.py:717:  child environment: None
DEBUG util.py:636:  Executing command: ['/bin/umount', '-n', '-l', '/var/lib/mock/xCAT-genesis-base-opensuse-leap-15.6-x86_64-bootstrap/root/var/lib/mock/xCAT-genesis-base-opensuse-leap-15.6-x86_64/root'] with env {'TERM': 'vt100', 'SHELL': '/bin/sh', 'HOME': '/builddir', 'HOSTNAME': 'mock', 'PATH': '/usr/bin:/bin:/usr/sbin:/sbin', 'LANG': 'C.UTF-8'} and shell False
DEBUG util.py:688:  Child return code was: 0
DEBUG file_util.py:17:  ensuring that dir exists: /var/lib/mock/xCAT-genesis-base-opensuse-leap-15.6-x86_64/root/builddir/build
DEBUG file_util.py:17:  ensuring that dir exists: /var/lib/mock/xCAT-genesis-base-opensuse-leap-15.6-x86_64/root/builddir/build/RPMS
DEBUG file_util.py:20:  created dir: /var/lib/mock/xCAT-genesis-base-opensuse-leap-15.6-x86_64/root/builddir/build/RPMS
DEBUG file_util.py:17:  ensuring that dir exists: /var/lib/mock/xCAT-genesis-base-opensuse-leap-15.6-x86_64/root/builddir/build/SPECS
DEBUG file_util.py:20:  created dir: /var/lib/mock/xCAT-genesis-base-opensuse-leap-15.6-x86_64/root/builddir/build/SPECS
DEBUG file_util.py:17:  ensuring that dir exists: /var/lib/mock/xCAT-genesis-base-opensuse-leap-15.6-x86_64/root/builddir/build/SRPMS
DEBUG file_util.py:20:  created dir: /var/lib/mock/xCAT-genesis-base-opensuse-leap-15.6-x86_64/root/builddir/build/SRPMS
DEBUG file_util.py:17:  ensuring that dir exists: /var/lib/mock/xCAT-genesis-base-opensuse-leap-15.6-x86_64/root/builddir/build/SOURCES
DEBUG file_util.py:17:  ensuring that dir exists: /var/lib/mock/xCAT-genesis-base-opensuse-leap-15.6-x86_64/root/builddir/build/BUILD
DEBUG file_util.py:20:  created dir: /var/lib/mock/xCAT-genesis-base-opensuse-leap-15.6-x86_64/root/builddir/build/BUILD
DEBUG file_util.py:17:  ensuring that dir exists: /var/lib/mock/xCAT-genesis-base-opensuse-leap-15.6-x86_64/root/builddir/build/BUILDROOT
DEBUG file_util.py:20:  created dir: /var/lib/mock/xCAT-genesis-base-opensuse-leap-15.6-x86_64/root/builddir/build/BUILDROOT
DEBUG file_util.py:17:  ensuring that dir exists: /var/lib/mock/xCAT-genesis-base-opensuse-leap-15.6-x86_64/root/builddir/build/originals
DEBUG file_util.py:20:  created dir: /var/lib/mock/xCAT-genesis-base-opensuse-leap-15.6-x86_64/root/builddir/build/originals
DEBUG file_util.py:17:  ensuring that dir exists: /var/lib/mock/xCAT-genesis-base-opensuse-leap-15.6-x86_64/root/builddir
DEBUG util.py:717:  child environment: None
DEBUG util.py:636:  Executing command: ['userdel', '-f', 'mockbuild', '--prefix', '/var/lib/mock/xCAT-genesis-base-opensuse-leap-15.6-x86_64/root'] with env {'TERM': 'vt100', 'SHELL': '/bin/sh', 'HOME': '/builddir', 'HOSTNAME': 'mock', 'PATH': '/usr/bin:/bin:/usr/sbin:/sbin', 'LANG': 'C.UTF-8'} and shell False
DEBUG util.py:688:  Child return code was: 0
DEBUG util.py:717:  child environment: None
DEBUG util.py:636:  Executing command: ['groupdel', 'mock', '--prefix', '/var/lib/mock/xCAT-genesis-base-opensuse-leap-15.6-x86_64/root'] with env {'TERM': 'vt100', 'SHELL': '/bin/sh', 'HOME': '/builddir', 'HOSTNAME': 'mock', 'PATH': '/usr/bin:/bin:/usr/sbin:/sbin', 'LANG': 'C.UTF-8'} and shell False
DEBUG util.py:688:  Child return code was: 0
DEBUG util.py:717:  child environment: None
DEBUG util.py:636:  Executing command: ['groupadd', 'mock', '-g', '135', '--prefix', '/var/lib/mock/xCAT-genesis-base-opensuse-leap-15.6-x86_64/root'] with env {'TERM': 'vt100', 'SHELL': '/bin/sh', 'HOME': '/builddir', 'HOSTNAME': 'mock', 'PATH': '/usr/bin:/bin:/usr/sbin:/sbin', 'LANG': 'C.UTF-8'} and shell False
DEBUG util.py:688:  Child return code was: 0
DEBUG util.py:717:  child environment: None
DEBUG util.py:636:  Executing command: ['useradd', 'mockbuild', '-o', '-u', '0', '-g', '135', '-N', '-d', '/builddir', '--prefix', '/var/lib/mock/xCAT-genesis-base-opensuse-leap-15.6-x86_64/root'] with env {'TERM': 'vt100', 'SHELL': '/bin/sh', 'HOME': '/builddir', 'HOSTNAME': 'mock', 'PATH': '/usr/bin:/bin:/usr/sbin:/sbin', 'LANG': 'C.UTF-8'} and shell False
DEBUG util.py:535:  useradd warning: mockbuild's uid 0 outside of the UID_MIN 1000 and UID_MAX 60000 range.
DEBUG util.py:535:  useradd: warning: the home directory /builddir already exists.
DEBUG util.py:535:  useradd: Not copying any file from skel directory into it.
DEBUG util.py:535:  Creating mailbox file: File exists
DEBUG util.py:688:  Child return code was: 0
DEBUG file_util.py:29:  touching file: /var/lib/mock/xCAT-genesis-base-opensuse-leap-15.6-x86_64/root/.initialized
DEBUG util.py:717:  child environment: None
DEBUG util.py:631:  Using nspawn with args ['--capability=cap_ipc_lock', '--bind=/dev/btrfs-control', '--bind=/dev/mapper/control', '--bind=/dev/fuse', '--bind=/dev/loop-control', '--bind=/dev/loop0', '--bind=/dev/loop1', '--bind=/dev/loop2', '--bind=/dev/loop3', '--bind=/dev/loop4', '--bind=/dev/loop5', '--bind=/dev/loop6', '--bind=/dev/loop7', '--bind=/dev/loop8', '--bind=/dev/loop9', '--bind=/dev/loop10', '--bind=/dev/loop11', '--resolv-conf=off']
DEBUG util.py:636:  Executing command: ['/usr/bin/systemd-nspawn', '-q', '-M', '214c92c71eb84064844f32f430dd395b', '-D', '/var/lib/mock/xCAT-genesis-base-opensuse-leap-15.6-x86_64/root', '-a', '--capability=cap_ipc_lock', '--bind=/dev/btrfs-control', '--bind=/dev/mapper/control', '--bind=/dev/fuse', '--bind=/dev/loop-control', '--bind=/dev/loop0', '--bind=/dev/loop1', '--bind=/dev/loop2', '--bind=/dev/loop3', '--bind=/dev/loop4', '--bind=/dev/loop5', '--bind=/dev/loop6', '--bind=/dev/loop7', '--bind=/dev/loop8', '--bind=/dev/loop9', '--bind=/dev/loop10', '--bind=/dev/loop11', '--resolv-conf=off', '--console=pipe', '--setenv=TERM=vt100', '--setenv=SHELL=/bin/bash', '--setenv=HOME=/builddir', '--setenv=HOSTNAME=mock', '--setenv=PATH=/usr/bin:/bin:/usr/sbin:/sbin', '--setenv=PROMPT_COMMAND=printf "\\033]0;<mock-chroot>\\007"', '--setenv=PS1=<mock-chroot> \\s-\\v\\$ ', '--setenv=LANG=C.UTF-8', '--setenv=SOURCE_DATE_EPOCH=1789750463', '/bin/sh', '-c', 'rpmbuild --help'] with env {'TERM': 'vt100', 'SHELL': '/bin/bash', 'HOME': '/builddir', 'HOSTNAME': 'mock', 'PATH': '/usr/bin:/bin:/usr/sbin:/sbin', 'PROMPT_COMMAND': 'printf "\\033]0;<mock-chroot>\\007"', 'PS1': '<mock-chroot> \\s-\\v\\$ ', 'LANG': 'C.UTF-8', 'SOURCE_DATE_EPOCH': '1789750463', 'SYSTEMD_NSPAWN_TMPFS_TMP': '0', 'SYSTEMD_SECCOMP': '0'} and shell False
DEBUG util.py:537:  Usage: rpmbuild [OPTION...]
DEBUG util.py:537:  Build options with [ <specfile> | <tarball> | <source package> ]:
DEBUG util.py:537:        -bp                        build through %prep (unpack sources and apply
DEBUG util.py:537:                                   patches) from <specfile>
DEBUG util.py:537:        -bc                        build through %build (%prep, then compile)
DEBUG util.py:537:                                   from <specfile>
DEBUG util.py:537:        -bi                        build through %install (%prep, %build, then
DEBUG util.py:537:                                   install) from <specfile>
DEBUG util.py:537:        -bl                        verify %files section from <specfile>
DEBUG util.py:537:        -ba                        build source and binary packages from
DEBUG util.py:537:                                   <specfile>
DEBUG util.py:537:        -bb                        build binary package only from <specfile>
DEBUG util.py:537:        -bs                        build source package only from <specfile>
DEBUG util.py:537:        -rp                        build through %prep (unpack sources and apply
DEBUG util.py:537:                                   patches) from <source package>
DEBUG util.py:537:        -rc                        build through %build (%prep, then compile)
DEBUG util.py:537:                                   from <source package>
DEBUG util.py:537:        -ri                        build through %install (%prep, %build, then
DEBUG util.py:537:                                   install) from <source package>
DEBUG util.py:537:        -rl                        verify %files section from <source package>
DEBUG util.py:537:        -ra                        build source and binary packages from <source
DEBUG util.py:537:                                   package>
DEBUG util.py:537:        -rb                        build binary package only from <source
DEBUG util.py:537:                                   package>
DEBUG util.py:537:        -rs                        build source package only from <source
DEBUG util.py:537:                                   package>
DEBUG util.py:537:        -tp                        build through %prep (unpack sources and apply
DEBUG util.py:537:                                   patches) from <tarball>
DEBUG util.py:537:        -tc                        build through %build (%prep, then compile)
DEBUG util.py:537:                                   from <tarball>
DEBUG util.py:537:        -ti                        build through %install (%prep, %build, then
DEBUG util.py:537:                                   install) from <tarball>
DEBUG util.py:537:        -ta                        build source and binary packages from
DEBUG util.py:537:                                   <tarball>
DEBUG util.py:537:        -tb                        build binary package only from <tarball>
DEBUG util.py:537:        -ts                        build source package only from <tarball>
DEBUG util.py:537:        --rebuild                  build binary package from <source package>
DEBUG util.py:537:        --recompile                build through %install (%prep, %build, then
DEBUG util.py:537:                                   install) from <source package>
DEBUG util.py:537:        --buildroot=DIRECTORY      override build root
DEBUG util.py:537:        --build-in-place           run build in current directory
DEBUG util.py:537:        --clean                    remove build tree when done
DEBUG util.py:537:        --nobuild                  do not execute any stages of the build
DEBUG util.py:537:        --nodeps                   do not verify build dependencies
DEBUG util.py:537:        --nodirtokens              generate package header(s) compatible with
DEBUG util.py:537:                                   (legacy) rpm v3 packaging
DEBUG util.py:537:        --noclean                  do not execute %clean stage of the build
DEBUG util.py:537:        --noprep                   do not execute %prep stage of the build
DEBUG util.py:537:        --nocheck                  do not execute %check stage of the build
DEBUG util.py:537:        --rmsource                 remove sources when done
DEBUG util.py:537:        --rmspec                   remove specfile when done
DEBUG util.py:537:        --short-circuit            skip straight to specified stage (only for
DEBUG util.py:537:                                   c,i)
DEBUG util.py:537:        --target=CPU-VENDOR-OS     override target platform
DEBUG util.py:537:  Common options for all rpm modes and executables:
DEBUG util.py:537:    -D, --define='MACRO EXPR'      define MACRO with value EXPR
DEBUG util.py:537:        --undefine=MACRO           undefine MACRO
DEBUG util.py:537:    -E, --eval='EXPR'              print macro expansion of EXPR
DEBUG util.py:537:        --target=CPU-VENDOR-OS     Specify target platform
DEBUG util.py:537:        --macros=<FILE:...>        read <FILE:...> instead of default file(s)
DEBUG util.py:537:        --noplugins                don't enable any plugins
DEBUG util.py:537:        --nodigest                 don't verify package digest(s)
DEBUG util.py:537:        --nosignature              don't verify package signature(s)
DEBUG util.py:537:        --rcfile=<FILE:...>        read <FILE:...> instead of default file(s)
DEBUG util.py:537:    -r, --root=ROOT                use ROOT as top level directory (default: "/")
DEBUG util.py:537:        --dbpath=DIRECTORY         use database in DIRECTORY
DEBUG util.py:537:        --querytags                display known query tags
DEBUG util.py:537:        --showrc                   display final rpmrc and macro configuration
DEBUG util.py:537:        --quiet                    provide less detailed output
DEBUG util.py:537:    -v, --verbose                  provide more detailed output
DEBUG util.py:537:        --version                  print the version of rpm being used
DEBUG util.py:537:  Options implemented via popt alias/exec:
DEBUG util.py:537:        --with=<option>            enable configure <option> for build
DEBUG util.py:537:        --without=<option>         disable configure <option> for build
DEBUG util.py:537:        --buildpolicy=<policy>     set buildroot <policy> (e.g. compress man
DEBUG util.py:537:                                   pages)
DEBUG util.py:537:        --sign                     generate GPG signature (deprecated, use
DEBUG util.py:537:                                   command rpmsign instead)
DEBUG util.py:537:        --nodebuginfo              do not generate debuginfo for this package
DEBUG util.py:537:  Help options:
DEBUG util.py:537:    -?, --help                     Show this help message
DEBUG util.py:537:        --usage                    Display brief usage message
DEBUG util.py:688:  Child return code was: 0
DEBUG util.py:717:  child environment: None
DEBUG backend.py:610:  Copying package to result dir
DEBUG util.py:200:  kill orphans in chroot /var/lib/mock/xCAT-genesis-base-opensuse-leap-15.6-x86_64/root
DEBUG util.py:717:  child environment: None
DEBUG util.py:636:  Executing command: ['/bin/umount', '-n', '/var/lib/mock/xCAT-genesis-base-opensuse-leap-15.6-x86_64/root/var/cache/dnf'] with env {'TERM': 'vt100', 'SHELL': '/bin/sh', 'HOME': '/builddir', 'HOSTNAME': 'mock', 'PATH': '/usr/bin:/bin:/usr/sbin:/sbin', 'LANG': 'C.UTF-8'} and shell False
DEBUG util.py:688:  Child return code was: 0
DEBUG util.py:717:  child environment: None
DEBUG util.py:636:  Executing command: ['/bin/umount', '-n', '/var/lib/mock/xCAT-genesis-base-opensuse-leap-15.6-x86_64/root/var/cache/yum'] with env {'TERM': 'vt100', 'SHELL': '/bin/sh', 'HOME': '/builddir', 'HOSTNAME': 'mock', 'PATH': '/usr/bin:/bin:/usr/sbin:/sbin', 'LANG': 'C.UTF-8'} and shell False
DEBUG util.py:688:  Child return code was: 0
DEBUG util.py:200:  kill orphans in chroot /var/lib/mock/xCAT-genesis-base-opensuse-leap-15.6-x86_64-bootstrap/root
DEBUG util.py:717:  child environment: None
DEBUG util.py:636:  Executing command: ['/bin/umount', '-n', '/var/lib/mock/xCAT-genesis-base-opensuse-leap-15.6-x86_64-bootstrap/root/var/cache/dnf'] with env {'TERM': 'vt100', 'SHELL': '/bin/sh', 'HOME': '/builddir', 'HOSTNAME': 'mock', 'PATH': '/usr/bin:/bin:/usr/sbin:/sbin', 'LANG': 'C.UTF-8'} and shell False
DEBUG util.py:688:  Child return code was: 0
DEBUG util.py:717:  child environment: None
DEBUG util.py:636:  Executing command: ['/bin/umount', '-n', '/var/lib/mock/xCAT-genesis-base-opensuse-leap-15.6-x86_64-bootstrap/root/var/cache/yum'] with env {'TERM': 'vt100', 'SHELL': '/bin/sh', 'HOME': '/builddir', 'HOSTNAME': 'mock', 'PATH': '/usr/bin:/bin:/usr/sbin:/sbin', 'LANG': 'C.UTF-8'} and shell False
DEBUG util.py:688:  Child return code was: 0
INFO buildroot.py:704:  Mock Version: 6.8
DEBUG file_util.py:17:  ensuring that dir exists: /var/lib/mock/xCAT-genesis-base-opensuse-leap-15.6-x86_64/root
DEBUG file_util.py:20:  created dir: /var/lib/mock/xCAT-genesis-base-opensuse-leap-15.6-x86_64/root
DEBUG file_util.py:17:  ensuring that dir exists: /var/lib/mock/xCAT-genesis-base-opensuse-leap-15.6-x86_64-bootstrap
DEBUG file_util.py:17:  ensuring that dir exists: /var/lib/mock/xCAT-genesis-base-opensuse-leap-15.6-x86_64-bootstrap
DEBUG file_util.py:17:  ensuring that dir exists: /var/lib/mock/xCAT-genesis-base-opensuse-leap-15.6-x86_64-bootstrap/root
DEBUG file_util.py:17:  ensuring that dir exists: /var/lib/mock/xCAT-genesis-base-opensuse-leap-15.6-x86_64-bootstrap/results
INFO buildroot.py:321:  calling preinit hooks
DEBUG file_util.py:17:  ensuring that dir exists: /var/cache/mock/xCAT-genesis-base-opensuse-leap-15.6-x86_64-bootstrap/root_cache/
DEBUG file_util.py:17:  ensuring that dir exists: /var/cache/mock/xCAT-genesis-base-opensuse-leap-15.6-x86_64-bootstrap/yum_cache
DEBUG file_util.py:17:  ensuring that dir exists: /var/cache/mock/xCAT-genesis-base-opensuse-leap-15.6-x86_64-bootstrap/dnf_cache
DEBUG buildroot.py:760:  create skeleton dirs
DEBUG file_util.py:17:  ensuring that dir exists: /var/lib/mock/xCAT-genesis-base-opensuse-leap-15.6-x86_64-bootstrap/root/var/lib/rpm
DEBUG file_util.py:17:  ensuring that dir exists: /var/lib/mock/xCAT-genesis-base-opensuse-leap-15.6-x86_64-bootstrap/root/var/lib/yum
DEBUG file_util.py:17:  ensuring that dir exists: /var/lib/mock/xCAT-genesis-base-opensuse-leap-15.6-x86_64-bootstrap/root/var/lib/dbus
DEBUG file_util.py:17:  ensuring that dir exists: /var/lib/mock/xCAT-genesis-base-opensuse-leap-15.6-x86_64-bootstrap/root/var/log
DEBUG file_util.py:17:  ensuring that dir exists: /var/lib/mock/xCAT-genesis-base-opensuse-leap-15.6-x86_64-bootstrap/root/var/cache/dnf
DEBUG file_util.py:17:  ensuring that dir exists: /var/lib/mock/xCAT-genesis-base-opensuse-leap-15.6-x86_64-bootstrap/root/var/cache/yum
DEBUG file_util.py:17:  ensuring that dir exists: /var/lib/mock/xCAT-genesis-base-opensuse-leap-15.6-x86_64-bootstrap/root/etc/rpm
DEBUG file_util.py:17:  ensuring that dir exists: /var/lib/mock/xCAT-genesis-base-opensuse-leap-15.6-x86_64-bootstrap/root/tmp
DEBUG file_util.py:17:  ensuring that dir exists: /var/lib/mock/xCAT-genesis-base-opensuse-leap-15.6-x86_64-bootstrap/root/tmp/ccache
DEBUG file_util.py:17:  ensuring that dir exists: /var/lib/mock/xCAT-genesis-base-opensuse-leap-15.6-x86_64-bootstrap/root/var/tmp
DEBUG file_util.py:17:  ensuring that dir exists: /var/lib/mock/xCAT-genesis-base-opensuse-leap-15.6-x86_64-bootstrap/root/etc/dnf
DEBUG file_util.py:17:  ensuring that dir exists: /var/lib/mock/xCAT-genesis-base-opensuse-leap-15.6-x86_64-bootstrap/root/etc/dnf/vars
DEBUG file_util.py:17:  ensuring that dir exists: /var/lib/mock/xCAT-genesis-base-opensuse-leap-15.6-x86_64-bootstrap/root/etc/yum.repos.d
DEBUG file_util.py:20:  created dir: /var/lib/mock/xCAT-genesis-base-opensuse-leap-15.6-x86_64-bootstrap/root/etc/yum.repos.d
DEBUG file_util.py:17:  ensuring that dir exists: /var/lib/mock/xCAT-genesis-base-opensuse-leap-15.6-x86_64-bootstrap/root/etc/yum
DEBUG file_util.py:17:  ensuring that dir exists: /var/lib/mock/xCAT-genesis-base-opensuse-leap-15.6-x86_64-bootstrap/root/proc
DEBUG file_util.py:17:  ensuring that dir exists: /var/lib/mock/xCAT-genesis-base-opensuse-leap-15.6-x86_64-bootstrap/root/sys
DEBUG file_util.py:17:  ensuring that dir exists: /var/lib/mock/xCAT-genesis-base-opensuse-leap-15.6-x86_64-bootstrap/root/run/lock
DEBUG file_util.py:17:  ensuring that dir exists: /var/lib/mock/xCAT-genesis-base-opensuse-leap-15.6-x86_64-bootstrap/root/dev/pts
DEBUG file_util.py:17:  ensuring that dir exists: /var/lib/mock/xCAT-genesis-base-opensuse-leap-15.6-x86_64-bootstrap/root/dev/shm
DEBUG file_util.py:17:  ensuring that dir exists: /var/lib/mock/xCAT-genesis-base-opensuse-leap-15.6-x86_64-bootstrap/root/dev/mapper
DEBUG file_util.py:20:  created dir: /var/lib/mock/xCAT-genesis-base-opensuse-leap-15.6-x86_64-bootstrap/root/dev/mapper
DEBUG buildroot.py:904:  kernel version == 6.12.0-211.7.3.el10_2.x86_64
DEBUG file_util.py:29:  touching file: /var/lib/mock/xCAT-genesis-base-opensuse-leap-15.6-x86_64-bootstrap/root/etc/fstab
DEBUG file_util.py:29:  touching file: /var/lib/mock/xCAT-genesis-base-opensuse-leap-15.6-x86_64-bootstrap/root/etc/yum/yum.conf
DEBUG file_util.py:29:  touching file: /var/lib/mock/xCAT-genesis-base-opensuse-leap-15.6-x86_64-bootstrap/root/etc/dnf/dnf.conf
DEBUG file_util.py:29:  touching file: /var/lib/mock/xCAT-genesis-base-opensuse-leap-15.6-x86_64-bootstrap/root/var/log/yum.log
DEBUG buildroot.py:335:  rootdir = /var/lib/mock/xCAT-genesis-base-opensuse-leap-15.6-x86_64-bootstrap/root
DEBUG buildroot.py:336:  resultdir = /var/lib/mock/xCAT-genesis-base-opensuse-leap-15.6-x86_64-bootstrap/results
DEBUG package_manager.py:64:  searching for 'dnf4' package manager or alternatives
INFO buildroot.py:183:  Package manager dnf4 detected and used (fallback)
DEBUG file_util.py:17:  ensuring that dir exists: /var/lib/mock/xCAT-genesis-base-opensuse-leap-15.6-x86_64-bootstrap/root/etc/pki/mock
DEBUG package_manager.py:406:  copying CA trust dir into chroot: /etc/pki/ca-trust => /etc/pki/ca-trust
DEBUG file_util.py:191:  Updating files in /var/lib/mock/xCAT-genesis-base-opensuse-leap-15.6-x86_64-bootstrap/root/etc/pki/ca-trust with files from /etc/pki/ca-trust
DEBUG file_util.py:17:  ensuring that dir exists: /var/lib/mock/xCAT-genesis-base-opensuse-leap-15.6-x86_64-bootstrap/root/etc/pki/ca-trust
DEBUG file_util.py:17:  ensuring that dir exists: /var/lib/mock/xCAT-genesis-base-opensuse-leap-15.6-x86_64-bootstrap/root/etc/pki/ca-trust/./extracted
DEBUG file_util.py:17:  ensuring that dir exists: /var/lib/mock/xCAT-genesis-base-opensuse-leap-15.6-x86_64-bootstrap/root/etc/pki/ca-trust/./source
DEBUG file_util.py:17:  ensuring that dir exists: /var/lib/mock/xCAT-genesis-base-opensuse-leap-15.6-x86_64-bootstrap/root/etc/pki/ca-trust/extracted/edk2
DEBUG file_util.py:17:  ensuring that dir exists: /var/lib/mock/xCAT-genesis-base-opensuse-leap-15.6-x86_64-bootstrap/root/etc/pki/ca-trust/extracted/java
DEBUG file_util.py:17:  ensuring that dir exists: /var/lib/mock/xCAT-genesis-base-opensuse-leap-15.6-x86_64-bootstrap/root/etc/pki/ca-trust/extracted/openssl
DEBUG file_util.py:17:  ensuring that dir exists: /var/lib/mock/xCAT-genesis-base-opensuse-leap-15.6-x86_64-bootstrap/root/etc/pki/ca-trust/extracted/pem
DEBUG file_util.py:17:  ensuring that dir exists: /var/lib/mock/xCAT-genesis-base-opensuse-leap-15.6-x86_64-bootstrap/root/etc/pki/ca-trust/extracted/pem/directory-hash
DEBUG file_util.py:17:  ensuring that dir exists: /var/lib/mock/xCAT-genesis-base-opensuse-leap-15.6-x86_64-bootstrap/root/etc/pki/ca-trust/source/anchors
DEBUG file_util.py:17:  ensuring that dir exists: /var/lib/mock/xCAT-genesis-base-opensuse-leap-15.6-x86_64-bootstrap/root/etc/pki/ca-trust/source/blocklist
DEBUG package_manager.py:406:  copying CA trust dir into chroot: /usr/share/pki/ca-trust-source => /usr/share/pki/ca-trust-source
DEBUG file_util.py:191:  Updating files in /var/lib/mock/xCAT-genesis-base-opensuse-leap-15.6-x86_64-bootstrap/root/usr/share/pki/ca-trust-source with files from /usr/share/pki/ca-trust-source
DEBUG file_util.py:17:  ensuring that dir exists: /var/lib/mock/xCAT-genesis-base-opensuse-leap-15.6-x86_64-bootstrap/root/usr/share/pki/ca-trust-source
DEBUG file_util.py:17:  ensuring that dir exists: /var/lib/mock/xCAT-genesis-base-opensuse-leap-15.6-x86_64-bootstrap/root/usr/share/pki/ca-trust-source/./anchors
DEBUG file_util.py:17:  ensuring that dir exists: /var/lib/mock/xCAT-genesis-base-opensuse-leap-15.6-x86_64-bootstrap/root/usr/share/pki/ca-trust-source/./blocklist
DEBUG package_manager.py:412:  copying CA bundle into chroot
DEBUG file_util.py:17:  ensuring that dir exists: /var/lib/mock/xCAT-genesis-base-opensuse-leap-15.6-x86_64-bootstrap/root/var/lib/ca-certificates
DEBUG file_util.py:17:  ensuring that dir exists: /var/lib/mock/xCAT-genesis-base-opensuse-leap-15.6-x86_64-bootstrap/root/usr/share
DEBUG package_manager.py:390:  Copying /usr/share/distribution-gpg-keys to the bootstrap chroot
DEBUG util.py:717:  child environment: None
DEBUG util.py:636:  Executing command: ['cp', '-a', '/usr/share/distribution-gpg-keys', '/var/lib/mock/xCAT-genesis-base-opensuse-leap-15.6-x86_64-bootstrap/root/usr/share'] with env {'TERM': 'vt100', 'SHELL': '/bin/sh', 'HOME': '/builddir', 'HOSTNAME': 'mock', 'PATH': '/usr/bin:/bin:/usr/sbin:/sbin', 'LANG': 'C.UTF-8'} and shell False
DEBUG util.py:688:  Child return code was: 0
DEBUG file_util.py:17:  ensuring that dir exists: /var/lib/mock/xCAT-genesis-base-opensuse-leap-15.6-x86_64-bootstrap/root/etc/dnf
DEBUG package_manager.py:693:  configure DNF vars
DEBUG file_util.py:17:  ensuring that dir exists: /var/lib/mock/xCAT-genesis-base-opensuse-leap-15.6-x86_64-bootstrap/root/var/cache/yum
DEBUG util.py:717:  child environment: None
DEBUG util.py:636:  Executing command: ['/bin/mount', '-n', '-o', 'bind', '/var/cache/mock/xCAT-genesis-base-opensuse-leap-15.6-x86_64-bootstrap/yum_cache', '/var/lib/mock/xCAT-genesis-base-opensuse-leap-15.6-x86_64-bootstrap/root/var/cache/yum'] with env {'TERM': 'vt100', 'SHELL': '/bin/sh', 'HOME': '/builddir', 'HOSTNAME': 'mock', 'PATH': '/usr/bin:/bin:/usr/sbin:/sbin', 'LANG': 'C.UTF-8'} and shell False
DEBUG util.py:688:  Child return code was: 0
DEBUG file_util.py:17:  ensuring that dir exists: /var/lib/mock/xCAT-genesis-base-opensuse-leap-15.6-x86_64-bootstrap/root/var/cache/dnf
DEBUG util.py:717:  child environment: None
DEBUG util.py:636:  Executing command: ['/bin/mount', '-n', '-o', 'bind', '/var/cache/mock/xCAT-genesis-base-opensuse-leap-15.6-x86_64-bootstrap/dnf_cache', '/var/lib/mock/xCAT-genesis-base-opensuse-leap-15.6-x86_64-bootstrap/root/var/cache/dnf'] with env {'TERM': 'vt100', 'SHELL': '/bin/sh', 'HOME': '/builddir', 'HOSTNAME': 'mock', 'PATH': '/usr/bin:/bin:/usr/sbin:/sbin', 'LANG': 'C.UTF-8'} and shell False
DEBUG util.py:688:  Child return code was: 0
DEBUG file_util.py:17:  ensuring that dir exists: /var/lib/mock/xCAT-genesis-base-opensuse-leap-15.6-x86_64-bootstrap/root/etc
DEBUG file_util.py:17:  ensuring that dir exists: /var/lib/mock/xCAT-genesis-base-opensuse-leap-15.6-x86_64-bootstrap/root/etc
DEBUG buildroot.py:39:  method _cleanup_homedir skipped in bootstrap
DEBUG buildroot.py:39:  method _setup_build_dirs skipped in bootstrap
DEBUG buildroot.py:39:  method _make_users skipped in bootstrap
DEBUG file_util.py:29:  touching file: /var/lib/mock/xCAT-genesis-base-opensuse-leap-15.6-x86_64-bootstrap/root/.initialized
DEBUG file_util.py:17:  ensuring that dir exists: /var/lib/mock/xCAT-genesis-base-opensuse-leap-15.6-x86_64
DEBUG file_util.py:17:  ensuring that dir exists: /var/lib/mock/xCAT-genesis-base-opensuse-leap-15.6-x86_64/root
DEBUG file_util.py:17:  ensuring that dir exists: dist/opensuse-leap-15.6-x86_64/rpms/SRPMS/
INFO buildroot.py:321:  calling preinit hooks
DEBUG file_util.py:17:  ensuring that dir exists: /var/cache/mock/xCAT-genesis-base-opensuse-leap-15.6-x86_64/root_cache/
DEBUG file_util.py:17:  ensuring that dir exists: /var/lib/mock/xCAT-genesis-base-opensuse-leap-15.6-x86_64/root
DEBUG util.py:717:  child environment: None
DEBUG util.py:636:  Executing command: ['/bin/tar', '--use-compress-program', 'pigz', '-xf', '/var/cache/mock/xCAT-genesis-base-opensuse-leap-15.6-x86_64/root_cache/cache.tar.gz', '-C', '/var/lib/mock/xCAT-genesis-base-opensuse-leap-15.6-x86_64/root'] with env {'TERM': 'vt100', 'SHELL': '/bin/sh', 'HOME': '/builddir', 'HOSTNAME': 'mock', 'PATH': '/usr/bin:/bin:/usr/sbin:/sbin', 'LANG': 'C.UTF-8'} and shell False
DEBUG util.py:688:  Child return code was: 0
DEBUG file_util.py:17:  ensuring that dir exists: /var/lib/mock/xCAT-genesis-base-opensuse-leap-15.6-x86_64/root/./proc
DEBUG file_util.py:20:  created dir: /var/lib/mock/xCAT-genesis-base-opensuse-leap-15.6-x86_64/root/./proc
DEBUG file_util.py:17:  ensuring that dir exists: /var/lib/mock/xCAT-genesis-base-opensuse-leap-15.6-x86_64/root/./sys
DEBUG file_util.py:20:  created dir: /var/lib/mock/xCAT-genesis-base-opensuse-leap-15.6-x86_64/root/./sys
DEBUG file_util.py:17:  ensuring that dir exists: /var/lib/mock/xCAT-genesis-base-opensuse-leap-15.6-x86_64/root/./dev
DEBUG file_util.py:20:  created dir: /var/lib/mock/xCAT-genesis-base-opensuse-leap-15.6-x86_64/root/./dev
DEBUG file_util.py:17:  ensuring that dir exists: /var/lib/mock/xCAT-genesis-base-opensuse-leap-15.6-x86_64/root/./tmp/ccache
DEBUG file_util.py:20:  created dir: /var/lib/mock/xCAT-genesis-base-opensuse-leap-15.6-x86_64/root/./tmp/ccache
DEBUG file_util.py:17:  ensuring that dir exists: /var/lib/mock/xCAT-genesis-base-opensuse-leap-15.6-x86_64/root/./var/cache/yum
DEBUG file_util.py:20:  created dir: /var/lib/mock/xCAT-genesis-base-opensuse-leap-15.6-x86_64/root/./var/cache/yum
DEBUG file_util.py:17:  ensuring that dir exists: /var/lib/mock/xCAT-genesis-base-opensuse-leap-15.6-x86_64/root/./var/cache/dnf
DEBUG file_util.py:20:  created dir: /var/lib/mock/xCAT-genesis-base-opensuse-leap-15.6-x86_64/root/./var/cache/dnf
DEBUG file_util.py:17:  ensuring that dir exists: /var/lib/mock/xCAT-genesis-base-opensuse-leap-15.6-x86_64/root/./var/log
DEBUG file_util.py:20:  created dir: /var/lib/mock/xCAT-genesis-base-opensuse-leap-15.6-x86_64/root/./var/log
DEBUG file_util.py:17:  ensuring that dir exists: /var/cache/mock/xCAT-genesis-base-opensuse-leap-15.6-x86_64/yum_cache
DEBUG file_util.py:17:  ensuring that dir exists: /var/cache/mock/xCAT-genesis-base-opensuse-leap-15.6-x86_64/dnf_cache
DEBUG util.py:717:  child environment: None
DEBUG util.py:636:  Executing command: ['/usr/bin/lscpu'] with env {'TERM': 'vt100', 'SHELL': '/bin/sh', 'HOME': '/builddir', 'HOSTNAME': 'mock', 'PATH': '/usr/bin:/bin:/usr/sbin:/sbin', 'LANG': 'C.UTF-8'} and shell False
DEBUG util.py:537:  Architecture:                            x86_64
DEBUG util.py:537:  CPU op-mode(s):                          32-bit, 64-bit
DEBUG util.py:537:  Address sizes:                           48 bits physical, 48 bits virtual
DEBUG util.py:537:  Byte Order:                              Little Endian
DEBUG util.py:537:  CPU(s):                                  8
DEBUG util.py:537:  On-line CPU(s) list:                     0-7
DEBUG util.py:537:  Vendor ID:                               AuthenticAMD
DEBUG util.py:537:  BIOS Vendor ID:                          Red Hat
DEBUG util.py:537:  Model name:                              AMD EPYC 7H12 64-Core Processor
DEBUG util.py:537:  BIOS Model name:                         RHEL-10.0.0 PC (Q35 + ICH9, 2009)  CPU @ 2.0GHz
DEBUG util.py:537:  BIOS CPU family:                         1
DEBUG util.py:537:  CPU family:                              23
DEBUG util.py:537:  Model:                                   49
DEBUG util.py:537:  Thread(s) per core:                      1
DEBUG util.py:537:  Core(s) per socket:                      1
DEBUG util.py:537:  Socket(s):                               8
DEBUG util.py:537:  Stepping:                                0
DEBUG util.py:537:  BogoMIPS:                                5190.24
DEBUG util.py:537:  Flags:                                   fpu vme de pse tsc msr pae mce cx8 apic sep mtrr pge mca cmov pat pse36 clflush mmx fxsr sse sse2 syscall nx mmxext fxsr_opt pdpe1gb rdtscp lm rep_good nopl cpuid extd_apicid tsc_known_freq pni pclmulqdq ssse3 fma cx16 sse4_1 sse4_2 x2apic movbe popcnt tsc_deadline_timer aes xsave avx f16c rdrand hypervisor lahf_lm cmp_legacy svm cr8_legacy abm sse4a misalignsse 3dnowprefetch osvw perfctr_core ssbd ibrs ibpb stibp vmmcall fsgsbase tsc_adjust bmi1 avx2 smep bmi2 rdseed adx smap clflushopt clwb sha_ni xsaveopt xsavec xgetbv1 xsaves clzero xsaveerptr wbnoinvd arat npt lbrv nrip_save tsc_scale vmcb_clean flushbyasid pausefilter pfthreshold v_vmsave_vmload vgif umip rdpid overflow_recov succor arch_capabilities
DEBUG util.py:537:  Virtualization:                          AMD-V
DEBUG util.py:537:  Hypervisor vendor:                       KVM
DEBUG util.py:537:  Virtualization type:                     full
DEBUG util.py:537:  L1d cache:                               512 KiB (8 instances)
DEBUG util.py:537:  L1i cache:                               512 KiB (8 instances)
DEBUG util.py:537:  L2 cache:                                4 MiB (8 instances)
DEBUG util.py:537:  L3 cache:                                128 MiB (8 instances)
DEBUG util.py:537:  NUMA node(s):                            1
DEBUG util.py:537:  NUMA node0 CPU(s):                       0-7
DEBUG util.py:537:  Vulnerability Gather data sampling:      Not affected
DEBUG util.py:537:  Vulnerability Indirect target selection: Not affected
DEBUG util.py:537:  Vulnerability Itlb multihit:             Not affected
DEBUG util.py:537:  Vulnerability L1tf:                      Not affected
DEBUG util.py:537:  Vulnerability Mds:                       Not affected
DEBUG util.py:537:  Vulnerability Meltdown:                  Not affected
DEBUG util.py:537:  Vulnerability Mmio stale data:           Not affected
DEBUG util.py:537:  Vulnerability Old microcode:             Not affected
DEBUG util.py:537:  Vulnerability Reg file data sampling:    Not affected
DEBUG util.py:537:  Vulnerability Retbleed:                  Mitigation; untrained return thunk; SMT disabled
DEBUG util.py:537:  Vulnerability Spec rstack overflow:      Mitigation; SMT disabled
DEBUG util.py:537:  Vulnerability Spec store bypass:         Mitigation; Speculative Store Bypass disabled via prctl
DEBUG util.py:537:  Vulnerability Spectre v1:                Mitigation; usercopy/swapgs barriers and __user pointer sanitization
DEBUG util.py:537:  Vulnerability Spectre v2:                Mitigation; Retpolines; IBPB conditional; STIBP disabled; RSB filling; PBRSB-eIBRS Not affected; BHI Not affected
DEBUG util.py:537:  Vulnerability Srbds:                     Not affected
DEBUG util.py:537:  Vulnerability Tsa:                       Not affected
DEBUG util.py:537:  Vulnerability Tsx async abort:           Not affected
DEBUG util.py:537:  Vulnerability Vmscape:                   Not affected
DEBUG util.py:688:  Child return code was: 0
DEBUG util.py:717:  child environment: None
DEBUG util.py:636:  Executing command: ['/bin/free', '--human'] with env {'TERM': 'vt100', 'SHELL': '/bin/sh', 'HOME': '/builddir', 'HOSTNAME': 'mock', 'PATH': '/usr/bin:/bin:/usr/sbin:/sbin', 'LANG': 'C.UTF-8'} and shell False
DEBUG util.py:537:                 total        used        free      shared  buff/cache   available
DEBUG util.py:537:  Mem:            15Gi       3.8Gi       2.6Gi       141Mi         9Gi        11Gi
DEBUG util.py:537:  Swap:             0B          0B          0B
DEBUG util.py:688:  Child return code was: 0
DEBUG util.py:717:  child environment: None
DEBUG util.py:636:  Executing command: ['/bin/df', '-H', '-T', '/var/lib/mock/xCAT-genesis-base-opensuse-leap-15.6-x86_64/root', '/var/cache/mock'] with env {'TERM': 'vt100', 'SHELL': '/bin/sh', 'HOME': '/builddir', 'HOSTNAME': 'mock', 'PATH': '/usr/bin:/bin:/usr/sbin:/sbin', 'LANG': 'C.UTF-8'} and shell False
DEBUG util.py:537:  Filesystem     Type  Size  Used Avail Use% Mounted on
DEBUG util.py:537:  /dev/vda4      xfs   216G  154G   62G  72% /
DEBUG util.py:537:  /dev/vda4      xfs   216G  154G   62G  72% /
DEBUG util.py:688:  Child return code was: 0
DEBUG buildroot.py:760:  create skeleton dirs
DEBUG file_util.py:17:  ensuring that dir exists: /var/lib/mock/xCAT-genesis-base-opensuse-leap-15.6-x86_64/root/var/lib/rpm
DEBUG file_util.py:17:  ensuring that dir exists: /var/lib/mock/xCAT-genesis-base-opensuse-leap-15.6-x86_64/root/var/lib/yum
DEBUG file_util.py:17:  ensuring that dir exists: /var/lib/mock/xCAT-genesis-base-opensuse-leap-15.6-x86_64/root/var/lib/dbus
DEBUG file_util.py:17:  ensuring that dir exists: /var/lib/mock/xCAT-genesis-base-opensuse-leap-15.6-x86_64/root/var/log
DEBUG file_util.py:17:  ensuring that dir exists: /var/lib/mock/xCAT-genesis-base-opensuse-leap-15.6-x86_64/root/var/cache/dnf
DEBUG file_util.py:17:  ensuring that dir exists: /var/lib/mock/xCAT-genesis-base-opensuse-leap-15.6-x86_64/root/var/cache/yum
DEBUG file_util.py:17:  ensuring that dir exists: /var/lib/mock/xCAT-genesis-base-opensuse-leap-15.6-x86_64/root/etc/rpm
DEBUG file_util.py:17:  ensuring that dir exists: /var/lib/mock/xCAT-genesis-base-opensuse-leap-15.6-x86_64/root/tmp
DEBUG file_util.py:17:  ensuring that dir exists: /var/lib/mock/xCAT-genesis-base-opensuse-leap-15.6-x86_64/root/tmp/ccache
DEBUG file_util.py:17:  ensuring that dir exists: /var/lib/mock/xCAT-genesis-base-opensuse-leap-15.6-x86_64/root/var/tmp
DEBUG file_util.py:17:  ensuring that dir exists: /var/lib/mock/xCAT-genesis-base-opensuse-leap-15.6-x86_64/root/etc/dnf
DEBUG file_util.py:17:  ensuring that dir exists: /var/lib/mock/xCAT-genesis-base-opensuse-leap-15.6-x86_64/root/etc/dnf/vars
DEBUG file_util.py:17:  ensuring that dir exists: /var/lib/mock/xCAT-genesis-base-opensuse-leap-15.6-x86_64/root/etc/yum.repos.d
DEBUG file_util.py:20:  created dir: /var/lib/mock/xCAT-genesis-base-opensuse-leap-15.6-x86_64/root/etc/yum.repos.d
DEBUG file_util.py:17:  ensuring that dir exists: /var/lib/mock/xCAT-genesis-base-opensuse-leap-15.6-x86_64/root/etc/yum
DEBUG file_util.py:17:  ensuring that dir exists: /var/lib/mock/xCAT-genesis-base-opensuse-leap-15.6-x86_64/root/proc
DEBUG file_util.py:17:  ensuring that dir exists: /var/lib/mock/xCAT-genesis-base-opensuse-leap-15.6-x86_64/root/sys
DEBUG file_util.py:17:  ensuring that dir exists: /var/lib/mock/xCAT-genesis-base-opensuse-leap-15.6-x86_64/root/run/lock
DEBUG file_util.py:17:  ensuring that dir exists: /var/lib/mock/xCAT-genesis-base-opensuse-leap-15.6-x86_64/root/dev/pts
DEBUG file_util.py:20:  created dir: /var/lib/mock/xCAT-genesis-base-opensuse-leap-15.6-x86_64/root/dev/pts
DEBUG file_util.py:17:  ensuring that dir exists: /var/lib/mock/xCAT-genesis-base-opensuse-leap-15.6-x86_64/root/dev/shm
DEBUG file_util.py:20:  created dir: /var/lib/mock/xCAT-genesis-base-opensuse-leap-15.6-x86_64/root/dev/shm
DEBUG file_util.py:17:  ensuring that dir exists: /var/lib/mock/xCAT-genesis-base-opensuse-leap-15.6-x86_64/root/dev/mapper
DEBUG file_util.py:20:  created dir: /var/lib/mock/xCAT-genesis-base-opensuse-leap-15.6-x86_64/root/dev/mapper
DEBUG buildroot.py:904:  kernel version == 6.12.0-211.7.3.el10_2.x86_64
DEBUG file_util.py:29:  touching file: /var/lib/mock/xCAT-genesis-base-opensuse-leap-15.6-x86_64/root/etc/fstab
DEBUG file_util.py:29:  touching file: /var/lib/mock/xCAT-genesis-base-opensuse-leap-15.6-x86_64/root/etc/yum/yum.conf
DEBUG file_util.py:29:  touching file: /var/lib/mock/xCAT-genesis-base-opensuse-leap-15.6-x86_64/root/etc/dnf/dnf.conf
DEBUG file_util.py:29:  touching file: /var/lib/mock/xCAT-genesis-base-opensuse-leap-15.6-x86_64/root/var/log/yum.log
DEBUG buildroot.py:335:  rootdir = /var/lib/mock/xCAT-genesis-base-opensuse-leap-15.6-x86_64/root
DEBUG buildroot.py:336:  resultdir = dist/opensuse-leap-15.6-x86_64/rpms/SRPMS/
INFO buildroot.py:183:  Package manager dnf4 detected and used (direct choice)
DEBUG file_util.py:17:  ensuring that dir exists: /var/lib/mock/xCAT-genesis-base-opensuse-leap-15.6-x86_64/root/etc/pki/mock
DEBUG package_manager.py:406:  copying CA trust dir into chroot: /etc/pki/ca-trust => /etc/pki/ca-trust
DEBUG file_util.py:191:  Updating files in /var/lib/mock/xCAT-genesis-base-opensuse-leap-15.6-x86_64/root/etc/pki/ca-trust with files from /etc/pki/ca-trust
DEBUG file_util.py:17:  ensuring that dir exists: /var/lib/mock/xCAT-genesis-base-opensuse-leap-15.6-x86_64/root/etc/pki/ca-trust
DEBUG file_util.py:17:  ensuring that dir exists: /var/lib/mock/xCAT-genesis-base-opensuse-leap-15.6-x86_64/root/etc/pki/ca-trust/./extracted
DEBUG file_util.py:17:  ensuring that dir exists: /var/lib/mock/xCAT-genesis-base-opensuse-leap-15.6-x86_64/root/etc/pki/ca-trust/./source
DEBUG file_util.py:17:  ensuring that dir exists: /var/lib/mock/xCAT-genesis-base-opensuse-leap-15.6-x86_64/root/etc/pki/ca-trust/extracted/edk2
DEBUG file_util.py:17:  ensuring that dir exists: /var/lib/mock/xCAT-genesis-base-opensuse-leap-15.6-x86_64/root/etc/pki/ca-trust/extracted/java
DEBUG file_util.py:17:  ensuring that dir exists: /var/lib/mock/xCAT-genesis-base-opensuse-leap-15.6-x86_64/root/etc/pki/ca-trust/extracted/openssl
DEBUG file_util.py:17:  ensuring that dir exists: /var/lib/mock/xCAT-genesis-base-opensuse-leap-15.6-x86_64/root/etc/pki/ca-trust/extracted/pem
DEBUG file_util.py:17:  ensuring that dir exists: /var/lib/mock/xCAT-genesis-base-opensuse-leap-15.6-x86_64/root/etc/pki/ca-trust/extracted/pem/directory-hash
DEBUG file_util.py:17:  ensuring that dir exists: /var/lib/mock/xCAT-genesis-base-opensuse-leap-15.6-x86_64/root/etc/pki/ca-trust/source/anchors
DEBUG file_util.py:17:  ensuring that dir exists: /var/lib/mock/xCAT-genesis-base-opensuse-leap-15.6-x86_64/root/etc/pki/ca-trust/source/blocklist
DEBUG package_manager.py:406:  copying CA trust dir into chroot: /usr/share/pki/ca-trust-source => /usr/share/pki/ca-trust-source
DEBUG file_util.py:191:  Updating files in /var/lib/mock/xCAT-genesis-base-opensuse-leap-15.6-x86_64/root/usr/share/pki/ca-trust-source with files from /usr/share/pki/ca-trust-source
DEBUG file_util.py:17:  ensuring that dir exists: /var/lib/mock/xCAT-genesis-base-opensuse-leap-15.6-x86_64/root/usr/share/pki/ca-trust-source
DEBUG file_util.py:17:  ensuring that dir exists: /var/lib/mock/xCAT-genesis-base-opensuse-leap-15.6-x86_64/root/usr/share/pki/ca-trust-source/./anchors
DEBUG file_util.py:17:  ensuring that dir exists: /var/lib/mock/xCAT-genesis-base-opensuse-leap-15.6-x86_64/root/usr/share/pki/ca-trust-source/./blocklist
DEBUG package_manager.py:412:  copying CA bundle into chroot
DEBUG file_util.py:17:  ensuring that dir exists: /var/lib/mock/xCAT-genesis-base-opensuse-leap-15.6-x86_64/root/var/lib/ca-certificates
DEBUG file_util.py:17:  ensuring that dir exists: /var/lib/mock/xCAT-genesis-base-opensuse-leap-15.6-x86_64/root/etc/dnf
DEBUG package_manager.py:693:  configure DNF vars
DEBUG file_util.py:17:  ensuring that dir exists: /var/lib/mock/xCAT-genesis-base-opensuse-leap-15.6-x86_64/root/var/cache/yum
DEBUG util.py:717:  child environment: None
DEBUG util.py:636:  Executing command: ['/bin/mount', '-n', '-o', 'bind', '/var/cache/mock/xCAT-genesis-base-opensuse-leap-15.6-x86_64/yum_cache', '/var/lib/mock/xCAT-genesis-base-opensuse-leap-15.6-x86_64/root/var/cache/yum'] with env {'TERM': 'vt100', 'SHELL': '/bin/sh', 'HOME': '/builddir', 'HOSTNAME': 'mock', 'PATH': '/usr/bin:/bin:/usr/sbin:/sbin', 'LANG': 'C.UTF-8'} and shell False
DEBUG util.py:688:  Child return code was: 0
DEBUG file_util.py:17:  ensuring that dir exists: /var/lib/mock/xCAT-genesis-base-opensuse-leap-15.6-x86_64/root/var/cache/dnf
DEBUG util.py:717:  child environment: None
DEBUG util.py:636:  Executing command: ['/bin/mount', '-n', '-o', 'bind', '/var/cache/mock/xCAT-genesis-base-opensuse-leap-15.6-x86_64/dnf_cache', '/var/lib/mock/xCAT-genesis-base-opensuse-leap-15.6-x86_64/root/var/cache/dnf'] with env {'TERM': 'vt100', 'SHELL': '/bin/sh', 'HOME': '/builddir', 'HOSTNAME': 'mock', 'PATH': '/usr/bin:/bin:/usr/sbin:/sbin', 'LANG': 'C.UTF-8'} and shell False
DEBUG util.py:688:  Child return code was: 0
DEBUG file_util.py:29:  touching file: /var/lib/mock/xCAT-genesis-base-opensuse-leap-15.6-x86_64/root/etc/resolv.conf
DEBUG util.py:717:  child environment: None
DEBUG util.py:631:  Using nspawn with args None
DEBUG util.py:636:  Executing command: ['/usr/bin/systemd-nspawn', '-q', '-M', '77d986fb689f4bd39350ad6242221e08', '-D', '/var/lib/mock/xCAT-genesis-base-opensuse-leap-15.6-x86_64-bootstrap/root', '-a', '--console=pipe', '--setenv=TERM=vt100', '--setenv=SHELL=/bin/sh', '--setenv=HOME=/builddir', '--setenv=HOSTNAME=mock', '--setenv=PATH=/usr/bin:/bin:/usr/sbin:/sbin', '--setenv=LANG=C.UTF-8', 'rpm', '-q', 'rpm', 'rpm-sequoia', 'python3-dnf', 'python3-dnf-plugins-core', 'yum', 'yum-utils', 'dnf5', 'dnf5-plugins'] with env {'TERM': 'vt100', 'SHELL': '/bin/sh', 'HOME': '/builddir', 'HOSTNAME': 'mock', 'PATH': '/usr/bin:/bin:/usr/sbin:/sbin', 'LANG': 'C.UTF-8', 'SYSTEMD_NSPAWN_TMPFS_TMP': '0', 'SYSTEMD_SECCOMP': '0'} and shell False
DEBUG util.py:537:  rpm-4.14.3-150400.59.16.1.x86_64
DEBUG util.py:537:  package rpm-sequoia is not installed
DEBUG util.py:537:  python3-dnf-4.10.0-bp156.4.2.noarch
DEBUG util.py:537:  python3-dnf-plugins-core-4.0.24-bp156.3.1.noarch
DEBUG util.py:537:  package yum is not installed
DEBUG util.py:537:  package yum-utils is not installed
DEBUG util.py:537:  package dnf5 is not installed
DEBUG util.py:537:  package dnf5-plugins is not installed
DEBUG util.py:688:  Child return code was: 5
INFO package_manager.py:202:  Buildroot is handled by package management downloaded with a bootstrap image:
  rpm-4.14.3-150400.59.16.1.x86_64
  python3-dnf-4.10.0-bp156.4.2.noarch
  python3-dnf-plugins-core-4.0.24-bp156.3.1.noarch
DEBUG file_util.py:17:  ensuring that dir exists: /var/lib/mock/xCAT-genesis-base-opensuse-leap-15.6-x86_64-bootstrap/root/var/lib/mock/xCAT-genesis-base-opensuse-leap-15.6-x86_64/root
DEBUG util.py:717:  child environment: None
DEBUG util.py:636:  Executing command: ['/bin/mount', '-n', '-t', 'tmpfs', '-o', 'private,mode=0755', 'tmpfs', '/var/lib/mock/xCAT-genesis-base-opensuse-leap-15.6-x86_64-bootstrap/root/var/lib/mock/xCAT-genesis-base-opensuse-leap-15.6-x86_64/root'] with env {'TERM': 'vt100', 'SHELL': '/bin/sh', 'HOME': '/builddir', 'HOSTNAME': 'mock', 'PATH': '/usr/bin:/bin:/usr/sbin:/sbin', 'LANG': 'C.UTF-8'} and shell False
DEBUG util.py:688:  Child return code was: 0
DEBUG file_util.py:17:  ensuring that dir exists: /var/lib/mock/xCAT-genesis-base-opensuse-leap-15.6-x86_64-bootstrap/root/var/lib/mock/xCAT-genesis-base-opensuse-leap-15.6-x86_64/root
DEBUG util.py:717:  child environment: None
DEBUG util.py:636:  Executing command: ['/bin/mount', '-n', '-o', 'rbind', '/var/lib/mock/xCAT-genesis-base-opensuse-leap-15.6-x86_64/root', '/var/lib/mock/xCAT-genesis-base-opensuse-leap-15.6-x86_64-bootstrap/root/var/lib/mock/xCAT-genesis-base-opensuse-leap-15.6-x86_64/root'] with env {'TERM': 'vt100', 'SHELL': '/bin/sh', 'HOME': '/builddir', 'HOSTNAME': 'mock', 'PATH': '/usr/bin:/bin:/usr/sbin:/sbin', 'LANG': 'C.UTF-8'} and shell False
DEBUG util.py:688:  Child return code was: 0
DEBUG util.py:717:  child environment: None
DEBUG util.py:636:  Executing command: ['/bin/mount', '-n', '-o', 'remount,private,rbind', '--target', '/var/lib/mock/xCAT-genesis-base-opensuse-leap-15.6-x86_64-bootstrap/root/var/lib/mock/xCAT-genesis-base-opensuse-leap-15.6-x86_64/root'] with env {'TERM': 'vt100', 'SHELL': '/bin/sh', 'HOME': '/builddir', 'HOSTNAME': 'mock', 'PATH': '/usr/bin:/bin:/usr/sbin:/sbin', 'LANG': 'C.UTF-8'} and shell False
DEBUG util.py:688:  Child return code was: 0
DEBUG util.py:717:  child environment: None
DEBUG util.py:631:  Using nspawn with args ['--capability=cap_ipc_lock', '--resolv-conf=off']
DEBUG util.py:636:  Executing command: ['/usr/bin/systemd-nspawn', '-q', '-M', 'a7900d4e4d584ad48d8675825dda2ed3', '-D', '/var/lib/mock/xCAT-genesis-base-opensuse-leap-15.6-x86_64-bootstrap/root', '-a', '--capability=cap_ipc_lock', '--resolv-conf=off', '--console=pipe', '--setenv=TERM=vt100', '--setenv=SHELL=/bin/bash', '--setenv=HOME=/builddir', '--setenv=HOSTNAME=mock', '--setenv=PATH=/usr/bin:/bin:/usr/sbin:/sbin', '--setenv=PROMPT_COMMAND=printf "\\033]0;<mock-chroot>\\007"', '--setenv=PS1=<mock-chroot> \\s-\\v\\$ ', '--setenv=LANG=C.UTF-8', '--setenv=SOURCE_DATE_EPOCH=1789750463', '/bin/rpm', '-qa', '--root', '/var/lib/mock/xCAT-genesis-base-opensuse-leap-15.6-x86_64/root'] with env {'TERM': 'vt100', 'SHELL': '/bin/bash', 'HOME': '/builddir', 'HOSTNAME': 'mock', 'PATH': '/usr/bin:/bin:/usr/sbin:/sbin', 'PROMPT_COMMAND': 'printf "\\033]0;<mock-chroot>\\007"', 'PS1': '<mock-chroot> \\s-\\v\\$ ', 'LANG': 'C.UTF-8', 'SOURCE_DATE_EPOCH': '1789750463', 'SYSTEMD_NSPAWN_TMPFS_TMP': '0', 'SYSTEMD_SECCOMP': '0'} and shell False
DEBUG util.py:537:  gpg-pubkey-25db7ae0-645bae34
DEBUG util.py:537:  gpg-pubkey-3fa1d6ce-63c9481c
DEBUG util.py:537:  filesystem-15.0-11.8.1.x86_64
DEBUG util.py:537:  boost-license1_66_0-1.66.0-150200.12.7.1.noarch
DEBUG util.py:537:  libssh-config-0.9.8-150600.11.12.1.x86_64
DEBUG util.py:537:  libldap-data-2.4.46-150600.25.3.1.noarch
DEBUG util.py:537:  openSUSE-release-appliance-custom-15.6-lp156.417.4.1.x86_64
DEBUG util.py:537:  libsemanage-conf-3.5-150600.1.48.x86_64
DEBUG util.py:537:  fillup-1.42-2.18.x86_64
DEBUG util.py:537:  bash-4.4-150400.27.6.1.x86_64
DEBUG util.py:537:  terminfo-base-6.1-150000.5.30.1.x86_64
DEBUG util.py:537:  perl-base-5.26.1-150300.17.20.1.x86_64
DEBUG util.py:537:  libz1-1.2.13-150500.4.6.1.x86_64
DEBUG util.py:537:  libstdc++6-15.2.0+git10201-150000.1.9.1.x86_64
DEBUG util.py:537:  libbz2-1-1.0.8-150400.1.122.x86_64
DEBUG util.py:537:  libncurses6-6.1-150000.5.30.1.x86_64
DEBUG util.py:537:  libcap2-2.63-150400.3.3.1.x86_64
DEBUG util.py:537:  libgpg-error0-1.47-150600.1.3.x86_64
DEBUG util.py:537:  libattr1-2.4.47-2.19.x86_64
DEBUG util.py:537:  libmagic1-5.32-7.14.1.x86_64
DEBUG util.py:537:  libpcre2-8-0-10.42-150600.1.26.x86_64
DEBUG util.py:537:  coreutils-8.32-150400.9.9.1.x86_64
DEBUG util.py:537:  info-6.5-4.17.x86_64
DEBUG util.py:537:  libpopt0-1.16-3.22.x86_64
DEBUG util.py:537:  libgcrypt20-1.10.3-150600.3.9.1.x86_64
DEBUG util.py:537:  liblua5_3-5-5.3.6-3.6.1.x86_64
DEBUG util.py:537:  grep-3.1-150000.4.6.1.x86_64
DEBUG util.py:537:  libaudit1-3.0.6-150400.4.16.1.x86_64
DEBUG util.py:537:  libxml2-2-2.10.3-150500.5.38.1.x86_64
DEBUG util.py:537:  findutils-4.8.0-150300.3.3.2.x86_64
DEBUG util.py:537:  libeconf0-0.5.2-150400.3.6.1.x86_64
DEBUG util.py:537:  netcfg-11.6-150000.3.6.1.noarch
DEBUG util.py:537:  libassuan0-2.5.5-150000.4.7.1.x86_64
DEBUG util.py:537:  libudev1-254.27-150600.4.62.1.x86_64
DEBUG util.py:537:  gawk-4.2.1-150000.3.3.1.x86_64
DEBUG util.py:537:  libmpc3-1.1.0-1.47.x86_64
DEBUG util.py:537:  systemd-presets-common-SUSE-15-150600.25.2.noarch
DEBUG util.py:537:  glibc-locale-2.38-150600.14.46.1.x86_64
DEBUG util.py:537:  pkg-config-0.29.2-150600.15.6.3.x86_64
DEBUG util.py:537:  libisl15-0.18-1.443.x86_64
DEBUG util.py:537:  cpio-2.13-150400.3.6.1.x86_64
DEBUG util.py:537:  liblz4-1-1.9.4-150600.1.4.x86_64
DEBUG util.py:537:  libdbus-1-3-1.12.2-150400.18.8.1.x86_64
DEBUG util.py:537:  libidn2-0-2.2.0-3.6.1.x86_64
DEBUG util.py:537:  libsmartcols1-2.39.3-150600.4.21.1.x86_64
DEBUG util.py:537:  libuuid1-2.39.3-150600.4.21.1.x86_64
DEBUG util.py:537:  libfdisk1-2.39.3-150600.4.21.1.x86_64
DEBUG util.py:537:  gettext-tools-0.21.1-150600.3.3.2.x86_64
DEBUG util.py:537:  libprocps8-3.3.17-150000.7.42.1.x86_64
DEBUG util.py:537:  cpp-7-3.9.1.x86_64
DEBUG util.py:537:  libxcrypt-devel-4.4.15-150300.4.7.1.x86_64
DEBUG util.py:537:  libusb-1_0-0-1.0.24-150400.3.3.1.x86_64
DEBUG util.py:537:  libnss_usrfiles2-2.25-2.12.x86_64
DEBUG util.py:537:  libsolv-tools-base-0.7.34-150600.8.19.2.x86_64
DEBUG util.py:537:  make-4.2.1-7.3.2.x86_64
DEBUG util.py:537:  libtasn1-4.13-150000.4.14.1.x86_64
DEBUG util.py:537:  glibc-devel-2.38-150600.14.46.1.x86_64
DEBUG util.py:537:  dwz-0.12-150000.3.8.1.x86_64
DEBUG util.py:537:  bzip2-1.0.8-150400.1.122.x86_64
DEBUG util.py:537:  libsigc-2_0-0-2.12.1-150600.1.2.x86_64
DEBUG util.py:537:  libyaml-cpp0_6-0.6.3-150400.4.3.1.x86_64
DEBUG util.py:537:  libboost_system1_66_0-1.66.0-150200.12.7.1.x86_64
DEBUG util.py:537:  libcilkrts5-7.5.0+r278197-150000.4.44.1.x86_64
DEBUG util.py:537:  libubsan0-7.5.0+r278197-150000.4.44.1.x86_64
DEBUG util.py:537:  libctf0-2.45-150100.7.57.1.x86_64
DEBUG util.py:537:  libffi7-3.2.1.git259-10.8.x86_64
DEBUG util.py:537:  p11-kit-0.23.22-150500.8.3.1.x86_64
DEBUG util.py:537:  libopenssl3-3.1.4-150600.5.45.1.x86_64
DEBUG util.py:537:  openssl-3.1.4-150600.2.1.noarch
DEBUG util.py:537:  ca-certificates-mozilla-2.84-150200.44.1.noarch
DEBUG util.py:537:  libkmod2-29-150600.13.3.1.x86_64
DEBUG util.py:537:  libip4tc2-1.8.7-1.1.x86_64
DEBUG util.py:537:  libmpx2-8.2.1+r264010-150000.1.6.4.x86_64
DEBUG util.py:537:  libnpth0-1.5-2.11.x86_64
DEBUG util.py:537:  libseccomp2-2.5.3-150400.2.4.x86_64
DEBUG util.py:537:  libsemanage2-3.5-150600.1.48.x86_64
DEBUG util.py:537:  libapparmor1-3.1.7-150600.5.12.2.x86_64
DEBUG util.py:537:  libbrotlicommon1-1.0.7-150200.3.5.1.x86_64
DEBUG util.py:537:  libcom_err2-1.47.0-150600.4.6.2.x86_64
DEBUG util.py:537:  libtirpc3-1.3.4-150300.3.23.1.x86_64
DEBUG util.py:537:  libssh4-0.9.8-150600.11.12.1.x86_64
DEBUG util.py:537:  libfa1-1.14.1-150600.3.3.1.x86_64
DEBUG util.py:537:  libitm1-15.2.0+git10201-150000.1.9.1.x86_64
DEBUG util.py:537:  gcc-7-3.9.1.x86_64
DEBUG util.py:537:  libnl3-200-3.9.0-150600.15.4.4.x86_64
DEBUG util.py:537:  libldap-2_4-2-2.4.46-150600.25.3.1.x86_64
DEBUG util.py:537:  libsqlite3-0-3.51.3-150000.3.39.1.x86_64
DEBUG util.py:537:  openSUSE-build-key-1.0-lp156.8.2.noarch
DEBUG util.py:537:  libgpgme11-1.23.0-150600.3.5.1.x86_64
DEBUG util.py:537:  zypper-1.14.94-150600.10.52.1.x86_64
DEBUG util.py:537:  patch-2.7.6-150000.5.9.1.x86_64
DEBUG util.py:537:  systemd-default-settings-0.10-150300.3.7.1.noarch
DEBUG util.py:537:  libcrack2-2.9.11-150600.1.90.x86_64
DEBUG util.py:537:  pam-1.3.0-150000.6.86.1.x86_64
DEBUG util.py:537:  kbd-2.4.0-150400.5.9.1.x86_64
DEBUG util.py:537:  shadow-4.17.2-150600.17.18.1.x86_64
DEBUG util.py:537:  system-group-hardware-20170617-150400.24.2.1.noarch
DEBUG util.py:537:  system-user-man-20170617-150400.24.2.1.noarch
DEBUG util.py:537:  system-user-nobody-20170617-150400.24.2.1.noarch
DEBUG util.py:537:  util-linux-2.39.3-150600.4.21.1.x86_64
DEBUG util.py:537:  systemd-254.27-150600.4.62.1.x86_64
DEBUG util.py:537:  sysconfig-0.85.10-150200.15.1.x86_64
DEBUG util.py:537:  wicked-0.6.77-150600.11.15.1.x86_64
DEBUG util.py:537:  patterns-base-base-20200505-lp156.17.3.1.x86_64
DEBUG util.py:537:  rpm-build-4.14.3-150400.59.16.1.x86_64
DEBUG util.py:537:  gpg-pubkey-29b700a4-6a17fa38
DEBUG util.py:537:  gpg-pubkey-39db7c82-66c5d91a
DEBUG util.py:537:  system-user-root-20190513-3.3.1.noarch
DEBUG util.py:537:  crypto-policies-20230920.570ea89-150600.3.16.1.noarch
DEBUG util.py:537:  branding-openSUSE-15.6.20240408-lp156.1.2.noarch
DEBUG util.py:537:  libnl-config-3.9.0-150600.15.4.4.noarch
DEBUG util.py:537:  kbd-legacy-2.4.0-150400.5.9.1.noarch
DEBUG util.py:537:  libtirpc-netconfig-1.3.4-150300.3.23.1.x86_64
DEBUG util.py:537:  file-magic-5.32-7.14.1.noarch
DEBUG util.py:537:  rpm-config-SUSE-1-150400.14.3.1.noarch
DEBUG util.py:537:  bash-sh-4.4-150400.27.6.1.x86_64
DEBUG util.py:537:  ncurses-utils-6.1-150000.5.30.1.x86_64
DEBUG util.py:537:  glibc-2.38-150600.14.46.1.x86_64
DEBUG util.py:537:  libgcc_s1-15.2.0+git10201-150000.1.9.1.x86_64
DEBUG util.py:537:  liblzma5-5.4.1-150600.3.3.1.x86_64
DEBUG util.py:537:  libzstd1-1.5.5-150600.1.3.x86_64
DEBUG util.py:537:  libcrypt1-4.4.15-150300.4.7.1.x86_64
DEBUG util.py:537:  libgmp10-6.1.2-4.9.1.x86_64
DEBUG util.py:537:  libreadline7-7.0-150400.27.6.1.x86_64
DEBUG util.py:537:  libacl1-2.2.52-4.3.1.x86_64
DEBUG util.py:537:  libelf1-0.185-150400.5.8.3.x86_64
DEBUG util.py:537:  libselinux1-3.5-150600.3.3.1.x86_64
DEBUG util.py:537:  libzio1-1.06-2.20.x86_64
DEBUG util.py:537:  diffutils-3.6-4.3.1.x86_64
DEBUG util.py:537:  libjitterentropy3-3.4.1-150000.1.12.1.x86_64
DEBUG util.py:537:  libdw1-0.185-150400.5.8.3.x86_64
DEBUG util.py:537:  libpcre1-8.45-150000.20.13.1.x86_64
DEBUG util.py:537:  rpm-4.14.3-150400.59.16.1.x86_64
DEBUG util.py:537:  permissions-20240826-150600.10.18.2.x86_64
DEBUG util.py:537:  libblkid1-2.39.3-150600.4.21.1.x86_64
DEBUG util.py:537:  xz-5.4.1-150600.3.3.1.x86_64
DEBUG util.py:537:  libmount1-2.39.3-150600.4.21.1.x86_64
DEBUG util.py:537:  sed-4.9-150600.1.4.x86_64
DEBUG util.py:537:  libmpfr6-4.0.2-3.3.1.x86_64
DEBUG util.py:537:  update-alternatives-1.19.0.4-150000.4.7.1.x86_64
DEBUG util.py:537:  openSUSE-release-15.6-lp156.417.4.1.x86_64
DEBUG util.py:537:  which-2.21-2.20.x86_64
DEBUG util.py:537:  glibc-locale-base-2.38-150600.14.46.1.x86_64
DEBUG util.py:537:  libglib-2_0-0-2.78.6-150600.4.35.1.x86_64
DEBUG util.py:537:  file-5.32-7.14.1.x86_64
DEBUG util.py:537:  cpp7-7.5.0+r278197-150000.4.44.1.x86_64
DEBUG util.py:537:  libcap-ng0-0.7.9-4.37.x86_64
DEBUG util.py:537:  libsystemd0-254.27-150600.4.62.1.x86_64
DEBUG util.py:537:  libunistring2-0.9.10-1.1.x86_64
DEBUG util.py:537:  libgomp1-15.2.0+git10201-150000.1.9.1.x86_64
DEBUG util.py:537:  libtextstyle0-0.21.1-150600.3.3.2.x86_64
DEBUG util.py:537:  login_defs-4.17.2-150600.17.18.1.noarch
DEBUG util.py:537:  gettext-runtime-0.21.1-150600.3.3.2.x86_64
DEBUG util.py:537:  libpsl5-0.20.1-150000.3.3.1.x86_64
DEBUG util.py:537:  procps-3.3.17-150000.7.42.1.x86_64
DEBUG util.py:537:  less-643-150600.3.3.1.x86_64
DEBUG util.py:537:  systemd-presets-branding-openSUSE-12.2-lp156.7.3.1.noarch
DEBUG util.py:537:  pinentry-1.1.0-4.3.1.x86_64
DEBUG util.py:537:  tar-1.34-150000.3.37.1.x86_64
DEBUG util.py:537:  gzip-1.10-150200.10.1.x86_64
DEBUG util.py:537:  libtasn1-6-4.13-150000.4.14.1.x86_64
DEBUG util.py:537:  linux-glibc-devel-6.4-150600.2.17.x86_64
DEBUG util.py:537:  systemd-rpm-macros-16-150000.7.42.1.noarch
DEBUG util.py:537:  libksba8-1.6.4-150600.1.2.x86_64
DEBUG util.py:537:  groff-1.22.4-150400.5.2.1.x86_64
DEBUG util.py:537:  libtsan0-11.3.0+git1637-150000.1.11.2.x86_64
DEBUG util.py:537:  libasan4-7.5.0+r278197-150000.4.44.1.x86_64
DEBUG util.py:537:  libboost_thread1_66_0-1.66.0-150200.12.7.1.x86_64
DEBUG util.py:537:  liblsan0-15.2.0+git10201-150000.1.9.1.x86_64
DEBUG util.py:537:  libctf-nobfd0-2.45-150100.7.57.1.x86_64
DEBUG util.py:537:  binutils-2.45-150100.7.57.1.x86_64
DEBUG util.py:537:  libp11-kit0-0.23.22-150500.8.3.1.x86_64
DEBUG util.py:537:  p11-kit-tools-0.23.22-150500.8.3.1.x86_64
DEBUG util.py:537:  openssl-3-3.1.4-150600.5.45.1.x86_64
DEBUG util.py:537:  ca-certificates-2+git20240416.98ae794-150300.4.3.3.noarch
DEBUG util.py:537:  libzck1-1.1.16-150600.9.3.x86_64
DEBUG util.py:537:  libgdbm4-1.12-1.418.x86_64
DEBUG util.py:537:  libkeyutils1-1.6.3-5.6.1.x86_64
DEBUG util.py:537:  libmpxwrappers2-8.2.1+r264010-150000.1.6.4.x86_64
DEBUG util.py:537:  libpipeline1-1.4.1-150000.3.2.1.x86_64
DEBUG util.py:537:  libsepol2-3.5-150600.1.49.x86_64
DEBUG util.py:537:  libverto1-0.2.6-3.20.x86_64
DEBUG util.py:537:  libatomic1-15.2.0+git10201-150000.1.9.1.x86_64
DEBUG util.py:537:  libbrotlidec1-1.0.7-150200.3.5.1.x86_64
DEBUG util.py:537:  krb5-1.20.1-150600.11.14.1.x86_64
DEBUG util.py:537:  libnsl2-1.2.0-2.44.x86_64
DEBUG util.py:537:  libexpat1-2.7.1-150400.3.37.1.x86_64
DEBUG util.py:537:  libaugeas0-1.14.1-150600.3.3.1.x86_64
DEBUG util.py:537:  gcc7-7.5.0+r278197-150000.4.44.1.x86_64
DEBUG util.py:537:  libnghttp2-14-1.40.0-150600.25.5.1.x86_64
DEBUG util.py:537:  libsasl2-3-2.1.28-150600.7.14.1.x86_64
DEBUG util.py:537:  libcurl4-8.14.1-150600.4.40.1.x86_64
DEBUG util.py:537:  gpg2-2.4.4-150600.3.15.1.x86_64
DEBUG util.py:537:  patterns-base-minimal_base-20200505-lp156.17.3.1.x86_64
DEBUG util.py:537:  libzypp-17.37.18-150600.3.82.1.x86_64
DEBUG util.py:537:  purge-kernels-service-0-150200.8.6.1.noarch
DEBUG util.py:537:  systemd-default-settings-branding-openSUSE-0.10-150300.3.7.1.noarch
DEBUG util.py:537:  cracklib-dict-full-2.8.12-1.22.x86_64
DEBUG util.py:537:  cracklib-2.9.11-150600.1.90.x86_64
DEBUG util.py:537:  pam-config-1.1-150600.16.8.1.x86_64
DEBUG util.py:537:  libsubid5-4.17.2-150600.17.18.1.x86_64
DEBUG util.py:537:  sysuser-shadow-3.2-150400.3.5.3.noarch
DEBUG util.py:537:  libutempter0-1.1.6-3.42.x86_64
DEBUG util.py:537:  man-2.7.6-150100.8.5.1.x86_64
DEBUG util.py:537:  dbus-1-1.12.2-150400.18.8.1.x86_64
DEBUG util.py:537:  aaa_base-84.87+git20180409.04c9dae-150300.10.28.2.x86_64
DEBUG util.py:537:  util-linux-systemd-2.39.3-150600.4.21.1.x86_64
DEBUG util.py:537:  sysconfig-netconfig-0.85.10-150200.15.1.x86_64
DEBUG util.py:537:  wicked-service-0.6.77-150600.11.15.1.x86_64
DEBUG util.py:537:  patterns-base-basesystem-20200505-lp156.17.3.1.x86_64
DEBUG util.py:537:  patterns-devel-base-devel_rpm_build-20170319-lp156.3.2.x86_64
DEBUG util.py:688:  Child return code was: 0
DEBUG util.py:200:  kill orphans in chroot /var/lib/mock/xCAT-genesis-base-opensuse-leap-15.6-x86_64/root
DEBUG util.py:200:  kill orphans in chroot /var/lib/mock/xCAT-genesis-base-opensuse-leap-15.6-x86_64-bootstrap/root/var/lib/mock/xCAT-genesis-base-opensuse-leap-15.6-x86_64/root
DEBUG util.py:717:  child environment: None
DEBUG util.py:636:  Executing command: ['/bin/umount', '-n', '-l', '/var/lib/mock/xCAT-genesis-base-opensuse-leap-15.6-x86_64-bootstrap/root/var/lib/mock/xCAT-genesis-base-opensuse-leap-15.6-x86_64/root'] with env {'TERM': 'vt100', 'SHELL': '/bin/sh', 'HOME': '/builddir', 'HOSTNAME': 'mock', 'PATH': '/usr/bin:/bin:/usr/sbin:/sbin', 'LANG': 'C.UTF-8'} and shell False
DEBUG util.py:688:  Child return code was: 0
DEBUG util.py:717:  child environment: None
DEBUG util.py:636:  Executing command: ['/bin/umount', '-n', '-l', '/var/lib/mock/xCAT-genesis-base-opensuse-leap-15.6-x86_64-bootstrap/root/var/lib/mock/xCAT-genesis-base-opensuse-leap-15.6-x86_64/root'] with env {'TERM': 'vt100', 'SHELL': '/bin/sh', 'HOME': '/builddir', 'HOSTNAME': 'mock', 'PATH': '/usr/bin:/bin:/usr/sbin:/sbin', 'LANG': 'C.UTF-8'} and shell False
DEBUG util.py:688:  Child return code was: 0
DEBUG file_util.py:17:  ensuring that dir exists: /var/lib/mock/xCAT-genesis-base-opensuse-leap-15.6-x86_64/root/proc
DEBUG util.py:717:  child environment: None
DEBUG util.py:636:  Executing command: ['/bin/mount', '-n', '-t', 'tmpfs', '-o', 'rprivate,mode=0755', 'tmpfs', '/var/lib/mock/xCAT-genesis-base-opensuse-leap-15.6-x86_64/root/proc'] with env {'TERM': 'vt100', 'SHELL': '/bin/sh', 'HOME': '/builddir', 'HOSTNAME': 'mock', 'PATH': '/usr/bin:/bin:/usr/sbin:/sbin', 'LANG': 'C.UTF-8'} and shell False
DEBUG util.py:688:  Child return code was: 0
DEBUG file_util.py:17:  ensuring that dir exists: /var/lib/mock/xCAT-genesis-base-opensuse-leap-15.6-x86_64/root/proc
DEBUG util.py:717:  child environment: None
DEBUG util.py:636:  Executing command: ['/bin/mount', '-n', '-o', 'rbind', '/proc', '/var/lib/mock/xCAT-genesis-base-opensuse-leap-15.6-x86_64/root/proc'] with env {'TERM': 'vt100', 'SHELL': '/bin/sh', 'HOME': '/builddir', 'HOSTNAME': 'mock', 'PATH': '/usr/bin:/bin:/usr/sbin:/sbin', 'LANG': 'C.UTF-8'} and shell False
DEBUG util.py:688:  Child return code was: 0
DEBUG util.py:717:  child environment: None
DEBUG util.py:636:  Executing command: ['/bin/mount', '-n', '-o', 'remount,nodev,noexec,nosuid,readonly,rprivate,rbind', '--target', '/var/lib/mock/xCAT-genesis-base-opensuse-leap-15.6-x86_64/root/proc'] with env {'TERM': 'vt100', 'SHELL': '/bin/sh', 'HOME': '/builddir', 'HOSTNAME': 'mock', 'PATH': '/usr/bin:/bin:/usr/sbin:/sbin', 'LANG': 'C.UTF-8'} and shell False
DEBUG util.py:688:  Child return code was: 0
DEBUG file_util.py:17:  ensuring that dir exists: /var/lib/mock/xCAT-genesis-base-opensuse-leap-15.6-x86_64/root/sys
DEBUG util.py:717:  child environment: None
DEBUG util.py:636:  Executing command: ['/bin/mount', '-n', '-t', 'tmpfs', '-o', 'rprivate,mode=0755', 'tmpfs', '/var/lib/mock/xCAT-genesis-base-opensuse-leap-15.6-x86_64/root/sys'] with env {'TERM': 'vt100', 'SHELL': '/bin/sh', 'HOME': '/builddir', 'HOSTNAME': 'mock', 'PATH': '/usr/bin:/bin:/usr/sbin:/sbin', 'LANG': 'C.UTF-8'} and shell False
DEBUG util.py:688:  Child return code was: 0
DEBUG file_util.py:17:  ensuring that dir exists: /var/lib/mock/xCAT-genesis-base-opensuse-leap-15.6-x86_64/root/sys
DEBUG util.py:717:  child environment: None
DEBUG util.py:636:  Executing command: ['/bin/mount', '-n', '-o', 'rbind', '/sys', '/var/lib/mock/xCAT-genesis-base-opensuse-leap-15.6-x86_64/root/sys'] with env {'TERM': 'vt100', 'SHELL': '/bin/sh', 'HOME': '/builddir', 'HOSTNAME': 'mock', 'PATH': '/usr/bin:/bin:/usr/sbin:/sbin', 'LANG': 'C.UTF-8'} and shell False
DEBUG util.py:688:  Child return code was: 0
DEBUG util.py:717:  child environment: None
DEBUG util.py:636:  Executing command: ['/bin/mount', '-n', '-o', 'remount,nodev,noexec,nosuid,readonly,rprivate,rbind', '--target', '/var/lib/mock/xCAT-genesis-base-opensuse-leap-15.6-x86_64/root/sys'] with env {'TERM': 'vt100', 'SHELL': '/bin/sh', 'HOME': '/builddir', 'HOSTNAME': 'mock', 'PATH': '/usr/bin:/bin:/usr/sbin:/sbin', 'LANG': 'C.UTF-8'} and shell False
DEBUG util.py:688:  Child return code was: 0
DEBUG file_util.py:17:  ensuring that dir exists: /var/lib/mock/xCAT-genesis-base-opensuse-leap-15.6-x86_64/root/dev/shm
DEBUG util.py:717:  child environment: None
DEBUG util.py:636:  Executing command: ['/bin/mount', '-n', '-t', 'tmpfs', 'tmpfs', '/var/lib/mock/xCAT-genesis-base-opensuse-leap-15.6-x86_64/root/dev/shm'] with env {'TERM': 'vt100', 'SHELL': '/bin/sh', 'HOME': '/builddir', 'HOSTNAME': 'mock', 'PATH': '/usr/bin:/bin:/usr/sbin:/sbin', 'LANG': 'C.UTF-8'} and shell False
DEBUG util.py:688:  Child return code was: 0
DEBUG file_util.py:17:  ensuring that dir exists: /var/lib/mock/xCAT-genesis-base-opensuse-leap-15.6-x86_64/root/dev/pts
DEBUG util.py:717:  child environment: None
DEBUG util.py:636:  Executing command: ['/bin/mount', '-n', '-t', 'devpts', '-o', 'gid=5,mode=0620,ptmxmode=0666,newinstance', 'devpts', '/var/lib/mock/xCAT-genesis-base-opensuse-leap-15.6-x86_64/root/dev/pts'] with env {'TERM': 'vt100', 'SHELL': '/bin/sh', 'HOME': '/builddir', 'HOSTNAME': 'mock', 'PATH': '/usr/bin:/bin:/usr/sbin:/sbin', 'LANG': 'C.UTF-8'} and shell False
DEBUG util.py:688:  Child return code was: 0
DEBUG file_util.py:17:  ensuring that dir exists: /var/lib/mock/xCAT-genesis-base-opensuse-leap-15.6-x86_64-bootstrap/root/var/lib/mock/xCAT-genesis-base-opensuse-leap-15.6-x86_64/root
DEBUG util.py:717:  child environment: None
DEBUG util.py:636:  Executing command: ['/bin/mount', '-n', '-t', 'tmpfs', '-o', 'private,mode=0755', 'tmpfs', '/var/lib/mock/xCAT-genesis-base-opensuse-leap-15.6-x86_64-bootstrap/root/var/lib/mock/xCAT-genesis-base-opensuse-leap-15.6-x86_64/root'] with env {'TERM': 'vt100', 'SHELL': '/bin/sh', 'HOME': '/builddir', 'HOSTNAME': 'mock', 'PATH': '/usr/bin:/bin:/usr/sbin:/sbin', 'LANG': 'C.UTF-8'} and shell False
DEBUG util.py:688:  Child return code was: 0
DEBUG file_util.py:17:  ensuring that dir exists: /var/lib/mock/xCAT-genesis-base-opensuse-leap-15.6-x86_64-bootstrap/root/var/lib/mock/xCAT-genesis-base-opensuse-leap-15.6-x86_64/root
DEBUG util.py:717:  child environment: None
DEBUG util.py:636:  Executing command: ['/bin/mount', '-n', '-o', 'rbind', '/var/lib/mock/xCAT-genesis-base-opensuse-leap-15.6-x86_64/root', '/var/lib/mock/xCAT-genesis-base-opensuse-leap-15.6-x86_64-bootstrap/root/var/lib/mock/xCAT-genesis-base-opensuse-leap-15.6-x86_64/root'] with env {'TERM': 'vt100', 'SHELL': '/bin/sh', 'HOME': '/builddir', 'HOSTNAME': 'mock', 'PATH': '/usr/bin:/bin:/usr/sbin:/sbin', 'LANG': 'C.UTF-8'} and shell False
DEBUG util.py:688:  Child return code was: 0
DEBUG util.py:717:  child environment: None
DEBUG util.py:636:  Executing command: ['/bin/mount', '-n', '-o', 'remount,private,rbind', '--target', '/var/lib/mock/xCAT-genesis-base-opensuse-leap-15.6-x86_64-bootstrap/root/var/lib/mock/xCAT-genesis-base-opensuse-leap-15.6-x86_64/root'] with env {'TERM': 'vt100', 'SHELL': '/bin/sh', 'HOME': '/builddir', 'HOSTNAME': 'mock', 'PATH': '/usr/bin:/bin:/usr/sbin:/sbin', 'LANG': 'C.UTF-8'} and shell False
DEBUG util.py:688:  Child return code was: 0
DEBUG file_util.py:17:  ensuring that dir exists: /var/lib/mock/xCAT-genesis-base-opensuse-leap-15.6-x86_64/root/installation-homedir
DEBUG package_manager.py:296:  ['/usr/bin/dnf-3', '--installroot', '/var/lib/mock/xCAT-genesis-base-opensuse-leap-15.6-x86_64/root/', '-y', '--releasever', '15.6', '--setopt=deltarpm=False', '--setopt=allow_vendor_change=yes', '--allowerasing', '--disableplugin=local', '--disableplugin=spacewalk', '--disableplugin=versionlock', 'update']
DEBUG util.py:717:  child environment: None
DEBUG util.py:631:  Using nspawn with args ['--capability=cap_ipc_lock', '--resolv-conf=off']
DEBUG util.py:636:  Executing command: ['/usr/bin/systemd-nspawn', '-q', '-M', '48dc4559fab24b73b06886861a6d423b', '-D', '/var/lib/mock/xCAT-genesis-base-opensuse-leap-15.6-x86_64-bootstrap/root', '-a', '--capability=cap_ipc_lock', '--resolv-conf=off', '--console=pipe', '--setenv=TERM=vt100', '--setenv=SHELL=/bin/bash', '--setenv=HOME=/var/lib/mock/xCAT-genesis-base-opensuse-leap-15.6-x86_64/root/installation-homedir', '--setenv=HOSTNAME=mock', '--setenv=PATH=/usr/bin:/bin:/usr/sbin:/sbin', '--setenv=PROMPT_COMMAND=printf "\\033]0;<mock-chroot>\\007"', '--setenv=PS1=<mock-chroot> \\s-\\v\\$ ', '--setenv=LANG=C.UTF-8', '--setenv=SOURCE_DATE_EPOCH=1789750463', '--setenv=LC_MESSAGES=C.UTF-8', '/usr/bin/dnf-3', '--installroot', '/var/lib/mock/xCAT-genesis-base-opensuse-leap-15.6-x86_64/root/', '-y', '--releasever', '15.6', '--setopt=deltarpm=False', '--setopt=allow_vendor_change=yes', '--allowerasing', '--disableplugin=local', '--disableplugin=spacewalk', '--disableplugin=versionlock', 'update'] with env {'TERM': 'vt100', 'SHELL': '/bin/bash', 'HOME': '/var/lib/mock/xCAT-genesis-base-opensuse-leap-15.6-x86_64/root/installation-homedir', 'HOSTNAME': 'mock', 'PATH': '/usr/bin:/bin:/usr/sbin:/sbin', 'PROMPT_COMMAND': 'printf "\\033]0;<mock-chroot>\\007"', 'PS1': '<mock-chroot> \\s-\\v\\$ ', 'LANG': 'C.UTF-8', 'SOURCE_DATE_EPOCH': '1789750463', 'LC_MESSAGES': 'C.UTF-8', 'SYSTEMD_NSPAWN_TMPFS_TMP': '0', 'SYSTEMD_SECCOMP': '0'} and shell False
DEBUG util.py:535:  No matches found for the following disable plugin patterns: local, spacewalk, versionlock
DEBUG util.py:537:  openSUSE Leap 15.6 - x86_64 - OSS                30 kB/s |  11 kB     00:00    
DEBUG util.py:537:  openSUSE Leap 15.6 - x86_64 - OSS - Updates     119 kB/s | 3.1 kB     00:00    
DEBUG util.py:537:  openSUSE Leap 15.6 - x86_64 - Updates from SUSE 124 kB/s | 3.1 kB     00:00    
DEBUG util.py:537:  openSUSE Leap 15.6 - x86_64 - Updates from Back 120 kB/s | 3.1 kB     00:00    
DEBUG util.py:537:  Dependencies resolved.
DEBUG util.py:537:  Nothing to do.
DEBUG util.py:537:  Complete!
DEBUG util.py:688:  Child return code was: 0
DEBUG util.py:200:  kill orphans in chroot /var/lib/mock/xCAT-genesis-base-opensuse-leap-15.6-x86_64/root
DEBUG util.py:200:  kill orphans in chroot /var/lib/mock/xCAT-genesis-base-opensuse-leap-15.6-x86_64-bootstrap/root/var/lib/mock/xCAT-genesis-base-opensuse-leap-15.6-x86_64/root
DEBUG util.py:717:  child environment: None
DEBUG util.py:636:  Executing command: ['/bin/umount', '-n', '-l', '/var/lib/mock/xCAT-genesis-base-opensuse-leap-15.6-x86_64-bootstrap/root/var/lib/mock/xCAT-genesis-base-opensuse-leap-15.6-x86_64/root'] with env {'TERM': 'vt100', 'SHELL': '/bin/sh', 'HOME': '/builddir', 'HOSTNAME': 'mock', 'PATH': '/usr/bin:/bin:/usr/sbin:/sbin', 'LANG': 'C.UTF-8'} and shell False
DEBUG util.py:688:  Child return code was: 0
DEBUG util.py:717:  child environment: None
DEBUG util.py:636:  Executing command: ['/bin/umount', '-n', '-l', '/var/lib/mock/xCAT-genesis-base-opensuse-leap-15.6-x86_64-bootstrap/root/var/lib/mock/xCAT-genesis-base-opensuse-leap-15.6-x86_64/root'] with env {'TERM': 'vt100', 'SHELL': '/bin/sh', 'HOME': '/builddir', 'HOSTNAME': 'mock', 'PATH': '/usr/bin:/bin:/usr/sbin:/sbin', 'LANG': 'C.UTF-8'} and shell False
DEBUG util.py:688:  Child return code was: 0
DEBUG util.py:717:  child environment: None
DEBUG util.py:636:  Executing command: ['/bin/umount', '-n', '-l', '/var/lib/mock/xCAT-genesis-base-opensuse-leap-15.6-x86_64/root/dev/pts'] with env {'TERM': 'vt100', 'SHELL': '/bin/sh', 'HOME': '/builddir', 'HOSTNAME': 'mock', 'PATH': '/usr/bin:/bin:/usr/sbin:/sbin', 'LANG': 'C.UTF-8'} and shell False
DEBUG util.py:688:  Child return code was: 0
DEBUG util.py:717:  child environment: None
DEBUG util.py:636:  Executing command: ['/bin/umount', '-n', '-l', '/var/lib/mock/xCAT-genesis-base-opensuse-leap-15.6-x86_64/root/dev/shm'] with env {'TERM': 'vt100', 'SHELL': '/bin/sh', 'HOME': '/builddir', 'HOSTNAME': 'mock', 'PATH': '/usr/bin:/bin:/usr/sbin:/sbin', 'LANG': 'C.UTF-8'} and shell False
DEBUG util.py:688:  Child return code was: 0
DEBUG util.py:717:  child environment: None
DEBUG util.py:636:  Executing command: ['/bin/umount', '-n', '-l', '/var/lib/mock/xCAT-genesis-base-opensuse-leap-15.6-x86_64/root/sys'] with env {'TERM': 'vt100', 'SHELL': '/bin/sh', 'HOME': '/builddir', 'HOSTNAME': 'mock', 'PATH': '/usr/bin:/bin:/usr/sbin:/sbin', 'LANG': 'C.UTF-8'} and shell False
DEBUG util.py:688:  Child return code was: 0
DEBUG util.py:717:  child environment: None
DEBUG util.py:636:  Executing command: ['/bin/umount', '-n', '-l', '/var/lib/mock/xCAT-genesis-base-opensuse-leap-15.6-x86_64/root/sys'] with env {'TERM': 'vt100', 'SHELL': '/bin/sh', 'HOME': '/builddir', 'HOSTNAME': 'mock', 'PATH': '/usr/bin:/bin:/usr/sbin:/sbin', 'LANG': 'C.UTF-8'} and shell False
DEBUG util.py:688:  Child return code was: 0
DEBUG util.py:717:  child environment: None
DEBUG util.py:636:  Executing command: ['/bin/umount', '-n', '-l', '/var/lib/mock/xCAT-genesis-base-opensuse-leap-15.6-x86_64/root/proc'] with env {'TERM': 'vt100', 'SHELL': '/bin/sh', 'HOME': '/builddir', 'HOSTNAME': 'mock', 'PATH': '/usr/bin:/bin:/usr/sbin:/sbin', 'LANG': 'C.UTF-8'} and shell False
DEBUG util.py:688:  Child return code was: 0
DEBUG util.py:717:  child environment: None
DEBUG util.py:636:  Executing command: ['/bin/umount', '-n', '-l', '/var/lib/mock/xCAT-genesis-base-opensuse-leap-15.6-x86_64/root/proc'] with env {'TERM': 'vt100', 'SHELL': '/bin/sh', 'HOME': '/builddir', 'HOSTNAME': 'mock', 'PATH': '/usr/bin:/bin:/usr/sbin:/sbin', 'LANG': 'C.UTF-8'} and shell False
DEBUG util.py:688:  Child return code was: 0
DEBUG file_util.py:17:  ensuring that dir exists: /var/lib/mock/xCAT-genesis-base-opensuse-leap-15.6-x86_64-bootstrap/root/var/lib/mock/xCAT-genesis-base-opensuse-leap-15.6-x86_64/root
DEBUG util.py:717:  child environment: None
DEBUG util.py:636:  Executing command: ['/bin/mount', '-n', '-t', 'tmpfs', '-o', 'private,mode=0755', 'tmpfs', '/var/lib/mock/xCAT-genesis-base-opensuse-leap-15.6-x86_64-bootstrap/root/var/lib/mock/xCAT-genesis-base-opensuse-leap-15.6-x86_64/root'] with env {'TERM': 'vt100', 'SHELL': '/bin/sh', 'HOME': '/builddir', 'HOSTNAME': 'mock', 'PATH': '/usr/bin:/bin:/usr/sbin:/sbin', 'LANG': 'C.UTF-8'} and shell False
DEBUG util.py:688:  Child return code was: 0
DEBUG file_util.py:17:  ensuring that dir exists: /var/lib/mock/xCAT-genesis-base-opensuse-leap-15.6-x86_64-bootstrap/root/var/lib/mock/xCAT-genesis-base-opensuse-leap-15.6-x86_64/root
DEBUG util.py:717:  child environment: None
DEBUG util.py:636:  Executing command: ['/bin/mount', '-n', '-o', 'rbind', '/var/lib/mock/xCAT-genesis-base-opensuse-leap-15.6-x86_64/root', '/var/lib/mock/xCAT-genesis-base-opensuse-leap-15.6-x86_64-bootstrap/root/var/lib/mock/xCAT-genesis-base-opensuse-leap-15.6-x86_64/root'] with env {'TERM': 'vt100', 'SHELL': '/bin/sh', 'HOME': '/builddir', 'HOSTNAME': 'mock', 'PATH': '/usr/bin:/bin:/usr/sbin:/sbin', 'LANG': 'C.UTF-8'} and shell False
DEBUG util.py:688:  Child return code was: 0
DEBUG util.py:717:  child environment: None
DEBUG util.py:636:  Executing command: ['/bin/mount', '-n', '-o', 'remount,private,rbind', '--target', '/var/lib/mock/xCAT-genesis-base-opensuse-leap-15.6-x86_64-bootstrap/root/var/lib/mock/xCAT-genesis-base-opensuse-leap-15.6-x86_64/root'] with env {'TERM': 'vt100', 'SHELL': '/bin/sh', 'HOME': '/builddir', 'HOSTNAME': 'mock', 'PATH': '/usr/bin:/bin:/usr/sbin:/sbin', 'LANG': 'C.UTF-8'} and shell False
DEBUG util.py:688:  Child return code was: 0
DEBUG util.py:717:  child environment: None
DEBUG util.py:631:  Using nspawn with args ['--capability=cap_ipc_lock', '--resolv-conf=off']
DEBUG util.py:636:  Executing command: ['/usr/bin/systemd-nspawn', '-q', '-M', '7f90191f0a544308bd5077fa2ba6a502', '-D', '/var/lib/mock/xCAT-genesis-base-opensuse-leap-15.6-x86_64-bootstrap/root', '-a', '--capability=cap_ipc_lock', '--resolv-conf=off', '--console=pipe', '--setenv=TERM=vt100', '--setenv=SHELL=/bin/bash', '--setenv=HOME=/builddir', '--setenv=HOSTNAME=mock', '--setenv=PATH=/usr/bin:/bin:/usr/sbin:/sbin', '--setenv=PROMPT_COMMAND=printf "\\033]0;<mock-chroot>\\007"', '--setenv=PS1=<mock-chroot> \\s-\\v\\$ ', '--setenv=LANG=C.UTF-8', '--setenv=SOURCE_DATE_EPOCH=1789750463', '/bin/rpm', '-qa', '--root', '/var/lib/mock/xCAT-genesis-base-opensuse-leap-15.6-x86_64/root'] with env {'TERM': 'vt100', 'SHELL': '/bin/bash', 'HOME': '/builddir', 'HOSTNAME': 'mock', 'PATH': '/usr/bin:/bin:/usr/sbin:/sbin', 'PROMPT_COMMAND': 'printf "\\033]0;<mock-chroot>\\007"', 'PS1': '<mock-chroot> \\s-\\v\\$ ', 'LANG': 'C.UTF-8', 'SOURCE_DATE_EPOCH': '1789750463', 'SYSTEMD_NSPAWN_TMPFS_TMP': '0', 'SYSTEMD_SECCOMP': '0'} and shell False
DEBUG util.py:537:  gpg-pubkey-25db7ae0-645bae34
DEBUG util.py:537:  gpg-pubkey-3fa1d6ce-63c9481c
DEBUG util.py:537:  filesystem-15.0-11.8.1.x86_64
DEBUG util.py:537:  boost-license1_66_0-1.66.0-150200.12.7.1.noarch
DEBUG util.py:537:  libssh-config-0.9.8-150600.11.12.1.x86_64
DEBUG util.py:537:  libldap-data-2.4.46-150600.25.3.1.noarch
DEBUG util.py:537:  openSUSE-release-appliance-custom-15.6-lp156.417.4.1.x86_64
DEBUG util.py:537:  libsemanage-conf-3.5-150600.1.48.x86_64
DEBUG util.py:537:  fillup-1.42-2.18.x86_64
DEBUG util.py:537:  bash-4.4-150400.27.6.1.x86_64
DEBUG util.py:537:  terminfo-base-6.1-150000.5.30.1.x86_64
DEBUG util.py:537:  perl-base-5.26.1-150300.17.20.1.x86_64
DEBUG util.py:537:  libz1-1.2.13-150500.4.6.1.x86_64
DEBUG util.py:537:  libstdc++6-15.2.0+git10201-150000.1.9.1.x86_64
DEBUG util.py:537:  libbz2-1-1.0.8-150400.1.122.x86_64
DEBUG util.py:537:  libncurses6-6.1-150000.5.30.1.x86_64
DEBUG util.py:537:  libcap2-2.63-150400.3.3.1.x86_64
DEBUG util.py:537:  libgpg-error0-1.47-150600.1.3.x86_64
DEBUG util.py:537:  libattr1-2.4.47-2.19.x86_64
DEBUG util.py:537:  libmagic1-5.32-7.14.1.x86_64
DEBUG util.py:537:  libpcre2-8-0-10.42-150600.1.26.x86_64
DEBUG util.py:537:  coreutils-8.32-150400.9.9.1.x86_64
DEBUG util.py:537:  info-6.5-4.17.x86_64
DEBUG util.py:537:  libpopt0-1.16-3.22.x86_64
DEBUG util.py:537:  libgcrypt20-1.10.3-150600.3.9.1.x86_64
DEBUG util.py:537:  liblua5_3-5-5.3.6-3.6.1.x86_64
DEBUG util.py:537:  grep-3.1-150000.4.6.1.x86_64
DEBUG util.py:537:  libaudit1-3.0.6-150400.4.16.1.x86_64
DEBUG util.py:537:  libxml2-2-2.10.3-150500.5.38.1.x86_64
DEBUG util.py:537:  findutils-4.8.0-150300.3.3.2.x86_64
DEBUG util.py:537:  libeconf0-0.5.2-150400.3.6.1.x86_64
DEBUG util.py:537:  netcfg-11.6-150000.3.6.1.noarch
DEBUG util.py:537:  libassuan0-2.5.5-150000.4.7.1.x86_64
DEBUG util.py:537:  libudev1-254.27-150600.4.62.1.x86_64
DEBUG util.py:537:  gawk-4.2.1-150000.3.3.1.x86_64
DEBUG util.py:537:  libmpc3-1.1.0-1.47.x86_64
DEBUG util.py:537:  systemd-presets-common-SUSE-15-150600.25.2.noarch
DEBUG util.py:537:  glibc-locale-2.38-150600.14.46.1.x86_64
DEBUG util.py:537:  pkg-config-0.29.2-150600.15.6.3.x86_64
DEBUG util.py:537:  libisl15-0.18-1.443.x86_64
DEBUG util.py:537:  cpio-2.13-150400.3.6.1.x86_64
DEBUG util.py:537:  liblz4-1-1.9.4-150600.1.4.x86_64
DEBUG util.py:537:  libdbus-1-3-1.12.2-150400.18.8.1.x86_64
DEBUG util.py:537:  libidn2-0-2.2.0-3.6.1.x86_64
DEBUG util.py:537:  libsmartcols1-2.39.3-150600.4.21.1.x86_64
DEBUG util.py:537:  libuuid1-2.39.3-150600.4.21.1.x86_64
DEBUG util.py:537:  libfdisk1-2.39.3-150600.4.21.1.x86_64
DEBUG util.py:537:  gettext-tools-0.21.1-150600.3.3.2.x86_64
DEBUG util.py:537:  libprocps8-3.3.17-150000.7.42.1.x86_64
DEBUG util.py:537:  cpp-7-3.9.1.x86_64
DEBUG util.py:537:  libxcrypt-devel-4.4.15-150300.4.7.1.x86_64
DEBUG util.py:537:  libusb-1_0-0-1.0.24-150400.3.3.1.x86_64
DEBUG util.py:537:  libnss_usrfiles2-2.25-2.12.x86_64
DEBUG util.py:537:  libsolv-tools-base-0.7.34-150600.8.19.2.x86_64
DEBUG util.py:537:  make-4.2.1-7.3.2.x86_64
DEBUG util.py:537:  libtasn1-4.13-150000.4.14.1.x86_64
DEBUG util.py:537:  glibc-devel-2.38-150600.14.46.1.x86_64
DEBUG util.py:537:  dwz-0.12-150000.3.8.1.x86_64
DEBUG util.py:537:  bzip2-1.0.8-150400.1.122.x86_64
DEBUG util.py:537:  libsigc-2_0-0-2.12.1-150600.1.2.x86_64
DEBUG util.py:537:  libyaml-cpp0_6-0.6.3-150400.4.3.1.x86_64
DEBUG util.py:537:  libboost_system1_66_0-1.66.0-150200.12.7.1.x86_64
DEBUG util.py:537:  libcilkrts5-7.5.0+r278197-150000.4.44.1.x86_64
DEBUG util.py:537:  libubsan0-7.5.0+r278197-150000.4.44.1.x86_64
DEBUG util.py:537:  libctf0-2.45-150100.7.57.1.x86_64
DEBUG util.py:537:  libffi7-3.2.1.git259-10.8.x86_64
DEBUG util.py:537:  p11-kit-0.23.22-150500.8.3.1.x86_64
DEBUG util.py:537:  libopenssl3-3.1.4-150600.5.45.1.x86_64
DEBUG util.py:537:  openssl-3.1.4-150600.2.1.noarch
DEBUG util.py:537:  ca-certificates-mozilla-2.84-150200.44.1.noarch
DEBUG util.py:537:  libkmod2-29-150600.13.3.1.x86_64
DEBUG util.py:537:  libip4tc2-1.8.7-1.1.x86_64
DEBUG util.py:537:  libmpx2-8.2.1+r264010-150000.1.6.4.x86_64
DEBUG util.py:537:  libnpth0-1.5-2.11.x86_64
DEBUG util.py:537:  libseccomp2-2.5.3-150400.2.4.x86_64
DEBUG util.py:537:  libsemanage2-3.5-150600.1.48.x86_64
DEBUG util.py:537:  libapparmor1-3.1.7-150600.5.12.2.x86_64
DEBUG util.py:537:  libbrotlicommon1-1.0.7-150200.3.5.1.x86_64
DEBUG util.py:537:  libcom_err2-1.47.0-150600.4.6.2.x86_64
DEBUG util.py:537:  libtirpc3-1.3.4-150300.3.23.1.x86_64
DEBUG util.py:537:  libssh4-0.9.8-150600.11.12.1.x86_64
DEBUG util.py:537:  libfa1-1.14.1-150600.3.3.1.x86_64
DEBUG util.py:537:  libitm1-15.2.0+git10201-150000.1.9.1.x86_64
DEBUG util.py:537:  gcc-7-3.9.1.x86_64
DEBUG util.py:537:  libnl3-200-3.9.0-150600.15.4.4.x86_64
DEBUG util.py:537:  libldap-2_4-2-2.4.46-150600.25.3.1.x86_64
DEBUG util.py:537:  libsqlite3-0-3.51.3-150000.3.39.1.x86_64
DEBUG util.py:537:  openSUSE-build-key-1.0-lp156.8.2.noarch
DEBUG util.py:537:  libgpgme11-1.23.0-150600.3.5.1.x86_64
DEBUG util.py:537:  zypper-1.14.94-150600.10.52.1.x86_64
DEBUG util.py:537:  patch-2.7.6-150000.5.9.1.x86_64
DEBUG util.py:537:  systemd-default-settings-0.10-150300.3.7.1.noarch
DEBUG util.py:537:  libcrack2-2.9.11-150600.1.90.x86_64
DEBUG util.py:537:  pam-1.3.0-150000.6.86.1.x86_64
DEBUG util.py:537:  kbd-2.4.0-150400.5.9.1.x86_64
DEBUG util.py:537:  shadow-4.17.2-150600.17.18.1.x86_64
DEBUG util.py:537:  system-group-hardware-20170617-150400.24.2.1.noarch
DEBUG util.py:537:  system-user-man-20170617-150400.24.2.1.noarch
DEBUG util.py:537:  system-user-nobody-20170617-150400.24.2.1.noarch
DEBUG util.py:537:  util-linux-2.39.3-150600.4.21.1.x86_64
DEBUG util.py:537:  systemd-254.27-150600.4.62.1.x86_64
DEBUG util.py:537:  sysconfig-0.85.10-150200.15.1.x86_64
DEBUG util.py:537:  wicked-0.6.77-150600.11.15.1.x86_64
DEBUG util.py:537:  patterns-base-base-20200505-lp156.17.3.1.x86_64
DEBUG util.py:537:  rpm-build-4.14.3-150400.59.16.1.x86_64
DEBUG util.py:537:  gpg-pubkey-29b700a4-6a17fa38
DEBUG util.py:537:  gpg-pubkey-39db7c82-66c5d91a
DEBUG util.py:537:  system-user-root-20190513-3.3.1.noarch
DEBUG util.py:537:  crypto-policies-20230920.570ea89-150600.3.16.1.noarch
DEBUG util.py:537:  branding-openSUSE-15.6.20240408-lp156.1.2.noarch
DEBUG util.py:537:  libnl-config-3.9.0-150600.15.4.4.noarch
DEBUG util.py:537:  kbd-legacy-2.4.0-150400.5.9.1.noarch
DEBUG util.py:537:  libtirpc-netconfig-1.3.4-150300.3.23.1.x86_64
DEBUG util.py:537:  file-magic-5.32-7.14.1.noarch
DEBUG util.py:537:  rpm-config-SUSE-1-150400.14.3.1.noarch
DEBUG util.py:537:  bash-sh-4.4-150400.27.6.1.x86_64
DEBUG util.py:537:  ncurses-utils-6.1-150000.5.30.1.x86_64
DEBUG util.py:537:  glibc-2.38-150600.14.46.1.x86_64
DEBUG util.py:537:  libgcc_s1-15.2.0+git10201-150000.1.9.1.x86_64
DEBUG util.py:537:  liblzma5-5.4.1-150600.3.3.1.x86_64
DEBUG util.py:537:  libzstd1-1.5.5-150600.1.3.x86_64
DEBUG util.py:537:  libcrypt1-4.4.15-150300.4.7.1.x86_64
DEBUG util.py:537:  libgmp10-6.1.2-4.9.1.x86_64
DEBUG util.py:537:  libreadline7-7.0-150400.27.6.1.x86_64
DEBUG util.py:537:  libacl1-2.2.52-4.3.1.x86_64
DEBUG util.py:537:  libelf1-0.185-150400.5.8.3.x86_64
DEBUG util.py:537:  libselinux1-3.5-150600.3.3.1.x86_64
DEBUG util.py:537:  libzio1-1.06-2.20.x86_64
DEBUG util.py:537:  diffutils-3.6-4.3.1.x86_64
DEBUG util.py:537:  libjitterentropy3-3.4.1-150000.1.12.1.x86_64
DEBUG util.py:537:  libdw1-0.185-150400.5.8.3.x86_64
DEBUG util.py:537:  libpcre1-8.45-150000.20.13.1.x86_64
DEBUG util.py:537:  rpm-4.14.3-150400.59.16.1.x86_64
DEBUG util.py:537:  permissions-20240826-150600.10.18.2.x86_64
DEBUG util.py:537:  libblkid1-2.39.3-150600.4.21.1.x86_64
DEBUG util.py:537:  xz-5.4.1-150600.3.3.1.x86_64
DEBUG util.py:537:  libmount1-2.39.3-150600.4.21.1.x86_64
DEBUG util.py:537:  sed-4.9-150600.1.4.x86_64
DEBUG util.py:537:  libmpfr6-4.0.2-3.3.1.x86_64
DEBUG util.py:537:  update-alternatives-1.19.0.4-150000.4.7.1.x86_64
DEBUG util.py:537:  openSUSE-release-15.6-lp156.417.4.1.x86_64
DEBUG util.py:537:  which-2.21-2.20.x86_64
DEBUG util.py:537:  glibc-locale-base-2.38-150600.14.46.1.x86_64
DEBUG util.py:537:  libglib-2_0-0-2.78.6-150600.4.35.1.x86_64
DEBUG util.py:537:  file-5.32-7.14.1.x86_64
DEBUG util.py:537:  cpp7-7.5.0+r278197-150000.4.44.1.x86_64
DEBUG util.py:537:  libcap-ng0-0.7.9-4.37.x86_64
DEBUG util.py:537:  libsystemd0-254.27-150600.4.62.1.x86_64
DEBUG util.py:537:  libunistring2-0.9.10-1.1.x86_64
DEBUG util.py:537:  libgomp1-15.2.0+git10201-150000.1.9.1.x86_64
DEBUG util.py:537:  libtextstyle0-0.21.1-150600.3.3.2.x86_64
DEBUG util.py:537:  login_defs-4.17.2-150600.17.18.1.noarch
DEBUG util.py:537:  gettext-runtime-0.21.1-150600.3.3.2.x86_64
DEBUG util.py:537:  libpsl5-0.20.1-150000.3.3.1.x86_64
DEBUG util.py:537:  procps-3.3.17-150000.7.42.1.x86_64
DEBUG util.py:537:  less-643-150600.3.3.1.x86_64
DEBUG util.py:537:  systemd-presets-branding-openSUSE-12.2-lp156.7.3.1.noarch
DEBUG util.py:537:  pinentry-1.1.0-4.3.1.x86_64
DEBUG util.py:537:  tar-1.34-150000.3.37.1.x86_64
DEBUG util.py:537:  gzip-1.10-150200.10.1.x86_64
DEBUG util.py:537:  libtasn1-6-4.13-150000.4.14.1.x86_64
DEBUG util.py:537:  linux-glibc-devel-6.4-150600.2.17.x86_64
DEBUG util.py:537:  systemd-rpm-macros-16-150000.7.42.1.noarch
DEBUG util.py:537:  libksba8-1.6.4-150600.1.2.x86_64
DEBUG util.py:537:  groff-1.22.4-150400.5.2.1.x86_64
DEBUG util.py:537:  libtsan0-11.3.0+git1637-150000.1.11.2.x86_64
DEBUG util.py:537:  libasan4-7.5.0+r278197-150000.4.44.1.x86_64
DEBUG util.py:537:  libboost_thread1_66_0-1.66.0-150200.12.7.1.x86_64
DEBUG util.py:537:  liblsan0-15.2.0+git10201-150000.1.9.1.x86_64
DEBUG util.py:537:  libctf-nobfd0-2.45-150100.7.57.1.x86_64
DEBUG util.py:537:  binutils-2.45-150100.7.57.1.x86_64
DEBUG util.py:537:  libp11-kit0-0.23.22-150500.8.3.1.x86_64
DEBUG util.py:537:  p11-kit-tools-0.23.22-150500.8.3.1.x86_64
DEBUG util.py:537:  openssl-3-3.1.4-150600.5.45.1.x86_64
DEBUG util.py:537:  ca-certificates-2+git20240416.98ae794-150300.4.3.3.noarch
DEBUG util.py:537:  libzck1-1.1.16-150600.9.3.x86_64
DEBUG util.py:537:  libgdbm4-1.12-1.418.x86_64
DEBUG util.py:537:  libkeyutils1-1.6.3-5.6.1.x86_64
DEBUG util.py:537:  libmpxwrappers2-8.2.1+r264010-150000.1.6.4.x86_64
DEBUG util.py:537:  libpipeline1-1.4.1-150000.3.2.1.x86_64
DEBUG util.py:537:  libsepol2-3.5-150600.1.49.x86_64
DEBUG util.py:537:  libverto1-0.2.6-3.20.x86_64
DEBUG util.py:537:  libatomic1-15.2.0+git10201-150000.1.9.1.x86_64
DEBUG util.py:537:  libbrotlidec1-1.0.7-150200.3.5.1.x86_64
DEBUG util.py:537:  krb5-1.20.1-150600.11.14.1.x86_64
DEBUG util.py:537:  libnsl2-1.2.0-2.44.x86_64
DEBUG util.py:537:  libexpat1-2.7.1-150400.3.37.1.x86_64
DEBUG util.py:537:  libaugeas0-1.14.1-150600.3.3.1.x86_64
DEBUG util.py:537:  gcc7-7.5.0+r278197-150000.4.44.1.x86_64
DEBUG util.py:537:  libnghttp2-14-1.40.0-150600.25.5.1.x86_64
DEBUG util.py:537:  libsasl2-3-2.1.28-150600.7.14.1.x86_64
DEBUG util.py:537:  libcurl4-8.14.1-150600.4.40.1.x86_64
DEBUG util.py:537:  gpg2-2.4.4-150600.3.15.1.x86_64
DEBUG util.py:537:  patterns-base-minimal_base-20200505-lp156.17.3.1.x86_64
DEBUG util.py:537:  libzypp-17.37.18-150600.3.82.1.x86_64
DEBUG util.py:537:  purge-kernels-service-0-150200.8.6.1.noarch
DEBUG util.py:537:  systemd-default-settings-branding-openSUSE-0.10-150300.3.7.1.noarch
DEBUG util.py:537:  cracklib-dict-full-2.8.12-1.22.x86_64
DEBUG util.py:537:  cracklib-2.9.11-150600.1.90.x86_64
DEBUG util.py:537:  pam-config-1.1-150600.16.8.1.x86_64
DEBUG util.py:537:  libsubid5-4.17.2-150600.17.18.1.x86_64
DEBUG util.py:537:  sysuser-shadow-3.2-150400.3.5.3.noarch
DEBUG util.py:537:  libutempter0-1.1.6-3.42.x86_64
DEBUG util.py:537:  man-2.7.6-150100.8.5.1.x86_64
DEBUG util.py:537:  dbus-1-1.12.2-150400.18.8.1.x86_64
DEBUG util.py:537:  aaa_base-84.87+git20180409.04c9dae-150300.10.28.2.x86_64
DEBUG util.py:537:  util-linux-systemd-2.39.3-150600.4.21.1.x86_64
DEBUG util.py:537:  sysconfig-netconfig-0.85.10-150200.15.1.x86_64
DEBUG util.py:537:  wicked-service-0.6.77-150600.11.15.1.x86_64
DEBUG util.py:537:  patterns-base-basesystem-20200505-lp156.17.3.1.x86_64
DEBUG util.py:537:  patterns-devel-base-devel_rpm_build-20170319-lp156.3.2.x86_64
DEBUG util.py:688:  Child return code was: 0
DEBUG util.py:200:  kill orphans in chroot /var/lib/mock/xCAT-genesis-base-opensuse-leap-15.6-x86_64/root
DEBUG util.py:200:  kill orphans in chroot /var/lib/mock/xCAT-genesis-base-opensuse-leap-15.6-x86_64-bootstrap/root/var/lib/mock/xCAT-genesis-base-opensuse-leap-15.6-x86_64/root
DEBUG util.py:717:  child environment: None
DEBUG util.py:636:  Executing command: ['/bin/umount', '-n', '-l', '/var/lib/mock/xCAT-genesis-base-opensuse-leap-15.6-x86_64-bootstrap/root/var/lib/mock/xCAT-genesis-base-opensuse-leap-15.6-x86_64/root'] with env {'TERM': 'vt100', 'SHELL': '/bin/sh', 'HOME': '/builddir', 'HOSTNAME': 'mock', 'PATH': '/usr/bin:/bin:/usr/sbin:/sbin', 'LANG': 'C.UTF-8'} and shell False
DEBUG util.py:688:  Child return code was: 0
DEBUG util.py:717:  child environment: None
DEBUG util.py:636:  Executing command: ['/bin/umount', '-n', '-l', '/var/lib/mock/xCAT-genesis-base-opensuse-leap-15.6-x86_64-bootstrap/root/var/lib/mock/xCAT-genesis-base-opensuse-leap-15.6-x86_64/root'] with env {'TERM': 'vt100', 'SHELL': '/bin/sh', 'HOME': '/builddir', 'HOSTNAME': 'mock', 'PATH': '/usr/bin:/bin:/usr/sbin:/sbin', 'LANG': 'C.UTF-8'} and shell False
DEBUG util.py:688:  Child return code was: 0
DEBUG file_util.py:17:  ensuring that dir exists: /var/lib/mock/xCAT-genesis-base-opensuse-leap-15.6-x86_64/root/builddir/build
DEBUG file_util.py:17:  ensuring that dir exists: /var/lib/mock/xCAT-genesis-base-opensuse-leap-15.6-x86_64/root/builddir/build/RPMS
DEBUG file_util.py:20:  created dir: /var/lib/mock/xCAT-genesis-base-opensuse-leap-15.6-x86_64/root/builddir/build/RPMS
DEBUG file_util.py:17:  ensuring that dir exists: /var/lib/mock/xCAT-genesis-base-opensuse-leap-15.6-x86_64/root/builddir/build/SPECS
DEBUG file_util.py:20:  created dir: /var/lib/mock/xCAT-genesis-base-opensuse-leap-15.6-x86_64/root/builddir/build/SPECS
DEBUG file_util.py:17:  ensuring that dir exists: /var/lib/mock/xCAT-genesis-base-opensuse-leap-15.6-x86_64/root/builddir/build/SRPMS
DEBUG file_util.py:20:  created dir: /var/lib/mock/xCAT-genesis-base-opensuse-leap-15.6-x86_64/root/builddir/build/SRPMS
DEBUG file_util.py:17:  ensuring that dir exists: /var/lib/mock/xCAT-genesis-base-opensuse-leap-15.6-x86_64/root/builddir/build/SOURCES
DEBUG file_util.py:17:  ensuring that dir exists: /var/lib/mock/xCAT-genesis-base-opensuse-leap-15.6-x86_64/root/builddir/build/BUILD
DEBUG file_util.py:20:  created dir: /var/lib/mock/xCAT-genesis-base-opensuse-leap-15.6-x86_64/root/builddir/build/BUILD
DEBUG file_util.py:17:  ensuring that dir exists: /var/lib/mock/xCAT-genesis-base-opensuse-leap-15.6-x86_64/root/builddir/build/BUILDROOT
DEBUG file_util.py:20:  created dir: /var/lib/mock/xCAT-genesis-base-opensuse-leap-15.6-x86_64/root/builddir/build/BUILDROOT
DEBUG file_util.py:17:  ensuring that dir exists: /var/lib/mock/xCAT-genesis-base-opensuse-leap-15.6-x86_64/root/builddir/build/originals
DEBUG file_util.py:20:  created dir: /var/lib/mock/xCAT-genesis-base-opensuse-leap-15.6-x86_64/root/builddir/build/originals
DEBUG file_util.py:17:  ensuring that dir exists: /var/lib/mock/xCAT-genesis-base-opensuse-leap-15.6-x86_64/root/builddir
DEBUG util.py:717:  child environment: None
DEBUG util.py:636:  Executing command: ['userdel', '-f', 'mockbuild', '--prefix', '/var/lib/mock/xCAT-genesis-base-opensuse-leap-15.6-x86_64/root'] with env {'TERM': 'vt100', 'SHELL': '/bin/sh', 'HOME': '/builddir', 'HOSTNAME': 'mock', 'PATH': '/usr/bin:/bin:/usr/sbin:/sbin', 'LANG': 'C.UTF-8'} and shell False
DEBUG util.py:688:  Child return code was: 0
DEBUG util.py:717:  child environment: None
DEBUG util.py:636:  Executing command: ['groupdel', 'mock', '--prefix', '/var/lib/mock/xCAT-genesis-base-opensuse-leap-15.6-x86_64/root'] with env {'TERM': 'vt100', 'SHELL': '/bin/sh', 'HOME': '/builddir', 'HOSTNAME': 'mock', 'PATH': '/usr/bin:/bin:/usr/sbin:/sbin', 'LANG': 'C.UTF-8'} and shell False
DEBUG util.py:688:  Child return code was: 0
DEBUG util.py:717:  child environment: None
DEBUG util.py:636:  Executing command: ['groupadd', 'mock', '-g', '135', '--prefix', '/var/lib/mock/xCAT-genesis-base-opensuse-leap-15.6-x86_64/root'] with env {'TERM': 'vt100', 'SHELL': '/bin/sh', 'HOME': '/builddir', 'HOSTNAME': 'mock', 'PATH': '/usr/bin:/bin:/usr/sbin:/sbin', 'LANG': 'C.UTF-8'} and shell False
DEBUG util.py:688:  Child return code was: 0
DEBUG util.py:717:  child environment: None
DEBUG util.py:636:  Executing command: ['useradd', 'mockbuild', '-o', '-u', '0', '-g', '135', '-N', '-d', '/builddir', '--prefix', '/var/lib/mock/xCAT-genesis-base-opensuse-leap-15.6-x86_64/root'] with env {'TERM': 'vt100', 'SHELL': '/bin/sh', 'HOME': '/builddir', 'HOSTNAME': 'mock', 'PATH': '/usr/bin:/bin:/usr/sbin:/sbin', 'LANG': 'C.UTF-8'} and shell False
DEBUG util.py:535:  useradd warning: mockbuild's uid 0 outside of the UID_MIN 1000 and UID_MAX 60000 range.
DEBUG util.py:535:  useradd: warning: the home directory /builddir already exists.
DEBUG util.py:535:  useradd: Not copying any file from skel directory into it.
DEBUG util.py:535:  Creating mailbox file: File exists
DEBUG util.py:688:  Child return code was: 0
DEBUG file_util.py:29:  touching file: /var/lib/mock/xCAT-genesis-base-opensuse-leap-15.6-x86_64/root/.initialized
DEBUG util.py:717:  child environment: None
DEBUG util.py:631:  Using nspawn with args ['--capability=cap_ipc_lock', '--bind=/dev/btrfs-control', '--bind=/dev/mapper/control', '--bind=/dev/fuse', '--bind=/dev/loop-control', '--bind=/dev/loop0', '--bind=/dev/loop1', '--bind=/dev/loop2', '--bind=/dev/loop3', '--bind=/dev/loop4', '--bind=/dev/loop5', '--bind=/dev/loop6', '--bind=/dev/loop7', '--bind=/dev/loop8', '--bind=/dev/loop9', '--bind=/dev/loop10', '--bind=/dev/loop11', '--resolv-conf=off']
DEBUG util.py:636:  Executing command: ['/usr/bin/systemd-nspawn', '-q', '-M', 'f796e922fef14bd0abc5a71abe201281', '-D', '/var/lib/mock/xCAT-genesis-base-opensuse-leap-15.6-x86_64/root', '-a', '--capability=cap_ipc_lock', '--bind=/dev/btrfs-control', '--bind=/dev/mapper/control', '--bind=/dev/fuse', '--bind=/dev/loop-control', '--bind=/dev/loop0', '--bind=/dev/loop1', '--bind=/dev/loop2', '--bind=/dev/loop3', '--bind=/dev/loop4', '--bind=/dev/loop5', '--bind=/dev/loop6', '--bind=/dev/loop7', '--bind=/dev/loop8', '--bind=/dev/loop9', '--bind=/dev/loop10', '--bind=/dev/loop11', '--resolv-conf=off', '--console=pipe', '--setenv=TERM=vt100', '--setenv=SHELL=/bin/bash', '--setenv=HOME=/builddir', '--setenv=HOSTNAME=mock', '--setenv=PATH=/usr/bin:/bin:/usr/sbin:/sbin', '--setenv=PROMPT_COMMAND=printf "\\033]0;<mock-chroot>\\007"', '--setenv=PS1=<mock-chroot> \\s-\\v\\$ ', '--setenv=LANG=C.UTF-8', '--setenv=SOURCE_DATE_EPOCH=1789750463', '/bin/sh', '-c', 'rpmbuild --help'] with env {'TERM': 'vt100', 'SHELL': '/bin/bash', 'HOME': '/builddir', 'HOSTNAME': 'mock', 'PATH': '/usr/bin:/bin:/usr/sbin:/sbin', 'PROMPT_COMMAND': 'printf "\\033]0;<mock-chroot>\\007"', 'PS1': '<mock-chroot> \\s-\\v\\$ ', 'LANG': 'C.UTF-8', 'SOURCE_DATE_EPOCH': '1789750463', 'SYSTEMD_NSPAWN_TMPFS_TMP': '0', 'SYSTEMD_SECCOMP': '0'} and shell False
DEBUG util.py:537:  Usage: rpmbuild [OPTION...]
DEBUG util.py:537:  Build options with [ <specfile> | <tarball> | <source package> ]:
DEBUG util.py:537:        -bp                        build through %prep (unpack sources and apply
DEBUG util.py:537:                                   patches) from <specfile>
DEBUG util.py:537:        -bc                        build through %build (%prep, then compile)
DEBUG util.py:537:                                   from <specfile>
DEBUG util.py:537:        -bi                        build through %install (%prep, %build, then
DEBUG util.py:537:                                   install) from <specfile>
DEBUG util.py:537:        -bl                        verify %files section from <specfile>
DEBUG util.py:537:        -ba                        build source and binary packages from
DEBUG util.py:537:                                   <specfile>
DEBUG util.py:537:        -bb                        build binary package only from <specfile>
DEBUG util.py:537:        -bs                        build source package only from <specfile>
DEBUG util.py:537:        -rp                        build through %prep (unpack sources and apply
DEBUG util.py:537:                                   patches) from <source package>
DEBUG util.py:537:        -rc                        build through %build (%prep, then compile)
DEBUG util.py:537:                                   from <source package>
DEBUG util.py:537:        -ri                        build through %install (%prep, %build, then
DEBUG util.py:537:                                   install) from <source package>
DEBUG util.py:537:        -rl                        verify %files section from <source package>
DEBUG util.py:537:        -ra                        build source and binary packages from <source
DEBUG util.py:537:                                   package>
DEBUG util.py:537:        -rb                        build binary package only from <source
DEBUG util.py:537:                                   package>
DEBUG util.py:537:        -rs                        build source package only from <source
DEBUG util.py:537:                                   package>
DEBUG util.py:537:        -tp                        build through %prep (unpack sources and apply
DEBUG util.py:537:                                   patches) from <tarball>
DEBUG util.py:537:        -tc                        build through %build (%prep, then compile)
DEBUG util.py:537:                                   from <tarball>
DEBUG util.py:537:        -ti                        build through %install (%prep, %build, then
DEBUG util.py:537:                                   install) from <tarball>
DEBUG util.py:537:        -ta                        build source and binary packages from
DEBUG util.py:537:                                   <tarball>
DEBUG util.py:537:        -tb                        build binary package only from <tarball>
DEBUG util.py:537:        -ts                        build source package only from <tarball>
DEBUG util.py:537:        --rebuild                  build binary package from <source package>
DEBUG util.py:537:        --recompile                build through %install (%prep, %build, then
DEBUG util.py:537:                                   install) from <source package>
DEBUG util.py:537:        --buildroot=DIRECTORY      override build root
DEBUG util.py:537:        --build-in-place           run build in current directory
DEBUG util.py:537:        --clean                    remove build tree when done
DEBUG util.py:537:        --nobuild                  do not execute any stages of the build
DEBUG util.py:537:        --nodeps                   do not verify build dependencies
DEBUG util.py:537:        --nodirtokens              generate package header(s) compatible with
DEBUG util.py:537:                                   (legacy) rpm v3 packaging
DEBUG util.py:537:        --noclean                  do not execute %clean stage of the build
DEBUG util.py:537:        --noprep                   do not execute %prep stage of the build
DEBUG util.py:537:        --nocheck                  do not execute %check stage of the build
DEBUG util.py:537:        --rmsource                 remove sources when done
DEBUG util.py:537:        --rmspec                   remove specfile when done
DEBUG util.py:537:        --short-circuit            skip straight to specified stage (only for
DEBUG util.py:537:                                   c,i)
DEBUG util.py:537:        --target=CPU-VENDOR-OS     override target platform
DEBUG util.py:537:  Common options for all rpm modes and executables:
DEBUG util.py:537:    -D, --define='MACRO EXPR'      define MACRO with value EXPR
DEBUG util.py:537:        --undefine=MACRO           undefine MACRO
DEBUG util.py:537:    -E, --eval='EXPR'              print macro expansion of EXPR
DEBUG util.py:537:        --target=CPU-VENDOR-OS     Specify target platform
DEBUG util.py:537:        --macros=<FILE:...>        read <FILE:...> instead of default file(s)
DEBUG util.py:537:        --noplugins                don't enable any plugins
DEBUG util.py:537:        --nodigest                 don't verify package digest(s)
DEBUG util.py:537:        --nosignature              don't verify package signature(s)
DEBUG util.py:537:        --rcfile=<FILE:...>        read <FILE:...> instead of default file(s)
DEBUG util.py:537:    -r, --root=ROOT                use ROOT as top level directory (default: "/")
DEBUG util.py:537:        --dbpath=DIRECTORY         use database in DIRECTORY
DEBUG util.py:537:        --querytags                display known query tags
DEBUG util.py:537:        --showrc                   display final rpmrc and macro configuration
DEBUG util.py:537:        --quiet                    provide less detailed output
DEBUG util.py:537:    -v, --verbose                  provide more detailed output
DEBUG util.py:537:        --version                  print the version of rpm being used
DEBUG util.py:537:  Options implemented via popt alias/exec:
DEBUG util.py:537:        --with=<option>            enable configure <option> for build
DEBUG util.py:537:        --without=<option>         disable configure <option> for build
DEBUG util.py:537:        --buildpolicy=<policy>     set buildroot <policy> (e.g. compress man
DEBUG util.py:537:                                   pages)
DEBUG util.py:537:        --sign                     generate GPG signature (deprecated, use
DEBUG util.py:537:                                   command rpmsign instead)
DEBUG util.py:537:        --nodebuginfo              do not generate debuginfo for this package
DEBUG util.py:537:  Help options:
DEBUG util.py:537:    -?, --help                     Show this help message
DEBUG util.py:537:        --usage                    Display brief usage message
DEBUG util.py:688:  Child return code was: 0
DEBUG util.py:717:  child environment: None
DEBUG backend.py:610:  Copying package to result dir
DEBUG util.py:200:  kill orphans in chroot /var/lib/mock/xCAT-genesis-base-opensuse-leap-15.6-x86_64/root
DEBUG util.py:717:  child environment: None
DEBUG util.py:636:  Executing command: ['/bin/umount', '-n', '/var/lib/mock/xCAT-genesis-base-opensuse-leap-15.6-x86_64/root/var/cache/dnf'] with env {'TERM': 'vt100', 'SHELL': '/bin/sh', 'HOME': '/builddir', 'HOSTNAME': 'mock', 'PATH': '/usr/bin:/bin:/usr/sbin:/sbin', 'LANG': 'C.UTF-8'} and shell False
DEBUG util.py:688:  Child return code was: 0
DEBUG util.py:717:  child environment: None
DEBUG util.py:636:  Executing command: ['/bin/umount', '-n', '/var/lib/mock/xCAT-genesis-base-opensuse-leap-15.6-x86_64/root/var/cache/yum'] with env {'TERM': 'vt100', 'SHELL': '/bin/sh', 'HOME': '/builddir', 'HOSTNAME': 'mock', 'PATH': '/usr/bin:/bin:/usr/sbin:/sbin', 'LANG': 'C.UTF-8'} and shell False
DEBUG util.py:688:  Child return code was: 0
DEBUG util.py:200:  kill orphans in chroot /var/lib/mock/xCAT-genesis-base-opensuse-leap-15.6-x86_64-bootstrap/root
DEBUG util.py:717:  child environment: None
DEBUG util.py:636:  Executing command: ['/bin/umount', '-n', '/var/lib/mock/xCAT-genesis-base-opensuse-leap-15.6-x86_64-bootstrap/root/var/cache/dnf'] with env {'TERM': 'vt100', 'SHELL': '/bin/sh', 'HOME': '/builddir', 'HOSTNAME': 'mock', 'PATH': '/usr/bin:/bin:/usr/sbin:/sbin', 'LANG': 'C.UTF-8'} and shell False
DEBUG util.py:688:  Child return code was: 0
DEBUG util.py:717:  child environment: None
DEBUG util.py:636:  Executing command: ['/bin/umount', '-n', '/var/lib/mock/xCAT-genesis-base-opensuse-leap-15.6-x86_64-bootstrap/root/var/cache/yum'] with env {'TERM': 'vt100', 'SHELL': '/bin/sh', 'HOME': '/builddir', 'HOSTNAME': 'mock', 'PATH': '/usr/bin:/bin:/usr/sbin:/sbin', 'LANG': 'C.UTF-8'} and shell False
DEBUG util.py:688:  Child return code was: 0
INFO buildroot.py:704:  Mock Version: 6.8
DEBUG file_util.py:17:  ensuring that dir exists: /var/lib/mock/xCAT-genesis-base-opensuse-leap-15.6-x86_64/root
DEBUG file_util.py:20:  created dir: /var/lib/mock/xCAT-genesis-base-opensuse-leap-15.6-x86_64/root
DEBUG file_util.py:17:  ensuring that dir exists: /var/lib/mock/xCAT-genesis-base-opensuse-leap-15.6-x86_64-bootstrap
DEBUG file_util.py:17:  ensuring that dir exists: /var/lib/mock/xCAT-genesis-base-opensuse-leap-15.6-x86_64-bootstrap
DEBUG file_util.py:17:  ensuring that dir exists: /var/lib/mock/xCAT-genesis-base-opensuse-leap-15.6-x86_64-bootstrap/root
DEBUG file_util.py:17:  ensuring that dir exists: /var/lib/mock/xCAT-genesis-base-opensuse-leap-15.6-x86_64-bootstrap/results
INFO buildroot.py:321:  calling preinit hooks
DEBUG file_util.py:17:  ensuring that dir exists: /var/cache/mock/xCAT-genesis-base-opensuse-leap-15.6-x86_64-bootstrap/root_cache/
DEBUG file_util.py:17:  ensuring that dir exists: /var/cache/mock/xCAT-genesis-base-opensuse-leap-15.6-x86_64-bootstrap/yum_cache
DEBUG file_util.py:17:  ensuring that dir exists: /var/cache/mock/xCAT-genesis-base-opensuse-leap-15.6-x86_64-bootstrap/dnf_cache
DEBUG buildroot.py:760:  create skeleton dirs
DEBUG file_util.py:17:  ensuring that dir exists: /var/lib/mock/xCAT-genesis-base-opensuse-leap-15.6-x86_64-bootstrap/root/var/lib/rpm
DEBUG file_util.py:17:  ensuring that dir exists: /var/lib/mock/xCAT-genesis-base-opensuse-leap-15.6-x86_64-bootstrap/root/var/lib/yum
DEBUG file_util.py:17:  ensuring that dir exists: /var/lib/mock/xCAT-genesis-base-opensuse-leap-15.6-x86_64-bootstrap/root/var/lib/dbus
DEBUG file_util.py:17:  ensuring that dir exists: /var/lib/mock/xCAT-genesis-base-opensuse-leap-15.6-x86_64-bootstrap/root/var/log
DEBUG file_util.py:17:  ensuring that dir exists: /var/lib/mock/xCAT-genesis-base-opensuse-leap-15.6-x86_64-bootstrap/root/var/cache/dnf
DEBUG file_util.py:17:  ensuring that dir exists: /var/lib/mock/xCAT-genesis-base-opensuse-leap-15.6-x86_64-bootstrap/root/var/cache/yum
DEBUG file_util.py:17:  ensuring that dir exists: /var/lib/mock/xCAT-genesis-base-opensuse-leap-15.6-x86_64-bootstrap/root/etc/rpm
DEBUG file_util.py:17:  ensuring that dir exists: /var/lib/mock/xCAT-genesis-base-opensuse-leap-15.6-x86_64-bootstrap/root/tmp
DEBUG file_util.py:17:  ensuring that dir exists: /var/lib/mock/xCAT-genesis-base-opensuse-leap-15.6-x86_64-bootstrap/root/tmp/ccache
DEBUG file_util.py:17:  ensuring that dir exists: /var/lib/mock/xCAT-genesis-base-opensuse-leap-15.6-x86_64-bootstrap/root/var/tmp
DEBUG file_util.py:17:  ensuring that dir exists: /var/lib/mock/xCAT-genesis-base-opensuse-leap-15.6-x86_64-bootstrap/root/etc/dnf
DEBUG file_util.py:17:  ensuring that dir exists: /var/lib/mock/xCAT-genesis-base-opensuse-leap-15.6-x86_64-bootstrap/root/etc/dnf/vars
DEBUG file_util.py:17:  ensuring that dir exists: /var/lib/mock/xCAT-genesis-base-opensuse-leap-15.6-x86_64-bootstrap/root/etc/yum.repos.d
DEBUG file_util.py:20:  created dir: /var/lib/mock/xCAT-genesis-base-opensuse-leap-15.6-x86_64-bootstrap/root/etc/yum.repos.d
DEBUG file_util.py:17:  ensuring that dir exists: /var/lib/mock/xCAT-genesis-base-opensuse-leap-15.6-x86_64-bootstrap/root/etc/yum
DEBUG file_util.py:17:  ensuring that dir exists: /var/lib/mock/xCAT-genesis-base-opensuse-leap-15.6-x86_64-bootstrap/root/proc
DEBUG file_util.py:17:  ensuring that dir exists: /var/lib/mock/xCAT-genesis-base-opensuse-leap-15.6-x86_64-bootstrap/root/sys
DEBUG file_util.py:17:  ensuring that dir exists: /var/lib/mock/xCAT-genesis-base-opensuse-leap-15.6-x86_64-bootstrap/root/run/lock
DEBUG file_util.py:17:  ensuring that dir exists: /var/lib/mock/xCAT-genesis-base-opensuse-leap-15.6-x86_64-bootstrap/root/dev/pts
DEBUG file_util.py:17:  ensuring that dir exists: /var/lib/mock/xCAT-genesis-base-opensuse-leap-15.6-x86_64-bootstrap/root/dev/shm
DEBUG file_util.py:17:  ensuring that dir exists: /var/lib/mock/xCAT-genesis-base-opensuse-leap-15.6-x86_64-bootstrap/root/dev/mapper
DEBUG file_util.py:20:  created dir: /var/lib/mock/xCAT-genesis-base-opensuse-leap-15.6-x86_64-bootstrap/root/dev/mapper
DEBUG buildroot.py:904:  kernel version == 6.12.0-211.7.3.el10_2.x86_64
DEBUG file_util.py:29:  touching file: /var/lib/mock/xCAT-genesis-base-opensuse-leap-15.6-x86_64-bootstrap/root/etc/fstab
DEBUG file_util.py:29:  touching file: /var/lib/mock/xCAT-genesis-base-opensuse-leap-15.6-x86_64-bootstrap/root/etc/yum/yum.conf
DEBUG file_util.py:29:  touching file: /var/lib/mock/xCAT-genesis-base-opensuse-leap-15.6-x86_64-bootstrap/root/etc/dnf/dnf.conf
DEBUG file_util.py:29:  touching file: /var/lib/mock/xCAT-genesis-base-opensuse-leap-15.6-x86_64-bootstrap/root/var/log/yum.log
DEBUG buildroot.py:335:  rootdir = /var/lib/mock/xCAT-genesis-base-opensuse-leap-15.6-x86_64-bootstrap/root
DEBUG buildroot.py:336:  resultdir = /var/lib/mock/xCAT-genesis-base-opensuse-leap-15.6-x86_64-bootstrap/results
DEBUG package_manager.py:64:  searching for 'dnf4' package manager or alternatives
INFO buildroot.py:183:  Package manager dnf4 detected and used (fallback)
DEBUG file_util.py:17:  ensuring that dir exists: /var/lib/mock/xCAT-genesis-base-opensuse-leap-15.6-x86_64-bootstrap/root/etc/pki/mock
DEBUG package_manager.py:406:  copying CA trust dir into chroot: /etc/pki/ca-trust => /etc/pki/ca-trust
DEBUG file_util.py:191:  Updating files in /var/lib/mock/xCAT-genesis-base-opensuse-leap-15.6-x86_64-bootstrap/root/etc/pki/ca-trust with files from /etc/pki/ca-trust
DEBUG file_util.py:17:  ensuring that dir exists: /var/lib/mock/xCAT-genesis-base-opensuse-leap-15.6-x86_64-bootstrap/root/etc/pki/ca-trust
DEBUG file_util.py:17:  ensuring that dir exists: /var/lib/mock/xCAT-genesis-base-opensuse-leap-15.6-x86_64-bootstrap/root/etc/pki/ca-trust/./extracted
DEBUG file_util.py:17:  ensuring that dir exists: /var/lib/mock/xCAT-genesis-base-opensuse-leap-15.6-x86_64-bootstrap/root/etc/pki/ca-trust/./source
DEBUG file_util.py:17:  ensuring that dir exists: /var/lib/mock/xCAT-genesis-base-opensuse-leap-15.6-x86_64-bootstrap/root/etc/pki/ca-trust/extracted/edk2
DEBUG file_util.py:17:  ensuring that dir exists: /var/lib/mock/xCAT-genesis-base-opensuse-leap-15.6-x86_64-bootstrap/root/etc/pki/ca-trust/extracted/java
DEBUG file_util.py:17:  ensuring that dir exists: /var/lib/mock/xCAT-genesis-base-opensuse-leap-15.6-x86_64-bootstrap/root/etc/pki/ca-trust/extracted/openssl
DEBUG file_util.py:17:  ensuring that dir exists: /var/lib/mock/xCAT-genesis-base-opensuse-leap-15.6-x86_64-bootstrap/root/etc/pki/ca-trust/extracted/pem
DEBUG file_util.py:17:  ensuring that dir exists: /var/lib/mock/xCAT-genesis-base-opensuse-leap-15.6-x86_64-bootstrap/root/etc/pki/ca-trust/extracted/pem/directory-hash
DEBUG file_util.py:17:  ensuring that dir exists: /var/lib/mock/xCAT-genesis-base-opensuse-leap-15.6-x86_64-bootstrap/root/etc/pki/ca-trust/source/anchors
DEBUG file_util.py:17:  ensuring that dir exists: /var/lib/mock/xCAT-genesis-base-opensuse-leap-15.6-x86_64-bootstrap/root/etc/pki/ca-trust/source/blocklist
DEBUG package_manager.py:406:  copying CA trust dir into chroot: /usr/share/pki/ca-trust-source => /usr/share/pki/ca-trust-source
DEBUG file_util.py:191:  Updating files in /var/lib/mock/xCAT-genesis-base-opensuse-leap-15.6-x86_64-bootstrap/root/usr/share/pki/ca-trust-source with files from /usr/share/pki/ca-trust-source
DEBUG file_util.py:17:  ensuring that dir exists: /var/lib/mock/xCAT-genesis-base-opensuse-leap-15.6-x86_64-bootstrap/root/usr/share/pki/ca-trust-source
DEBUG file_util.py:17:  ensuring that dir exists: /var/lib/mock/xCAT-genesis-base-opensuse-leap-15.6-x86_64-bootstrap/root/usr/share/pki/ca-trust-source/./anchors
DEBUG file_util.py:17:  ensuring that dir exists: /var/lib/mock/xCAT-genesis-base-opensuse-leap-15.6-x86_64-bootstrap/root/usr/share/pki/ca-trust-source/./blocklist
DEBUG package_manager.py:412:  copying CA bundle into chroot
DEBUG file_util.py:17:  ensuring that dir exists: /var/lib/mock/xCAT-genesis-base-opensuse-leap-15.6-x86_64-bootstrap/root/var/lib/ca-certificates
DEBUG file_util.py:17:  ensuring that dir exists: /var/lib/mock/xCAT-genesis-base-opensuse-leap-15.6-x86_64-bootstrap/root/usr/share
DEBUG package_manager.py:390:  Copying /usr/share/distribution-gpg-keys to the bootstrap chroot
DEBUG util.py:717:  child environment: None
DEBUG util.py:636:  Executing command: ['cp', '-a', '/usr/share/distribution-gpg-keys', '/var/lib/mock/xCAT-genesis-base-opensuse-leap-15.6-x86_64-bootstrap/root/usr/share'] with env {'TERM': 'vt100', 'SHELL': '/bin/sh', 'HOME': '/builddir', 'HOSTNAME': 'mock', 'PATH': '/usr/bin:/bin:/usr/sbin:/sbin', 'LANG': 'C.UTF-8'} and shell False
DEBUG util.py:688:  Child return code was: 0
DEBUG file_util.py:17:  ensuring that dir exists: /var/lib/mock/xCAT-genesis-base-opensuse-leap-15.6-x86_64-bootstrap/root/etc/dnf
DEBUG package_manager.py:693:  configure DNF vars
DEBUG file_util.py:17:  ensuring that dir exists: /var/lib/mock/xCAT-genesis-base-opensuse-leap-15.6-x86_64-bootstrap/root/var/cache/yum
DEBUG util.py:717:  child environment: None
DEBUG util.py:636:  Executing command: ['/bin/mount', '-n', '-o', 'bind', '/var/cache/mock/xCAT-genesis-base-opensuse-leap-15.6-x86_64-bootstrap/yum_cache', '/var/lib/mock/xCAT-genesis-base-opensuse-leap-15.6-x86_64-bootstrap/root/var/cache/yum'] with env {'TERM': 'vt100', 'SHELL': '/bin/sh', 'HOME': '/builddir', 'HOSTNAME': 'mock', 'PATH': '/usr/bin:/bin:/usr/sbin:/sbin', 'LANG': 'C.UTF-8'} and shell False
DEBUG util.py:688:  Child return code was: 0
DEBUG file_util.py:17:  ensuring that dir exists: /var/lib/mock/xCAT-genesis-base-opensuse-leap-15.6-x86_64-bootstrap/root/var/cache/dnf
DEBUG util.py:717:  child environment: None
DEBUG util.py:636:  Executing command: ['/bin/mount', '-n', '-o', 'bind', '/var/cache/mock/xCAT-genesis-base-opensuse-leap-15.6-x86_64-bootstrap/dnf_cache', '/var/lib/mock/xCAT-genesis-base-opensuse-leap-15.6-x86_64-bootstrap/root/var/cache/dnf'] with env {'TERM': 'vt100', 'SHELL': '/bin/sh', 'HOME': '/builddir', 'HOSTNAME': 'mock', 'PATH': '/usr/bin:/bin:/usr/sbin:/sbin', 'LANG': 'C.UTF-8'} and shell False
DEBUG util.py:688:  Child return code was: 0
DEBUG file_util.py:17:  ensuring that dir exists: /var/lib/mock/xCAT-genesis-base-opensuse-leap-15.6-x86_64-bootstrap/root/etc
DEBUG file_util.py:17:  ensuring that dir exists: /var/lib/mock/xCAT-genesis-base-opensuse-leap-15.6-x86_64-bootstrap/root/etc
DEBUG buildroot.py:39:  method _cleanup_homedir skipped in bootstrap
DEBUG buildroot.py:39:  method _setup_build_dirs skipped in bootstrap
DEBUG buildroot.py:39:  method _make_users skipped in bootstrap
DEBUG file_util.py:29:  touching file: /var/lib/mock/xCAT-genesis-base-opensuse-leap-15.6-x86_64-bootstrap/root/.initialized
DEBUG file_util.py:17:  ensuring that dir exists: /var/lib/mock/xCAT-genesis-base-opensuse-leap-15.6-x86_64
DEBUG file_util.py:17:  ensuring that dir exists: /var/lib/mock/xCAT-genesis-base-opensuse-leap-15.6-x86_64/root
DEBUG file_util.py:17:  ensuring that dir exists: dist/opensuse-leap-15.6-x86_64/rpms/SRPMS/
INFO buildroot.py:321:  calling preinit hooks
DEBUG file_util.py:17:  ensuring that dir exists: /var/cache/mock/xCAT-genesis-base-opensuse-leap-15.6-x86_64/root_cache/
DEBUG file_util.py:17:  ensuring that dir exists: /var/lib/mock/xCAT-genesis-base-opensuse-leap-15.6-x86_64/root
DEBUG util.py:717:  child environment: None
DEBUG util.py:636:  Executing command: ['/bin/tar', '--use-compress-program', 'pigz', '-xf', '/var/cache/mock/xCAT-genesis-base-opensuse-leap-15.6-x86_64/root_cache/cache.tar.gz', '-C', '/var/lib/mock/xCAT-genesis-base-opensuse-leap-15.6-x86_64/root'] with env {'TERM': 'vt100', 'SHELL': '/bin/sh', 'HOME': '/builddir', 'HOSTNAME': 'mock', 'PATH': '/usr/bin:/bin:/usr/sbin:/sbin', 'LANG': 'C.UTF-8'} and shell False
DEBUG util.py:688:  Child return code was: 0
DEBUG file_util.py:17:  ensuring that dir exists: /var/lib/mock/xCAT-genesis-base-opensuse-leap-15.6-x86_64/root/./proc
DEBUG file_util.py:20:  created dir: /var/lib/mock/xCAT-genesis-base-opensuse-leap-15.6-x86_64/root/./proc
DEBUG file_util.py:17:  ensuring that dir exists: /var/lib/mock/xCAT-genesis-base-opensuse-leap-15.6-x86_64/root/./sys
DEBUG file_util.py:20:  created dir: /var/lib/mock/xCAT-genesis-base-opensuse-leap-15.6-x86_64/root/./sys
DEBUG file_util.py:17:  ensuring that dir exists: /var/lib/mock/xCAT-genesis-base-opensuse-leap-15.6-x86_64/root/./dev
DEBUG file_util.py:20:  created dir: /var/lib/mock/xCAT-genesis-base-opensuse-leap-15.6-x86_64/root/./dev
DEBUG file_util.py:17:  ensuring that dir exists: /var/lib/mock/xCAT-genesis-base-opensuse-leap-15.6-x86_64/root/./tmp/ccache
DEBUG file_util.py:20:  created dir: /var/lib/mock/xCAT-genesis-base-opensuse-leap-15.6-x86_64/root/./tmp/ccache
DEBUG file_util.py:17:  ensuring that dir exists: /var/lib/mock/xCAT-genesis-base-opensuse-leap-15.6-x86_64/root/./var/cache/yum
DEBUG file_util.py:20:  created dir: /var/lib/mock/xCAT-genesis-base-opensuse-leap-15.6-x86_64/root/./var/cache/yum
DEBUG file_util.py:17:  ensuring that dir exists: /var/lib/mock/xCAT-genesis-base-opensuse-leap-15.6-x86_64/root/./var/cache/dnf
DEBUG file_util.py:20:  created dir: /var/lib/mock/xCAT-genesis-base-opensuse-leap-15.6-x86_64/root/./var/cache/dnf
DEBUG file_util.py:17:  ensuring that dir exists: /var/lib/mock/xCAT-genesis-base-opensuse-leap-15.6-x86_64/root/./var/log
DEBUG file_util.py:20:  created dir: /var/lib/mock/xCAT-genesis-base-opensuse-leap-15.6-x86_64/root/./var/log
DEBUG file_util.py:17:  ensuring that dir exists: /var/cache/mock/xCAT-genesis-base-opensuse-leap-15.6-x86_64/yum_cache
DEBUG file_util.py:17:  ensuring that dir exists: /var/cache/mock/xCAT-genesis-base-opensuse-leap-15.6-x86_64/dnf_cache
DEBUG util.py:717:  child environment: None
DEBUG util.py:636:  Executing command: ['/usr/bin/lscpu'] with env {'TERM': 'vt100', 'SHELL': '/bin/sh', 'HOME': '/builddir', 'HOSTNAME': 'mock', 'PATH': '/usr/bin:/bin:/usr/sbin:/sbin', 'LANG': 'C.UTF-8'} and shell False
DEBUG util.py:537:  Architecture:                            x86_64
DEBUG util.py:537:  CPU op-mode(s):                          32-bit, 64-bit
DEBUG util.py:537:  Address sizes:                           48 bits physical, 48 bits virtual
DEBUG util.py:537:  Byte Order:                              Little Endian
DEBUG util.py:537:  CPU(s):                                  8
DEBUG util.py:537:  On-line CPU(s) list:                     0-7
DEBUG util.py:537:  Vendor ID:                               AuthenticAMD
DEBUG util.py:537:  BIOS Vendor ID:                          Red Hat
DEBUG util.py:537:  Model name:                              AMD EPYC 7H12 64-Core Processor
DEBUG util.py:537:  BIOS Model name:                         RHEL-10.0.0 PC (Q35 + ICH9, 2009)  CPU @ 2.0GHz
DEBUG util.py:537:  BIOS CPU family:                         1
DEBUG util.py:537:  CPU family:                              23
DEBUG util.py:537:  Model:                                   49
DEBUG util.py:537:  Thread(s) per core:                      1
DEBUG util.py:537:  Core(s) per socket:                      1
DEBUG util.py:537:  Socket(s):                               8
DEBUG util.py:537:  Stepping:                                0
DEBUG util.py:537:  BogoMIPS:                                5190.24
DEBUG util.py:537:  Flags:                                   fpu vme de pse tsc msr pae mce cx8 apic sep mtrr pge mca cmov pat pse36 clflush mmx fxsr sse sse2 syscall nx mmxext fxsr_opt pdpe1gb rdtscp lm rep_good nopl cpuid extd_apicid tsc_known_freq pni pclmulqdq ssse3 fma cx16 sse4_1 sse4_2 x2apic movbe popcnt tsc_deadline_timer aes xsave avx f16c rdrand hypervisor lahf_lm cmp_legacy svm cr8_legacy abm sse4a misalignsse 3dnowprefetch osvw perfctr_core ssbd ibrs ibpb stibp vmmcall fsgsbase tsc_adjust bmi1 avx2 smep bmi2 rdseed adx smap clflushopt clwb sha_ni xsaveopt xsavec xgetbv1 xsaves clzero xsaveerptr wbnoinvd arat npt lbrv nrip_save tsc_scale vmcb_clean flushbyasid pausefilter pfthreshold v_vmsave_vmload vgif umip rdpid overflow_recov succor arch_capabilities
DEBUG util.py:537:  Virtualization:                          AMD-V
DEBUG util.py:537:  Hypervisor vendor:                       KVM
DEBUG util.py:537:  Virtualization type:                     full
DEBUG util.py:537:  L1d cache:                               512 KiB (8 instances)
DEBUG util.py:537:  L1i cache:                               512 KiB (8 instances)
DEBUG util.py:537:  L2 cache:                                4 MiB (8 instances)
DEBUG util.py:537:  L3 cache:                                128 MiB (8 instances)
DEBUG util.py:537:  NUMA node(s):                            1
DEBUG util.py:537:  NUMA node0 CPU(s):                       0-7
DEBUG util.py:537:  Vulnerability Gather data sampling:      Not affected
DEBUG util.py:537:  Vulnerability Indirect target selection: Not affected
DEBUG util.py:537:  Vulnerability Itlb multihit:             Not affected
DEBUG util.py:537:  Vulnerability L1tf:                      Not affected
DEBUG util.py:537:  Vulnerability Mds:                       Not affected
DEBUG util.py:537:  Vulnerability Meltdown:                  Not affected
DEBUG util.py:537:  Vulnerability Mmio stale data:           Not affected
DEBUG util.py:537:  Vulnerability Old microcode:             Not affected
DEBUG util.py:537:  Vulnerability Reg file data sampling:    Not affected
DEBUG util.py:537:  Vulnerability Retbleed:                  Mitigation; untrained return thunk; SMT disabled
DEBUG util.py:537:  Vulnerability Spec rstack overflow:      Mitigation; SMT disabled
DEBUG util.py:537:  Vulnerability Spec store bypass:         Mitigation; Speculative Store Bypass disabled via prctl
DEBUG util.py:537:  Vulnerability Spectre v1:                Mitigation; usercopy/swapgs barriers and __user pointer sanitization
DEBUG util.py:537:  Vulnerability Spectre v2:                Mitigation; Retpolines; IBPB conditional; STIBP disabled; RSB filling; PBRSB-eIBRS Not affected; BHI Not affected
DEBUG util.py:537:  Vulnerability Srbds:                     Not affected
DEBUG util.py:537:  Vulnerability Tsa:                       Not affected
DEBUG util.py:537:  Vulnerability Tsx async abort:           Not affected
DEBUG util.py:537:  Vulnerability Vmscape:                   Not affected
DEBUG util.py:688:  Child return code was: 0
DEBUG util.py:717:  child environment: None
DEBUG util.py:636:  Executing command: ['/bin/free', '--human'] with env {'TERM': 'vt100', 'SHELL': '/bin/sh', 'HOME': '/builddir', 'HOSTNAME': 'mock', 'PATH': '/usr/bin:/bin:/usr/sbin:/sbin', 'LANG': 'C.UTF-8'} and shell False
DEBUG util.py:537:                 total        used        free      shared  buff/cache   available
DEBUG util.py:537:  Mem:            15Gi       3.4Gi       3.0Gi       141Mi       9.7Gi        12Gi
DEBUG util.py:537:  Swap:             0B          0B          0B
DEBUG util.py:688:  Child return code was: 0
DEBUG util.py:717:  child environment: None
DEBUG util.py:636:  Executing command: ['/bin/df', '-H', '-T', '/var/lib/mock/xCAT-genesis-base-opensuse-leap-15.6-x86_64/root', '/var/cache/mock'] with env {'TERM': 'vt100', 'SHELL': '/bin/sh', 'HOME': '/builddir', 'HOSTNAME': 'mock', 'PATH': '/usr/bin:/bin:/usr/sbin:/sbin', 'LANG': 'C.UTF-8'} and shell False
DEBUG util.py:537:  Filesystem     Type  Size  Used Avail Use% Mounted on
DEBUG util.py:537:  /dev/vda4      xfs   216G  154G   62G  72% /
DEBUG util.py:537:  /dev/vda4      xfs   216G  154G   62G  72% /
DEBUG util.py:688:  Child return code was: 0
DEBUG buildroot.py:760:  create skeleton dirs
DEBUG file_util.py:17:  ensuring that dir exists: /var/lib/mock/xCAT-genesis-base-opensuse-leap-15.6-x86_64/root/var/lib/rpm
DEBUG file_util.py:17:  ensuring that dir exists: /var/lib/mock/xCAT-genesis-base-opensuse-leap-15.6-x86_64/root/var/lib/yum
DEBUG file_util.py:17:  ensuring that dir exists: /var/lib/mock/xCAT-genesis-base-opensuse-leap-15.6-x86_64/root/var/lib/dbus
DEBUG file_util.py:17:  ensuring that dir exists: /var/lib/mock/xCAT-genesis-base-opensuse-leap-15.6-x86_64/root/var/log
DEBUG file_util.py:17:  ensuring that dir exists: /var/lib/mock/xCAT-genesis-base-opensuse-leap-15.6-x86_64/root/var/cache/dnf
DEBUG file_util.py:17:  ensuring that dir exists: /var/lib/mock/xCAT-genesis-base-opensuse-leap-15.6-x86_64/root/var/cache/yum
DEBUG file_util.py:17:  ensuring that dir exists: /var/lib/mock/xCAT-genesis-base-opensuse-leap-15.6-x86_64/root/etc/rpm
DEBUG file_util.py:17:  ensuring that dir exists: /var/lib/mock/xCAT-genesis-base-opensuse-leap-15.6-x86_64/root/tmp
DEBUG file_util.py:17:  ensuring that dir exists: /var/lib/mock/xCAT-genesis-base-opensuse-leap-15.6-x86_64/root/tmp/ccache
DEBUG file_util.py:17:  ensuring that dir exists: /var/lib/mock/xCAT-genesis-base-opensuse-leap-15.6-x86_64/root/var/tmp
DEBUG file_util.py:17:  ensuring that dir exists: /var/lib/mock/xCAT-genesis-base-opensuse-leap-15.6-x86_64/root/etc/dnf
DEBUG file_util.py:17:  ensuring that dir exists: /var/lib/mock/xCAT-genesis-base-opensuse-leap-15.6-x86_64/root/etc/dnf/vars
DEBUG file_util.py:17:  ensuring that dir exists: /var/lib/mock/xCAT-genesis-base-opensuse-leap-15.6-x86_64/root/etc/yum.repos.d
DEBUG file_util.py:20:  created dir: /var/lib/mock/xCAT-genesis-base-opensuse-leap-15.6-x86_64/root/etc/yum.repos.d
DEBUG file_util.py:17:  ensuring that dir exists: /var/lib/mock/xCAT-genesis-base-opensuse-leap-15.6-x86_64/root/etc/yum
DEBUG file_util.py:17:  ensuring that dir exists: /var/lib/mock/xCAT-genesis-base-opensuse-leap-15.6-x86_64/root/proc
DEBUG file_util.py:17:  ensuring that dir exists: /var/lib/mock/xCAT-genesis-base-opensuse-leap-15.6-x86_64/root/sys
DEBUG file_util.py:17:  ensuring that dir exists: /var/lib/mock/xCAT-genesis-base-opensuse-leap-15.6-x86_64/root/run/lock
DEBUG file_util.py:17:  ensuring that dir exists: /var/lib/mock/xCAT-genesis-base-opensuse-leap-15.6-x86_64/root/dev/pts
DEBUG file_util.py:20:  created dir: /var/lib/mock/xCAT-genesis-base-opensuse-leap-15.6-x86_64/root/dev/pts
DEBUG file_util.py:17:  ensuring that dir exists: /var/lib/mock/xCAT-genesis-base-opensuse-leap-15.6-x86_64/root/dev/shm
DEBUG file_util.py:20:  created dir: /var/lib/mock/xCAT-genesis-base-opensuse-leap-15.6-x86_64/root/dev/shm
DEBUG file_util.py:17:  ensuring that dir exists: /var/lib/mock/xCAT-genesis-base-opensuse-leap-15.6-x86_64/root/dev/mapper
DEBUG file_util.py:20:  created dir: /var/lib/mock/xCAT-genesis-base-opensuse-leap-15.6-x86_64/root/dev/mapper
DEBUG buildroot.py:904:  kernel version == 6.12.0-211.7.3.el10_2.x86_64
DEBUG file_util.py:29:  touching file: /var/lib/mock/xCAT-genesis-base-opensuse-leap-15.6-x86_64/root/etc/fstab
DEBUG file_util.py:29:  touching file: /var/lib/mock/xCAT-genesis-base-opensuse-leap-15.6-x86_64/root/etc/yum/yum.conf
DEBUG file_util.py:29:  touching file: /var/lib/mock/xCAT-genesis-base-opensuse-leap-15.6-x86_64/root/etc/dnf/dnf.conf
DEBUG file_util.py:29:  touching file: /var/lib/mock/xCAT-genesis-base-opensuse-leap-15.6-x86_64/root/var/log/yum.log
DEBUG buildroot.py:335:  rootdir = /var/lib/mock/xCAT-genesis-base-opensuse-leap-15.6-x86_64/root
DEBUG buildroot.py:336:  resultdir = dist/opensuse-leap-15.6-x86_64/rpms/SRPMS/
INFO buildroot.py:183:  Package manager dnf4 detected and used (direct choice)
DEBUG file_util.py:17:  ensuring that dir exists: /var/lib/mock/xCAT-genesis-base-opensuse-leap-15.6-x86_64/root/etc/pki/mock
DEBUG package_manager.py:406:  copying CA trust dir into chroot: /etc/pki/ca-trust => /etc/pki/ca-trust
DEBUG file_util.py:191:  Updating files in /var/lib/mock/xCAT-genesis-base-opensuse-leap-15.6-x86_64/root/etc/pki/ca-trust with files from /etc/pki/ca-trust
DEBUG file_util.py:17:  ensuring that dir exists: /var/lib/mock/xCAT-genesis-base-opensuse-leap-15.6-x86_64/root/etc/pki/ca-trust
DEBUG file_util.py:17:  ensuring that dir exists: /var/lib/mock/xCAT-genesis-base-opensuse-leap-15.6-x86_64/root/etc/pki/ca-trust/./extracted
DEBUG file_util.py:17:  ensuring that dir exists: /var/lib/mock/xCAT-genesis-base-opensuse-leap-15.6-x86_64/root/etc/pki/ca-trust/./source
DEBUG file_util.py:17:  ensuring that dir exists: /var/lib/mock/xCAT-genesis-base-opensuse-leap-15.6-x86_64/root/etc/pki/ca-trust/extracted/edk2
DEBUG file_util.py:17:  ensuring that dir exists: /var/lib/mock/xCAT-genesis-base-opensuse-leap-15.6-x86_64/root/etc/pki/ca-trust/extracted/java
DEBUG file_util.py:17:  ensuring that dir exists: /var/lib/mock/xCAT-genesis-base-opensuse-leap-15.6-x86_64/root/etc/pki/ca-trust/extracted/openssl
DEBUG file_util.py:17:  ensuring that dir exists: /var/lib/mock/xCAT-genesis-base-opensuse-leap-15.6-x86_64/root/etc/pki/ca-trust/extracted/pem
DEBUG file_util.py:17:  ensuring that dir exists: /var/lib/mock/xCAT-genesis-base-opensuse-leap-15.6-x86_64/root/etc/pki/ca-trust/extracted/pem/directory-hash
DEBUG file_util.py:17:  ensuring that dir exists: /var/lib/mock/xCAT-genesis-base-opensuse-leap-15.6-x86_64/root/etc/pki/ca-trust/source/anchors
DEBUG file_util.py:17:  ensuring that dir exists: /var/lib/mock/xCAT-genesis-base-opensuse-leap-15.6-x86_64/root/etc/pki/ca-trust/source/blocklist
DEBUG package_manager.py:406:  copying CA trust dir into chroot: /usr/share/pki/ca-trust-source => /usr/share/pki/ca-trust-source
DEBUG file_util.py:191:  Updating files in /var/lib/mock/xCAT-genesis-base-opensuse-leap-15.6-x86_64/root/usr/share/pki/ca-trust-source with files from /usr/share/pki/ca-trust-source
DEBUG file_util.py:17:  ensuring that dir exists: /var/lib/mock/xCAT-genesis-base-opensuse-leap-15.6-x86_64/root/usr/share/pki/ca-trust-source
DEBUG file_util.py:17:  ensuring that dir exists: /var/lib/mock/xCAT-genesis-base-opensuse-leap-15.6-x86_64/root/usr/share/pki/ca-trust-source/./anchors
DEBUG file_util.py:17:  ensuring that dir exists: /var/lib/mock/xCAT-genesis-base-opensuse-leap-15.6-x86_64/root/usr/share/pki/ca-trust-source/./blocklist
DEBUG package_manager.py:412:  copying CA bundle into chroot
DEBUG file_util.py:17:  ensuring that dir exists: /var/lib/mock/xCAT-genesis-base-opensuse-leap-15.6-x86_64/root/var/lib/ca-certificates
DEBUG file_util.py:17:  ensuring that dir exists: /var/lib/mock/xCAT-genesis-base-opensuse-leap-15.6-x86_64/root/etc/dnf
DEBUG package_manager.py:693:  configure DNF vars
DEBUG file_util.py:17:  ensuring that dir exists: /var/lib/mock/xCAT-genesis-base-opensuse-leap-15.6-x86_64/root/var/cache/yum
DEBUG util.py:717:  child environment: None
DEBUG util.py:636:  Executing command: ['/bin/mount', '-n', '-o', 'bind', '/var/cache/mock/xCAT-genesis-base-opensuse-leap-15.6-x86_64/yum_cache', '/var/lib/mock/xCAT-genesis-base-opensuse-leap-15.6-x86_64/root/var/cache/yum'] with env {'TERM': 'vt100', 'SHELL': '/bin/sh', 'HOME': '/builddir', 'HOSTNAME': 'mock', 'PATH': '/usr/bin:/bin:/usr/sbin:/sbin', 'LANG': 'C.UTF-8'} and shell False
DEBUG util.py:688:  Child return code was: 0
DEBUG file_util.py:17:  ensuring that dir exists: /var/lib/mock/xCAT-genesis-base-opensuse-leap-15.6-x86_64/root/var/cache/dnf
DEBUG util.py:717:  child environment: None
DEBUG util.py:636:  Executing command: ['/bin/mount', '-n', '-o', 'bind', '/var/cache/mock/xCAT-genesis-base-opensuse-leap-15.6-x86_64/dnf_cache', '/var/lib/mock/xCAT-genesis-base-opensuse-leap-15.6-x86_64/root/var/cache/dnf'] with env {'TERM': 'vt100', 'SHELL': '/bin/sh', 'HOME': '/builddir', 'HOSTNAME': 'mock', 'PATH': '/usr/bin:/bin:/usr/sbin:/sbin', 'LANG': 'C.UTF-8'} and shell False
DEBUG util.py:688:  Child return code was: 0
DEBUG file_util.py:29:  touching file: /var/lib/mock/xCAT-genesis-base-opensuse-leap-15.6-x86_64/root/etc/resolv.conf
DEBUG util.py:717:  child environment: None
DEBUG util.py:631:  Using nspawn with args None
DEBUG util.py:636:  Executing command: ['/usr/bin/systemd-nspawn', '-q', '-M', '9553168fa30d48649906aa88dd645ce4', '-D', '/var/lib/mock/xCAT-genesis-base-opensuse-leap-15.6-x86_64-bootstrap/root', '-a', '--console=pipe', '--setenv=TERM=vt100', '--setenv=SHELL=/bin/sh', '--setenv=HOME=/builddir', '--setenv=HOSTNAME=mock', '--setenv=PATH=/usr/bin:/bin:/usr/sbin:/sbin', '--setenv=LANG=C.UTF-8', 'rpm', '-q', 'rpm', 'rpm-sequoia', 'python3-dnf', 'python3-dnf-plugins-core', 'yum', 'yum-utils', 'dnf5', 'dnf5-plugins'] with env {'TERM': 'vt100', 'SHELL': '/bin/sh', 'HOME': '/builddir', 'HOSTNAME': 'mock', 'PATH': '/usr/bin:/bin:/usr/sbin:/sbin', 'LANG': 'C.UTF-8', 'SYSTEMD_NSPAWN_TMPFS_TMP': '0', 'SYSTEMD_SECCOMP': '0'} and shell False
DEBUG util.py:537:  rpm-4.14.3-150400.59.16.1.x86_64
DEBUG util.py:537:  package rpm-sequoia is not installed
DEBUG util.py:537:  python3-dnf-4.10.0-bp156.4.2.noarch
DEBUG util.py:537:  python3-dnf-plugins-core-4.0.24-bp156.3.1.noarch
DEBUG util.py:537:  package yum is not installed
DEBUG util.py:537:  package yum-utils is not installed
DEBUG util.py:537:  package dnf5 is not installed
DEBUG util.py:537:  package dnf5-plugins is not installed
DEBUG util.py:688:  Child return code was: 5
INFO package_manager.py:202:  Buildroot is handled by package management downloaded with a bootstrap image:
  rpm-4.14.3-150400.59.16.1.x86_64
  python3-dnf-4.10.0-bp156.4.2.noarch
  python3-dnf-plugins-core-4.0.24-bp156.3.1.noarch
DEBUG file_util.py:17:  ensuring that dir exists: /var/lib/mock/xCAT-genesis-base-opensuse-leap-15.6-x86_64-bootstrap/root/var/lib/mock/xCAT-genesis-base-opensuse-leap-15.6-x86_64/root
DEBUG util.py:717:  child environment: None
DEBUG util.py:636:  Executing command: ['/bin/mount', '-n', '-t', 'tmpfs', '-o', 'private,mode=0755', 'tmpfs', '/var/lib/mock/xCAT-genesis-base-opensuse-leap-15.6-x86_64-bootstrap/root/var/lib/mock/xCAT-genesis-base-opensuse-leap-15.6-x86_64/root'] with env {'TERM': 'vt100', 'SHELL': '/bin/sh', 'HOME': '/builddir', 'HOSTNAME': 'mock', 'PATH': '/usr/bin:/bin:/usr/sbin:/sbin', 'LANG': 'C.UTF-8'} and shell False
DEBUG util.py:688:  Child return code was: 0
DEBUG file_util.py:17:  ensuring that dir exists: /var/lib/mock/xCAT-genesis-base-opensuse-leap-15.6-x86_64-bootstrap/root/var/lib/mock/xCAT-genesis-base-opensuse-leap-15.6-x86_64/root
DEBUG util.py:717:  child environment: None
DEBUG util.py:636:  Executing command: ['/bin/mount', '-n', '-o', 'rbind', '/var/lib/mock/xCAT-genesis-base-opensuse-leap-15.6-x86_64/root', '/var/lib/mock/xCAT-genesis-base-opensuse-leap-15.6-x86_64-bootstrap/root/var/lib/mock/xCAT-genesis-base-opensuse-leap-15.6-x86_64/root'] with env {'TERM': 'vt100', 'SHELL': '/bin/sh', 'HOME': '/builddir', 'HOSTNAME': 'mock', 'PATH': '/usr/bin:/bin:/usr/sbin:/sbin', 'LANG': 'C.UTF-8'} and shell False
DEBUG util.py:688:  Child return code was: 0
DEBUG util.py:717:  child environment: None
DEBUG util.py:636:  Executing command: ['/bin/mount', '-n', '-o', 'remount,private,rbind', '--target', '/var/lib/mock/xCAT-genesis-base-opensuse-leap-15.6-x86_64-bootstrap/root/var/lib/mock/xCAT-genesis-base-opensuse-leap-15.6-x86_64/root'] with env {'TERM': 'vt100', 'SHELL': '/bin/sh', 'HOME': '/builddir', 'HOSTNAME': 'mock', 'PATH': '/usr/bin:/bin:/usr/sbin:/sbin', 'LANG': 'C.UTF-8'} and shell False
DEBUG util.py:688:  Child return code was: 0
DEBUG util.py:717:  child environment: None
DEBUG util.py:631:  Using nspawn with args ['--capability=cap_ipc_lock', '--resolv-conf=off']
DEBUG util.py:636:  Executing command: ['/usr/bin/systemd-nspawn', '-q', '-M', '63405304e1824c1db19f33288d331b1e', '-D', '/var/lib/mock/xCAT-genesis-base-opensuse-leap-15.6-x86_64-bootstrap/root', '-a', '--capability=cap_ipc_lock', '--resolv-conf=off', '--console=pipe', '--setenv=TERM=vt100', '--setenv=SHELL=/bin/bash', '--setenv=HOME=/builddir', '--setenv=HOSTNAME=mock', '--setenv=PATH=/usr/bin:/bin:/usr/sbin:/sbin', '--setenv=PROMPT_COMMAND=printf "\\033]0;<mock-chroot>\\007"', '--setenv=PS1=<mock-chroot> \\s-\\v\\$ ', '--setenv=LANG=C.UTF-8', '--setenv=SOURCE_DATE_EPOCH=1789750463', '/bin/rpm', '-qa', '--root', '/var/lib/mock/xCAT-genesis-base-opensuse-leap-15.6-x86_64/root'] with env {'TERM': 'vt100', 'SHELL': '/bin/bash', 'HOME': '/builddir', 'HOSTNAME': 'mock', 'PATH': '/usr/bin:/bin:/usr/sbin:/sbin', 'PROMPT_COMMAND': 'printf "\\033]0;<mock-chroot>\\007"', 'PS1': '<mock-chroot> \\s-\\v\\$ ', 'LANG': 'C.UTF-8', 'SOURCE_DATE_EPOCH': '1789750463', 'SYSTEMD_NSPAWN_TMPFS_TMP': '0', 'SYSTEMD_SECCOMP': '0'} and shell False
DEBUG util.py:537:  gpg-pubkey-25db7ae0-645bae34
DEBUG util.py:537:  gpg-pubkey-3fa1d6ce-63c9481c
DEBUG util.py:537:  filesystem-15.0-11.8.1.x86_64
DEBUG util.py:537:  boost-license1_66_0-1.66.0-150200.12.7.1.noarch
DEBUG util.py:537:  libssh-config-0.9.8-150600.11.12.1.x86_64
DEBUG util.py:537:  libldap-data-2.4.46-150600.25.3.1.noarch
DEBUG util.py:537:  openSUSE-release-appliance-custom-15.6-lp156.417.4.1.x86_64
DEBUG util.py:537:  libsemanage-conf-3.5-150600.1.48.x86_64
DEBUG util.py:537:  fillup-1.42-2.18.x86_64
DEBUG util.py:537:  bash-4.4-150400.27.6.1.x86_64
DEBUG util.py:537:  terminfo-base-6.1-150000.5.30.1.x86_64
DEBUG util.py:537:  perl-base-5.26.1-150300.17.20.1.x86_64
DEBUG util.py:537:  libz1-1.2.13-150500.4.6.1.x86_64
DEBUG util.py:537:  libstdc++6-15.2.0+git10201-150000.1.9.1.x86_64
DEBUG util.py:537:  libbz2-1-1.0.8-150400.1.122.x86_64
DEBUG util.py:537:  libncurses6-6.1-150000.5.30.1.x86_64
DEBUG util.py:537:  libcap2-2.63-150400.3.3.1.x86_64
DEBUG util.py:537:  libgpg-error0-1.47-150600.1.3.x86_64
DEBUG util.py:537:  libattr1-2.4.47-2.19.x86_64
DEBUG util.py:537:  libmagic1-5.32-7.14.1.x86_64
DEBUG util.py:537:  libpcre2-8-0-10.42-150600.1.26.x86_64
DEBUG util.py:537:  coreutils-8.32-150400.9.9.1.x86_64
DEBUG util.py:537:  info-6.5-4.17.x86_64
DEBUG util.py:537:  libpopt0-1.16-3.22.x86_64
DEBUG util.py:537:  libgcrypt20-1.10.3-150600.3.9.1.x86_64
DEBUG util.py:537:  liblua5_3-5-5.3.6-3.6.1.x86_64
DEBUG util.py:537:  grep-3.1-150000.4.6.1.x86_64
DEBUG util.py:537:  libaudit1-3.0.6-150400.4.16.1.x86_64
DEBUG util.py:537:  libxml2-2-2.10.3-150500.5.38.1.x86_64
DEBUG util.py:537:  findutils-4.8.0-150300.3.3.2.x86_64
DEBUG util.py:537:  libeconf0-0.5.2-150400.3.6.1.x86_64
DEBUG util.py:537:  netcfg-11.6-150000.3.6.1.noarch
DEBUG util.py:537:  libassuan0-2.5.5-150000.4.7.1.x86_64
DEBUG util.py:537:  libudev1-254.27-150600.4.62.1.x86_64
DEBUG util.py:537:  gawk-4.2.1-150000.3.3.1.x86_64
DEBUG util.py:537:  libmpc3-1.1.0-1.47.x86_64
DEBUG util.py:537:  systemd-presets-common-SUSE-15-150600.25.2.noarch
DEBUG util.py:537:  glibc-locale-2.38-150600.14.46.1.x86_64
DEBUG util.py:537:  pkg-config-0.29.2-150600.15.6.3.x86_64
DEBUG util.py:537:  libisl15-0.18-1.443.x86_64
DEBUG util.py:537:  cpio-2.13-150400.3.6.1.x86_64
DEBUG util.py:537:  liblz4-1-1.9.4-150600.1.4.x86_64
DEBUG util.py:537:  libdbus-1-3-1.12.2-150400.18.8.1.x86_64
DEBUG util.py:537:  libidn2-0-2.2.0-3.6.1.x86_64
DEBUG util.py:537:  libsmartcols1-2.39.3-150600.4.21.1.x86_64
DEBUG util.py:537:  libuuid1-2.39.3-150600.4.21.1.x86_64
DEBUG util.py:537:  libfdisk1-2.39.3-150600.4.21.1.x86_64
DEBUG util.py:537:  gettext-tools-0.21.1-150600.3.3.2.x86_64
DEBUG util.py:537:  libprocps8-3.3.17-150000.7.42.1.x86_64
DEBUG util.py:537:  cpp-7-3.9.1.x86_64
DEBUG util.py:537:  libxcrypt-devel-4.4.15-150300.4.7.1.x86_64
DEBUG util.py:537:  libusb-1_0-0-1.0.24-150400.3.3.1.x86_64
DEBUG util.py:537:  libnss_usrfiles2-2.25-2.12.x86_64
DEBUG util.py:537:  libsolv-tools-base-0.7.34-150600.8.19.2.x86_64
DEBUG util.py:537:  make-4.2.1-7.3.2.x86_64
DEBUG util.py:537:  libtasn1-4.13-150000.4.14.1.x86_64
DEBUG util.py:537:  glibc-devel-2.38-150600.14.46.1.x86_64
DEBUG util.py:537:  dwz-0.12-150000.3.8.1.x86_64
DEBUG util.py:537:  bzip2-1.0.8-150400.1.122.x86_64
DEBUG util.py:537:  libsigc-2_0-0-2.12.1-150600.1.2.x86_64
DEBUG util.py:537:  libyaml-cpp0_6-0.6.3-150400.4.3.1.x86_64
DEBUG util.py:537:  libboost_system1_66_0-1.66.0-150200.12.7.1.x86_64
DEBUG util.py:537:  libcilkrts5-7.5.0+r278197-150000.4.44.1.x86_64
DEBUG util.py:537:  libubsan0-7.5.0+r278197-150000.4.44.1.x86_64
DEBUG util.py:537:  libctf0-2.45-150100.7.57.1.x86_64
DEBUG util.py:537:  libffi7-3.2.1.git259-10.8.x86_64
DEBUG util.py:537:  p11-kit-0.23.22-150500.8.3.1.x86_64
DEBUG util.py:537:  libopenssl3-3.1.4-150600.5.45.1.x86_64
DEBUG util.py:537:  openssl-3.1.4-150600.2.1.noarch
DEBUG util.py:537:  ca-certificates-mozilla-2.84-150200.44.1.noarch
DEBUG util.py:537:  libkmod2-29-150600.13.3.1.x86_64
DEBUG util.py:537:  libip4tc2-1.8.7-1.1.x86_64
DEBUG util.py:537:  libmpx2-8.2.1+r264010-150000.1.6.4.x86_64
DEBUG util.py:537:  libnpth0-1.5-2.11.x86_64
DEBUG util.py:537:  libseccomp2-2.5.3-150400.2.4.x86_64
DEBUG util.py:537:  libsemanage2-3.5-150600.1.48.x86_64
DEBUG util.py:537:  libapparmor1-3.1.7-150600.5.12.2.x86_64
DEBUG util.py:537:  libbrotlicommon1-1.0.7-150200.3.5.1.x86_64
DEBUG util.py:537:  libcom_err2-1.47.0-150600.4.6.2.x86_64
DEBUG util.py:537:  libtirpc3-1.3.4-150300.3.23.1.x86_64
DEBUG util.py:537:  libssh4-0.9.8-150600.11.12.1.x86_64
DEBUG util.py:537:  libfa1-1.14.1-150600.3.3.1.x86_64
DEBUG util.py:537:  libitm1-15.2.0+git10201-150000.1.9.1.x86_64
DEBUG util.py:537:  gcc-7-3.9.1.x86_64
DEBUG util.py:537:  libnl3-200-3.9.0-150600.15.4.4.x86_64
DEBUG util.py:537:  libldap-2_4-2-2.4.46-150600.25.3.1.x86_64
DEBUG util.py:537:  libsqlite3-0-3.51.3-150000.3.39.1.x86_64
DEBUG util.py:537:  openSUSE-build-key-1.0-lp156.8.2.noarch
DEBUG util.py:537:  libgpgme11-1.23.0-150600.3.5.1.x86_64
DEBUG util.py:537:  zypper-1.14.94-150600.10.52.1.x86_64
DEBUG util.py:537:  patch-2.7.6-150000.5.9.1.x86_64
DEBUG util.py:537:  systemd-default-settings-0.10-150300.3.7.1.noarch
DEBUG util.py:537:  libcrack2-2.9.11-150600.1.90.x86_64
DEBUG util.py:537:  pam-1.3.0-150000.6.86.1.x86_64
DEBUG util.py:537:  kbd-2.4.0-150400.5.9.1.x86_64
DEBUG util.py:537:  shadow-4.17.2-150600.17.18.1.x86_64
DEBUG util.py:537:  system-group-hardware-20170617-150400.24.2.1.noarch
DEBUG util.py:537:  system-user-man-20170617-150400.24.2.1.noarch
DEBUG util.py:537:  system-user-nobody-20170617-150400.24.2.1.noarch
DEBUG util.py:537:  util-linux-2.39.3-150600.4.21.1.x86_64
DEBUG util.py:537:  systemd-254.27-150600.4.62.1.x86_64
DEBUG util.py:537:  sysconfig-0.85.10-150200.15.1.x86_64
DEBUG util.py:537:  wicked-0.6.77-150600.11.15.1.x86_64
DEBUG util.py:537:  patterns-base-base-20200505-lp156.17.3.1.x86_64
DEBUG util.py:537:  rpm-build-4.14.3-150400.59.16.1.x86_64
DEBUG util.py:537:  gpg-pubkey-29b700a4-6a17fa38
DEBUG util.py:537:  gpg-pubkey-39db7c82-66c5d91a
DEBUG util.py:537:  system-user-root-20190513-3.3.1.noarch
DEBUG util.py:537:  crypto-policies-20230920.570ea89-150600.3.16.1.noarch
DEBUG util.py:537:  branding-openSUSE-15.6.20240408-lp156.1.2.noarch
DEBUG util.py:537:  libnl-config-3.9.0-150600.15.4.4.noarch
DEBUG util.py:537:  kbd-legacy-2.4.0-150400.5.9.1.noarch
DEBUG util.py:537:  libtirpc-netconfig-1.3.4-150300.3.23.1.x86_64
DEBUG util.py:537:  file-magic-5.32-7.14.1.noarch
DEBUG util.py:537:  rpm-config-SUSE-1-150400.14.3.1.noarch
DEBUG util.py:537:  bash-sh-4.4-150400.27.6.1.x86_64
DEBUG util.py:537:  ncurses-utils-6.1-150000.5.30.1.x86_64
DEBUG util.py:537:  glibc-2.38-150600.14.46.1.x86_64
DEBUG util.py:537:  libgcc_s1-15.2.0+git10201-150000.1.9.1.x86_64
DEBUG util.py:537:  liblzma5-5.4.1-150600.3.3.1.x86_64
DEBUG util.py:537:  libzstd1-1.5.5-150600.1.3.x86_64
DEBUG util.py:537:  libcrypt1-4.4.15-150300.4.7.1.x86_64
DEBUG util.py:537:  libgmp10-6.1.2-4.9.1.x86_64
DEBUG util.py:537:  libreadline7-7.0-150400.27.6.1.x86_64
DEBUG util.py:537:  libacl1-2.2.52-4.3.1.x86_64
DEBUG util.py:537:  libelf1-0.185-150400.5.8.3.x86_64
DEBUG util.py:537:  libselinux1-3.5-150600.3.3.1.x86_64
DEBUG util.py:537:  libzio1-1.06-2.20.x86_64
DEBUG util.py:537:  diffutils-3.6-4.3.1.x86_64
DEBUG util.py:537:  libjitterentropy3-3.4.1-150000.1.12.1.x86_64
DEBUG util.py:537:  libdw1-0.185-150400.5.8.3.x86_64
DEBUG util.py:537:  libpcre1-8.45-150000.20.13.1.x86_64
DEBUG util.py:537:  rpm-4.14.3-150400.59.16.1.x86_64
DEBUG util.py:537:  permissions-20240826-150600.10.18.2.x86_64
DEBUG util.py:537:  libblkid1-2.39.3-150600.4.21.1.x86_64
DEBUG util.py:537:  xz-5.4.1-150600.3.3.1.x86_64
DEBUG util.py:537:  libmount1-2.39.3-150600.4.21.1.x86_64
DEBUG util.py:537:  sed-4.9-150600.1.4.x86_64
DEBUG util.py:537:  libmpfr6-4.0.2-3.3.1.x86_64
DEBUG util.py:537:  update-alternatives-1.19.0.4-150000.4.7.1.x86_64
DEBUG util.py:537:  openSUSE-release-15.6-lp156.417.4.1.x86_64
DEBUG util.py:537:  which-2.21-2.20.x86_64
DEBUG util.py:537:  glibc-locale-base-2.38-150600.14.46.1.x86_64
DEBUG util.py:537:  libglib-2_0-0-2.78.6-150600.4.35.1.x86_64
DEBUG util.py:537:  file-5.32-7.14.1.x86_64
DEBUG util.py:537:  cpp7-7.5.0+r278197-150000.4.44.1.x86_64
DEBUG util.py:537:  libcap-ng0-0.7.9-4.37.x86_64
DEBUG util.py:537:  libsystemd0-254.27-150600.4.62.1.x86_64
DEBUG util.py:537:  libunistring2-0.9.10-1.1.x86_64
DEBUG util.py:537:  libgomp1-15.2.0+git10201-150000.1.9.1.x86_64
DEBUG util.py:537:  libtextstyle0-0.21.1-150600.3.3.2.x86_64
DEBUG util.py:537:  login_defs-4.17.2-150600.17.18.1.noarch
DEBUG util.py:537:  gettext-runtime-0.21.1-150600.3.3.2.x86_64
DEBUG util.py:537:  libpsl5-0.20.1-150000.3.3.1.x86_64
DEBUG util.py:537:  procps-3.3.17-150000.7.42.1.x86_64
DEBUG util.py:537:  less-643-150600.3.3.1.x86_64
DEBUG util.py:537:  systemd-presets-branding-openSUSE-12.2-lp156.7.3.1.noarch
DEBUG util.py:537:  pinentry-1.1.0-4.3.1.x86_64
DEBUG util.py:537:  tar-1.34-150000.3.37.1.x86_64
DEBUG util.py:537:  gzip-1.10-150200.10.1.x86_64
DEBUG util.py:537:  libtasn1-6-4.13-150000.4.14.1.x86_64
DEBUG util.py:537:  linux-glibc-devel-6.4-150600.2.17.x86_64
DEBUG util.py:537:  systemd-rpm-macros-16-150000.7.42.1.noarch
DEBUG util.py:537:  libksba8-1.6.4-150600.1.2.x86_64
DEBUG util.py:537:  groff-1.22.4-150400.5.2.1.x86_64
DEBUG util.py:537:  libtsan0-11.3.0+git1637-150000.1.11.2.x86_64
DEBUG util.py:537:  libasan4-7.5.0+r278197-150000.4.44.1.x86_64
DEBUG util.py:537:  libboost_thread1_66_0-1.66.0-150200.12.7.1.x86_64
DEBUG util.py:537:  liblsan0-15.2.0+git10201-150000.1.9.1.x86_64
DEBUG util.py:537:  libctf-nobfd0-2.45-150100.7.57.1.x86_64
DEBUG util.py:537:  binutils-2.45-150100.7.57.1.x86_64
DEBUG util.py:537:  libp11-kit0-0.23.22-150500.8.3.1.x86_64
DEBUG util.py:537:  p11-kit-tools-0.23.22-150500.8.3.1.x86_64
DEBUG util.py:537:  openssl-3-3.1.4-150600.5.45.1.x86_64
DEBUG util.py:537:  ca-certificates-2+git20240416.98ae794-150300.4.3.3.noarch
DEBUG util.py:537:  libzck1-1.1.16-150600.9.3.x86_64
DEBUG util.py:537:  libgdbm4-1.12-1.418.x86_64
DEBUG util.py:537:  libkeyutils1-1.6.3-5.6.1.x86_64
DEBUG util.py:537:  libmpxwrappers2-8.2.1+r264010-150000.1.6.4.x86_64
DEBUG util.py:537:  libpipeline1-1.4.1-150000.3.2.1.x86_64
DEBUG util.py:537:  libsepol2-3.5-150600.1.49.x86_64
DEBUG util.py:537:  libverto1-0.2.6-3.20.x86_64
DEBUG util.py:537:  libatomic1-15.2.0+git10201-150000.1.9.1.x86_64
DEBUG util.py:537:  libbrotlidec1-1.0.7-150200.3.5.1.x86_64
DEBUG util.py:537:  krb5-1.20.1-150600.11.14.1.x86_64
DEBUG util.py:537:  libnsl2-1.2.0-2.44.x86_64
DEBUG util.py:537:  libexpat1-2.7.1-150400.3.37.1.x86_64
DEBUG util.py:537:  libaugeas0-1.14.1-150600.3.3.1.x86_64
DEBUG util.py:537:  gcc7-7.5.0+r278197-150000.4.44.1.x86_64
DEBUG util.py:537:  libnghttp2-14-1.40.0-150600.25.5.1.x86_64
DEBUG util.py:537:  libsasl2-3-2.1.28-150600.7.14.1.x86_64
DEBUG util.py:537:  libcurl4-8.14.1-150600.4.40.1.x86_64
DEBUG util.py:537:  gpg2-2.4.4-150600.3.15.1.x86_64
DEBUG util.py:537:  patterns-base-minimal_base-20200505-lp156.17.3.1.x86_64
DEBUG util.py:537:  libzypp-17.37.18-150600.3.82.1.x86_64
DEBUG util.py:537:  purge-kernels-service-0-150200.8.6.1.noarch
DEBUG util.py:537:  systemd-default-settings-branding-openSUSE-0.10-150300.3.7.1.noarch
DEBUG util.py:537:  cracklib-dict-full-2.8.12-1.22.x86_64
DEBUG util.py:537:  cracklib-2.9.11-150600.1.90.x86_64
DEBUG util.py:537:  pam-config-1.1-150600.16.8.1.x86_64
DEBUG util.py:537:  libsubid5-4.17.2-150600.17.18.1.x86_64
DEBUG util.py:537:  sysuser-shadow-3.2-150400.3.5.3.noarch
DEBUG util.py:537:  libutempter0-1.1.6-3.42.x86_64
DEBUG util.py:537:  man-2.7.6-150100.8.5.1.x86_64
DEBUG util.py:537:  dbus-1-1.12.2-150400.18.8.1.x86_64
DEBUG util.py:537:  aaa_base-84.87+git20180409.04c9dae-150300.10.28.2.x86_64
DEBUG util.py:537:  util-linux-systemd-2.39.3-150600.4.21.1.x86_64
DEBUG util.py:537:  sysconfig-netconfig-0.85.10-150200.15.1.x86_64
DEBUG util.py:537:  wicked-service-0.6.77-150600.11.15.1.x86_64
DEBUG util.py:537:  patterns-base-basesystem-20200505-lp156.17.3.1.x86_64
DEBUG util.py:537:  patterns-devel-base-devel_rpm_build-20170319-lp156.3.2.x86_64
DEBUG util.py:688:  Child return code was: 0
DEBUG util.py:200:  kill orphans in chroot /var/lib/mock/xCAT-genesis-base-opensuse-leap-15.6-x86_64/root
DEBUG util.py:200:  kill orphans in chroot /var/lib/mock/xCAT-genesis-base-opensuse-leap-15.6-x86_64-bootstrap/root/var/lib/mock/xCAT-genesis-base-opensuse-leap-15.6-x86_64/root
DEBUG util.py:717:  child environment: None
DEBUG util.py:636:  Executing command: ['/bin/umount', '-n', '-l', '/var/lib/mock/xCAT-genesis-base-opensuse-leap-15.6-x86_64-bootstrap/root/var/lib/mock/xCAT-genesis-base-opensuse-leap-15.6-x86_64/root'] with env {'TERM': 'vt100', 'SHELL': '/bin/sh', 'HOME': '/builddir', 'HOSTNAME': 'mock', 'PATH': '/usr/bin:/bin:/usr/sbin:/sbin', 'LANG': 'C.UTF-8'} and shell False
DEBUG util.py:688:  Child return code was: 0
DEBUG util.py:717:  child environment: None
DEBUG util.py:636:  Executing command: ['/bin/umount', '-n', '-l', '/var/lib/mock/xCAT-genesis-base-opensuse-leap-15.6-x86_64-bootstrap/root/var/lib/mock/xCAT-genesis-base-opensuse-leap-15.6-x86_64/root'] with env {'TERM': 'vt100', 'SHELL': '/bin/sh', 'HOME': '/builddir', 'HOSTNAME': 'mock', 'PATH': '/usr/bin:/bin:/usr/sbin:/sbin', 'LANG': 'C.UTF-8'} and shell False
DEBUG util.py:688:  Child return code was: 0
DEBUG file_util.py:17:  ensuring that dir exists: /var/lib/mock/xCAT-genesis-base-opensuse-leap-15.6-x86_64/root/proc
DEBUG util.py:717:  child environment: None
DEBUG util.py:636:  Executing command: ['/bin/mount', '-n', '-t', 'tmpfs', '-o', 'rprivate,mode=0755', 'tmpfs', '/var/lib/mock/xCAT-genesis-base-opensuse-leap-15.6-x86_64/root/proc'] with env {'TERM': 'vt100', 'SHELL': '/bin/sh', 'HOME': '/builddir', 'HOSTNAME': 'mock', 'PATH': '/usr/bin:/bin:/usr/sbin:/sbin', 'LANG': 'C.UTF-8'} and shell False
DEBUG util.py:688:  Child return code was: 0
DEBUG file_util.py:17:  ensuring that dir exists: /var/lib/mock/xCAT-genesis-base-opensuse-leap-15.6-x86_64/root/proc
DEBUG util.py:717:  child environment: None
DEBUG util.py:636:  Executing command: ['/bin/mount', '-n', '-o', 'rbind', '/proc', '/var/lib/mock/xCAT-genesis-base-opensuse-leap-15.6-x86_64/root/proc'] with env {'TERM': 'vt100', 'SHELL': '/bin/sh', 'HOME': '/builddir', 'HOSTNAME': 'mock', 'PATH': '/usr/bin:/bin:/usr/sbin:/sbin', 'LANG': 'C.UTF-8'} and shell False
DEBUG util.py:688:  Child return code was: 0
DEBUG util.py:717:  child environment: None
DEBUG util.py:636:  Executing command: ['/bin/mount', '-n', '-o', 'remount,nodev,noexec,nosuid,readonly,rprivate,rbind', '--target', '/var/lib/mock/xCAT-genesis-base-opensuse-leap-15.6-x86_64/root/proc'] with env {'TERM': 'vt100', 'SHELL': '/bin/sh', 'HOME': '/builddir', 'HOSTNAME': 'mock', 'PATH': '/usr/bin:/bin:/usr/sbin:/sbin', 'LANG': 'C.UTF-8'} and shell False
DEBUG util.py:688:  Child return code was: 0
DEBUG file_util.py:17:  ensuring that dir exists: /var/lib/mock/xCAT-genesis-base-opensuse-leap-15.6-x86_64/root/sys
DEBUG util.py:717:  child environment: None
DEBUG util.py:636:  Executing command: ['/bin/mount', '-n', '-t', 'tmpfs', '-o', 'rprivate,mode=0755', 'tmpfs', '/var/lib/mock/xCAT-genesis-base-opensuse-leap-15.6-x86_64/root/sys'] with env {'TERM': 'vt100', 'SHELL': '/bin/sh', 'HOME': '/builddir', 'HOSTNAME': 'mock', 'PATH': '/usr/bin:/bin:/usr/sbin:/sbin', 'LANG': 'C.UTF-8'} and shell False
DEBUG util.py:688:  Child return code was: 0
DEBUG file_util.py:17:  ensuring that dir exists: /var/lib/mock/xCAT-genesis-base-opensuse-leap-15.6-x86_64/root/sys
DEBUG util.py:717:  child environment: None
DEBUG util.py:636:  Executing command: ['/bin/mount', '-n', '-o', 'rbind', '/sys', '/var/lib/mock/xCAT-genesis-base-opensuse-leap-15.6-x86_64/root/sys'] with env {'TERM': 'vt100', 'SHELL': '/bin/sh', 'HOME': '/builddir', 'HOSTNAME': 'mock', 'PATH': '/usr/bin:/bin:/usr/sbin:/sbin', 'LANG': 'C.UTF-8'} and shell False
DEBUG util.py:688:  Child return code was: 0
DEBUG util.py:717:  child environment: None
DEBUG util.py:636:  Executing command: ['/bin/mount', '-n', '-o', 'remount,nodev,noexec,nosuid,readonly,rprivate,rbind', '--target', '/var/lib/mock/xCAT-genesis-base-opensuse-leap-15.6-x86_64/root/sys'] with env {'TERM': 'vt100', 'SHELL': '/bin/sh', 'HOME': '/builddir', 'HOSTNAME': 'mock', 'PATH': '/usr/bin:/bin:/usr/sbin:/sbin', 'LANG': 'C.UTF-8'} and shell False
DEBUG util.py:688:  Child return code was: 0
DEBUG file_util.py:17:  ensuring that dir exists: /var/lib/mock/xCAT-genesis-base-opensuse-leap-15.6-x86_64/root/dev/shm
DEBUG util.py:717:  child environment: None
DEBUG util.py:636:  Executing command: ['/bin/mount', '-n', '-t', 'tmpfs', 'tmpfs', '/var/lib/mock/xCAT-genesis-base-opensuse-leap-15.6-x86_64/root/dev/shm'] with env {'TERM': 'vt100', 'SHELL': '/bin/sh', 'HOME': '/builddir', 'HOSTNAME': 'mock', 'PATH': '/usr/bin:/bin:/usr/sbin:/sbin', 'LANG': 'C.UTF-8'} and shell False
DEBUG util.py:688:  Child return code was: 0
DEBUG file_util.py:17:  ensuring that dir exists: /var/lib/mock/xCAT-genesis-base-opensuse-leap-15.6-x86_64/root/dev/pts
DEBUG util.py:717:  child environment: None
DEBUG util.py:636:  Executing command: ['/bin/mount', '-n', '-t', 'devpts', '-o', 'gid=5,mode=0620,ptmxmode=0666,newinstance', 'devpts', '/var/lib/mock/xCAT-genesis-base-opensuse-leap-15.6-x86_64/root/dev/pts'] with env {'TERM': 'vt100', 'SHELL': '/bin/sh', 'HOME': '/builddir', 'HOSTNAME': 'mock', 'PATH': '/usr/bin:/bin:/usr/sbin:/sbin', 'LANG': 'C.UTF-8'} and shell False
DEBUG util.py:688:  Child return code was: 0
DEBUG file_util.py:17:  ensuring that dir exists: /var/lib/mock/xCAT-genesis-base-opensuse-leap-15.6-x86_64-bootstrap/root/var/lib/mock/xCAT-genesis-base-opensuse-leap-15.6-x86_64/root
DEBUG util.py:717:  child environment: None
DEBUG util.py:636:  Executing command: ['/bin/mount', '-n', '-t', 'tmpfs', '-o', 'private,mode=0755', 'tmpfs', '/var/lib/mock/xCAT-genesis-base-opensuse-leap-15.6-x86_64-bootstrap/root/var/lib/mock/xCAT-genesis-base-opensuse-leap-15.6-x86_64/root'] with env {'TERM': 'vt100', 'SHELL': '/bin/sh', 'HOME': '/builddir', 'HOSTNAME': 'mock', 'PATH': '/usr/bin:/bin:/usr/sbin:/sbin', 'LANG': 'C.UTF-8'} and shell False
DEBUG util.py:688:  Child return code was: 0
DEBUG file_util.py:17:  ensuring that dir exists: /var/lib/mock/xCAT-genesis-base-opensuse-leap-15.6-x86_64-bootstrap/root/var/lib/mock/xCAT-genesis-base-opensuse-leap-15.6-x86_64/root
DEBUG util.py:717:  child environment: None
DEBUG util.py:636:  Executing command: ['/bin/mount', '-n', '-o', 'rbind', '/var/lib/mock/xCAT-genesis-base-opensuse-leap-15.6-x86_64/root', '/var/lib/mock/xCAT-genesis-base-opensuse-leap-15.6-x86_64-bootstrap/root/var/lib/mock/xCAT-genesis-base-opensuse-leap-15.6-x86_64/root'] with env {'TERM': 'vt100', 'SHELL': '/bin/sh', 'HOME': '/builddir', 'HOSTNAME': 'mock', 'PATH': '/usr/bin:/bin:/usr/sbin:/sbin', 'LANG': 'C.UTF-8'} and shell False
DEBUG util.py:688:  Child return code was: 0
DEBUG util.py:717:  child environment: None
DEBUG util.py:636:  Executing command: ['/bin/mount', '-n', '-o', 'remount,private,rbind', '--target', '/var/lib/mock/xCAT-genesis-base-opensuse-leap-15.6-x86_64-bootstrap/root/var/lib/mock/xCAT-genesis-base-opensuse-leap-15.6-x86_64/root'] with env {'TERM': 'vt100', 'SHELL': '/bin/sh', 'HOME': '/builddir', 'HOSTNAME': 'mock', 'PATH': '/usr/bin:/bin:/usr/sbin:/sbin', 'LANG': 'C.UTF-8'} and shell False
DEBUG util.py:688:  Child return code was: 0
DEBUG file_util.py:17:  ensuring that dir exists: /var/lib/mock/xCAT-genesis-base-opensuse-leap-15.6-x86_64/root/installation-homedir
DEBUG package_manager.py:296:  ['/usr/bin/dnf-3', '--installroot', '/var/lib/mock/xCAT-genesis-base-opensuse-leap-15.6-x86_64/root/', '-y', '--releasever', '15.6', '--setopt=deltarpm=False', '--setopt=allow_vendor_change=yes', '--allowerasing', '--disableplugin=local', '--disableplugin=spacewalk', '--disableplugin=versionlock', 'update']
DEBUG util.py:717:  child environment: None
DEBUG util.py:631:  Using nspawn with args ['--capability=cap_ipc_lock', '--resolv-conf=off']
DEBUG util.py:636:  Executing command: ['/usr/bin/systemd-nspawn', '-q', '-M', 'b0efc8474c464c8195a0c0a647897e91', '-D', '/var/lib/mock/xCAT-genesis-base-opensuse-leap-15.6-x86_64-bootstrap/root', '-a', '--capability=cap_ipc_lock', '--resolv-conf=off', '--console=pipe', '--setenv=TERM=vt100', '--setenv=SHELL=/bin/bash', '--setenv=HOME=/var/lib/mock/xCAT-genesis-base-opensuse-leap-15.6-x86_64/root/installation-homedir', '--setenv=HOSTNAME=mock', '--setenv=PATH=/usr/bin:/bin:/usr/sbin:/sbin', '--setenv=PROMPT_COMMAND=printf "\\033]0;<mock-chroot>\\007"', '--setenv=PS1=<mock-chroot> \\s-\\v\\$ ', '--setenv=LANG=C.UTF-8', '--setenv=SOURCE_DATE_EPOCH=1789750463', '--setenv=LC_MESSAGES=C.UTF-8', '/usr/bin/dnf-3', '--installroot', '/var/lib/mock/xCAT-genesis-base-opensuse-leap-15.6-x86_64/root/', '-y', '--releasever', '15.6', '--setopt=deltarpm=False', '--setopt=allow_vendor_change=yes', '--allowerasing', '--disableplugin=local', '--disableplugin=spacewalk', '--disableplugin=versionlock', 'update'] with env {'TERM': 'vt100', 'SHELL': '/bin/bash', 'HOME': '/var/lib/mock/xCAT-genesis-base-opensuse-leap-15.6-x86_64/root/installation-homedir', 'HOSTNAME': 'mock', 'PATH': '/usr/bin:/bin:/usr/sbin:/sbin', 'PROMPT_COMMAND': 'printf "\\033]0;<mock-chroot>\\007"', 'PS1': '<mock-chroot> \\s-\\v\\$ ', 'LANG': 'C.UTF-8', 'SOURCE_DATE_EPOCH': '1789750463', 'LC_MESSAGES': 'C.UTF-8', 'SYSTEMD_NSPAWN_TMPFS_TMP': '0', 'SYSTEMD_SECCOMP': '0'} and shell False
DEBUG util.py:535:  No matches found for the following disable plugin patterns: local, spacewalk, versionlock
DEBUG util.py:537:  openSUSE Leap 15.6 - x86_64 - OSS                54 kB/s |  11 kB     00:00    
DEBUG util.py:537:  openSUSE Leap 15.6 - x86_64 - OSS - Updates     134 kB/s | 3.1 kB     00:00    
DEBUG util.py:537:  openSUSE Leap 15.6 - x86_64 - Updates from SUSE 135 kB/s | 3.1 kB     00:00    
DEBUG util.py:537:  openSUSE Leap 15.6 - x86_64 - Updates from Back 135 kB/s | 3.1 kB     00:00    
DEBUG util.py:537:  Dependencies resolved.
DEBUG util.py:537:  Nothing to do.
DEBUG util.py:537:  Complete!
DEBUG util.py:688:  Child return code was: 0
DEBUG util.py:200:  kill orphans in chroot /var/lib/mock/xCAT-genesis-base-opensuse-leap-15.6-x86_64/root
DEBUG util.py:200:  kill orphans in chroot /var/lib/mock/xCAT-genesis-base-opensuse-leap-15.6-x86_64-bootstrap/root/var/lib/mock/xCAT-genesis-base-opensuse-leap-15.6-x86_64/root
DEBUG util.py:717:  child environment: None
DEBUG util.py:636:  Executing command: ['/bin/umount', '-n', '-l', '/var/lib/mock/xCAT-genesis-base-opensuse-leap-15.6-x86_64-bootstrap/root/var/lib/mock/xCAT-genesis-base-opensuse-leap-15.6-x86_64/root'] with env {'TERM': 'vt100', 'SHELL': '/bin/sh', 'HOME': '/builddir', 'HOSTNAME': 'mock', 'PATH': '/usr/bin:/bin:/usr/sbin:/sbin', 'LANG': 'C.UTF-8'} and shell False
DEBUG util.py:688:  Child return code was: 0
DEBUG util.py:717:  child environment: None
DEBUG util.py:636:  Executing command: ['/bin/umount', '-n', '-l', '/var/lib/mock/xCAT-genesis-base-opensuse-leap-15.6-x86_64-bootstrap/root/var/lib/mock/xCAT-genesis-base-opensuse-leap-15.6-x86_64/root'] with env {'TERM': 'vt100', 'SHELL': '/bin/sh', 'HOME': '/builddir', 'HOSTNAME': 'mock', 'PATH': '/usr/bin:/bin:/usr/sbin:/sbin', 'LANG': 'C.UTF-8'} and shell False
DEBUG util.py:688:  Child return code was: 0
DEBUG util.py:717:  child environment: None
DEBUG util.py:636:  Executing command: ['/bin/umount', '-n', '-l', '/var/lib/mock/xCAT-genesis-base-opensuse-leap-15.6-x86_64/root/dev/pts'] with env {'TERM': 'vt100', 'SHELL': '/bin/sh', 'HOME': '/builddir', 'HOSTNAME': 'mock', 'PATH': '/usr/bin:/bin:/usr/sbin:/sbin', 'LANG': 'C.UTF-8'} and shell False
DEBUG util.py:688:  Child return code was: 0
DEBUG util.py:717:  child environment: None
DEBUG util.py:636:  Executing command: ['/bin/umount', '-n', '-l', '/var/lib/mock/xCAT-genesis-base-opensuse-leap-15.6-x86_64/root/dev/shm'] with env {'TERM': 'vt100', 'SHELL': '/bin/sh', 'HOME': '/builddir', 'HOSTNAME': 'mock', 'PATH': '/usr/bin:/bin:/usr/sbin:/sbin', 'LANG': 'C.UTF-8'} and shell False
DEBUG util.py:688:  Child return code was: 0
DEBUG util.py:717:  child environment: None
DEBUG util.py:636:  Executing command: ['/bin/umount', '-n', '-l', '/var/lib/mock/xCAT-genesis-base-opensuse-leap-15.6-x86_64/root/sys'] with env {'TERM': 'vt100', 'SHELL': '/bin/sh', 'HOME': '/builddir', 'HOSTNAME': 'mock', 'PATH': '/usr/bin:/bin:/usr/sbin:/sbin', 'LANG': 'C.UTF-8'} and shell False
DEBUG util.py:688:  Child return code was: 0
DEBUG util.py:717:  child environment: None
DEBUG util.py:636:  Executing command: ['/bin/umount', '-n', '-l', '/var/lib/mock/xCAT-genesis-base-opensuse-leap-15.6-x86_64/root/sys'] with env {'TERM': 'vt100', 'SHELL': '/bin/sh', 'HOME': '/builddir', 'HOSTNAME': 'mock', 'PATH': '/usr/bin:/bin:/usr/sbin:/sbin', 'LANG': 'C.UTF-8'} and shell False
DEBUG util.py:688:  Child return code was: 0
DEBUG util.py:717:  child environment: None
DEBUG util.py:636:  Executing command: ['/bin/umount', '-n', '-l', '/var/lib/mock/xCAT-genesis-base-opensuse-leap-15.6-x86_64/root/proc'] with env {'TERM': 'vt100', 'SHELL': '/bin/sh', 'HOME': '/builddir', 'HOSTNAME': 'mock', 'PATH': '/usr/bin:/bin:/usr/sbin:/sbin', 'LANG': 'C.UTF-8'} and shell False
DEBUG util.py:688:  Child return code was: 0
DEBUG util.py:717:  child environment: None
DEBUG util.py:636:  Executing command: ['/bin/umount', '-n', '-l', '/var/lib/mock/xCAT-genesis-base-opensuse-leap-15.6-x86_64/root/proc'] with env {'TERM': 'vt100', 'SHELL': '/bin/sh', 'HOME': '/builddir', 'HOSTNAME': 'mock', 'PATH': '/usr/bin:/bin:/usr/sbin:/sbin', 'LANG': 'C.UTF-8'} and shell False
DEBUG util.py:688:  Child return code was: 0
DEBUG file_util.py:17:  ensuring that dir exists: /var/lib/mock/xCAT-genesis-base-opensuse-leap-15.6-x86_64-bootstrap/root/var/lib/mock/xCAT-genesis-base-opensuse-leap-15.6-x86_64/root
DEBUG util.py:717:  child environment: None
DEBUG util.py:636:  Executing command: ['/bin/mount', '-n', '-t', 'tmpfs', '-o', 'private,mode=0755', 'tmpfs', '/var/lib/mock/xCAT-genesis-base-opensuse-leap-15.6-x86_64-bootstrap/root/var/lib/mock/xCAT-genesis-base-opensuse-leap-15.6-x86_64/root'] with env {'TERM': 'vt100', 'SHELL': '/bin/sh', 'HOME': '/builddir', 'HOSTNAME': 'mock', 'PATH': '/usr/bin:/bin:/usr/sbin:/sbin', 'LANG': 'C.UTF-8'} and shell False
DEBUG util.py:688:  Child return code was: 0
DEBUG file_util.py:17:  ensuring that dir exists: /var/lib/mock/xCAT-genesis-base-opensuse-leap-15.6-x86_64-bootstrap/root/var/lib/mock/xCAT-genesis-base-opensuse-leap-15.6-x86_64/root
DEBUG util.py:717:  child environment: None
DEBUG util.py:636:  Executing command: ['/bin/mount', '-n', '-o', 'rbind', '/var/lib/mock/xCAT-genesis-base-opensuse-leap-15.6-x86_64/root', '/var/lib/mock/xCAT-genesis-base-opensuse-leap-15.6-x86_64-bootstrap/root/var/lib/mock/xCAT-genesis-base-opensuse-leap-15.6-x86_64/root'] with env {'TERM': 'vt100', 'SHELL': '/bin/sh', 'HOME': '/builddir', 'HOSTNAME': 'mock', 'PATH': '/usr/bin:/bin:/usr/sbin:/sbin', 'LANG': 'C.UTF-8'} and shell False
DEBUG util.py:688:  Child return code was: 0
DEBUG util.py:717:  child environment: None
DEBUG util.py:636:  Executing command: ['/bin/mount', '-n', '-o', 'remount,private,rbind', '--target', '/var/lib/mock/xCAT-genesis-base-opensuse-leap-15.6-x86_64-bootstrap/root/var/lib/mock/xCAT-genesis-base-opensuse-leap-15.6-x86_64/root'] with env {'TERM': 'vt100', 'SHELL': '/bin/sh', 'HOME': '/builddir', 'HOSTNAME': 'mock', 'PATH': '/usr/bin:/bin:/usr/sbin:/sbin', 'LANG': 'C.UTF-8'} and shell False
DEBUG util.py:688:  Child return code was: 0
DEBUG util.py:717:  child environment: None
DEBUG util.py:631:  Using nspawn with args ['--capability=cap_ipc_lock', '--resolv-conf=off']
DEBUG util.py:636:  Executing command: ['/usr/bin/systemd-nspawn', '-q', '-M', '26cfa62f45514ce8845b0656cfbbe073', '-D', '/var/lib/mock/xCAT-genesis-base-opensuse-leap-15.6-x86_64-bootstrap/root', '-a', '--capability=cap_ipc_lock', '--resolv-conf=off', '--console=pipe', '--setenv=TERM=vt100', '--setenv=SHELL=/bin/bash', '--setenv=HOME=/builddir', '--setenv=HOSTNAME=mock', '--setenv=PATH=/usr/bin:/bin:/usr/sbin:/sbin', '--setenv=PROMPT_COMMAND=printf "\\033]0;<mock-chroot>\\007"', '--setenv=PS1=<mock-chroot> \\s-\\v\\$ ', '--setenv=LANG=C.UTF-8', '--setenv=SOURCE_DATE_EPOCH=1789750463', '/bin/rpm', '-qa', '--root', '/var/lib/mock/xCAT-genesis-base-opensuse-leap-15.6-x86_64/root'] with env {'TERM': 'vt100', 'SHELL': '/bin/bash', 'HOME': '/builddir', 'HOSTNAME': 'mock', 'PATH': '/usr/bin:/bin:/usr/sbin:/sbin', 'PROMPT_COMMAND': 'printf "\\033]0;<mock-chroot>\\007"', 'PS1': '<mock-chroot> \\s-\\v\\$ ', 'LANG': 'C.UTF-8', 'SOURCE_DATE_EPOCH': '1789750463', 'SYSTEMD_NSPAWN_TMPFS_TMP': '0', 'SYSTEMD_SECCOMP': '0'} and shell False
DEBUG util.py:537:  gpg-pubkey-25db7ae0-645bae34
DEBUG util.py:537:  gpg-pubkey-3fa1d6ce-63c9481c
DEBUG util.py:537:  filesystem-15.0-11.8.1.x86_64
DEBUG util.py:537:  boost-license1_66_0-1.66.0-150200.12.7.1.noarch
DEBUG util.py:537:  libssh-config-0.9.8-150600.11.12.1.x86_64
DEBUG util.py:537:  libldap-data-2.4.46-150600.25.3.1.noarch
DEBUG util.py:537:  openSUSE-release-appliance-custom-15.6-lp156.417.4.1.x86_64
DEBUG util.py:537:  libsemanage-conf-3.5-150600.1.48.x86_64
DEBUG util.py:537:  fillup-1.42-2.18.x86_64
DEBUG util.py:537:  bash-4.4-150400.27.6.1.x86_64
DEBUG util.py:537:  terminfo-base-6.1-150000.5.30.1.x86_64
DEBUG util.py:537:  perl-base-5.26.1-150300.17.20.1.x86_64
DEBUG util.py:537:  libz1-1.2.13-150500.4.6.1.x86_64
DEBUG util.py:537:  libstdc++6-15.2.0+git10201-150000.1.9.1.x86_64
DEBUG util.py:537:  libbz2-1-1.0.8-150400.1.122.x86_64
DEBUG util.py:537:  libncurses6-6.1-150000.5.30.1.x86_64
DEBUG util.py:537:  libcap2-2.63-150400.3.3.1.x86_64
DEBUG util.py:537:  libgpg-error0-1.47-150600.1.3.x86_64
DEBUG util.py:537:  libattr1-2.4.47-2.19.x86_64
DEBUG util.py:537:  libmagic1-5.32-7.14.1.x86_64
DEBUG util.py:537:  libpcre2-8-0-10.42-150600.1.26.x86_64
DEBUG util.py:537:  coreutils-8.32-150400.9.9.1.x86_64
DEBUG util.py:537:  info-6.5-4.17.x86_64
DEBUG util.py:537:  libpopt0-1.16-3.22.x86_64
DEBUG util.py:537:  libgcrypt20-1.10.3-150600.3.9.1.x86_64
DEBUG util.py:537:  liblua5_3-5-5.3.6-3.6.1.x86_64
DEBUG util.py:537:  grep-3.1-150000.4.6.1.x86_64
DEBUG util.py:537:  libaudit1-3.0.6-150400.4.16.1.x86_64
DEBUG util.py:537:  libxml2-2-2.10.3-150500.5.38.1.x86_64
DEBUG util.py:537:  findutils-4.8.0-150300.3.3.2.x86_64
DEBUG util.py:537:  libeconf0-0.5.2-150400.3.6.1.x86_64
DEBUG util.py:537:  netcfg-11.6-150000.3.6.1.noarch
DEBUG util.py:537:  libassuan0-2.5.5-150000.4.7.1.x86_64
DEBUG util.py:537:  libudev1-254.27-150600.4.62.1.x86_64
DEBUG util.py:537:  gawk-4.2.1-150000.3.3.1.x86_64
DEBUG util.py:537:  libmpc3-1.1.0-1.47.x86_64
DEBUG util.py:537:  systemd-presets-common-SUSE-15-150600.25.2.noarch
DEBUG util.py:537:  glibc-locale-2.38-150600.14.46.1.x86_64
DEBUG util.py:537:  pkg-config-0.29.2-150600.15.6.3.x86_64
DEBUG util.py:537:  libisl15-0.18-1.443.x86_64
DEBUG util.py:537:  cpio-2.13-150400.3.6.1.x86_64
DEBUG util.py:537:  liblz4-1-1.9.4-150600.1.4.x86_64
DEBUG util.py:537:  libdbus-1-3-1.12.2-150400.18.8.1.x86_64
DEBUG util.py:537:  libidn2-0-2.2.0-3.6.1.x86_64
DEBUG util.py:537:  libsmartcols1-2.39.3-150600.4.21.1.x86_64
DEBUG util.py:537:  libuuid1-2.39.3-150600.4.21.1.x86_64
DEBUG util.py:537:  libfdisk1-2.39.3-150600.4.21.1.x86_64
DEBUG util.py:537:  gettext-tools-0.21.1-150600.3.3.2.x86_64
DEBUG util.py:537:  libprocps8-3.3.17-150000.7.42.1.x86_64
DEBUG util.py:537:  cpp-7-3.9.1.x86_64
DEBUG util.py:537:  libxcrypt-devel-4.4.15-150300.4.7.1.x86_64
DEBUG util.py:537:  libusb-1_0-0-1.0.24-150400.3.3.1.x86_64
DEBUG util.py:537:  libnss_usrfiles2-2.25-2.12.x86_64
DEBUG util.py:537:  libsolv-tools-base-0.7.34-150600.8.19.2.x86_64
DEBUG util.py:537:  make-4.2.1-7.3.2.x86_64
DEBUG util.py:537:  libtasn1-4.13-150000.4.14.1.x86_64
DEBUG util.py:537:  glibc-devel-2.38-150600.14.46.1.x86_64
DEBUG util.py:537:  dwz-0.12-150000.3.8.1.x86_64
DEBUG util.py:537:  bzip2-1.0.8-150400.1.122.x86_64
DEBUG util.py:537:  libsigc-2_0-0-2.12.1-150600.1.2.x86_64
DEBUG util.py:537:  libyaml-cpp0_6-0.6.3-150400.4.3.1.x86_64
DEBUG util.py:537:  libboost_system1_66_0-1.66.0-150200.12.7.1.x86_64
DEBUG util.py:537:  libcilkrts5-7.5.0+r278197-150000.4.44.1.x86_64
DEBUG util.py:537:  libubsan0-7.5.0+r278197-150000.4.44.1.x86_64
DEBUG util.py:537:  libctf0-2.45-150100.7.57.1.x86_64
DEBUG util.py:537:  libffi7-3.2.1.git259-10.8.x86_64
DEBUG util.py:537:  p11-kit-0.23.22-150500.8.3.1.x86_64
DEBUG util.py:537:  libopenssl3-3.1.4-150600.5.45.1.x86_64
DEBUG util.py:537:  openssl-3.1.4-150600.2.1.noarch
DEBUG util.py:537:  ca-certificates-mozilla-2.84-150200.44.1.noarch
DEBUG util.py:537:  libkmod2-29-150600.13.3.1.x86_64
DEBUG util.py:537:  libip4tc2-1.8.7-1.1.x86_64
DEBUG util.py:537:  libmpx2-8.2.1+r264010-150000.1.6.4.x86_64
DEBUG util.py:537:  libnpth0-1.5-2.11.x86_64
DEBUG util.py:537:  libseccomp2-2.5.3-150400.2.4.x86_64
DEBUG util.py:537:  libsemanage2-3.5-150600.1.48.x86_64
DEBUG util.py:537:  libapparmor1-3.1.7-150600.5.12.2.x86_64
DEBUG util.py:537:  libbrotlicommon1-1.0.7-150200.3.5.1.x86_64
DEBUG util.py:537:  libcom_err2-1.47.0-150600.4.6.2.x86_64
DEBUG util.py:537:  libtirpc3-1.3.4-150300.3.23.1.x86_64
DEBUG util.py:537:  libssh4-0.9.8-150600.11.12.1.x86_64
DEBUG util.py:537:  libfa1-1.14.1-150600.3.3.1.x86_64
DEBUG util.py:537:  libitm1-15.2.0+git10201-150000.1.9.1.x86_64
DEBUG util.py:537:  gcc-7-3.9.1.x86_64
DEBUG util.py:537:  libnl3-200-3.9.0-150600.15.4.4.x86_64
DEBUG util.py:537:  libldap-2_4-2-2.4.46-150600.25.3.1.x86_64
DEBUG util.py:537:  libsqlite3-0-3.51.3-150000.3.39.1.x86_64
DEBUG util.py:537:  openSUSE-build-key-1.0-lp156.8.2.noarch
DEBUG util.py:537:  libgpgme11-1.23.0-150600.3.5.1.x86_64
DEBUG util.py:537:  zypper-1.14.94-150600.10.52.1.x86_64
DEBUG util.py:537:  patch-2.7.6-150000.5.9.1.x86_64
DEBUG util.py:537:  systemd-default-settings-0.10-150300.3.7.1.noarch
DEBUG util.py:537:  libcrack2-2.9.11-150600.1.90.x86_64
DEBUG util.py:537:  pam-1.3.0-150000.6.86.1.x86_64
DEBUG util.py:537:  kbd-2.4.0-150400.5.9.1.x86_64
DEBUG util.py:537:  shadow-4.17.2-150600.17.18.1.x86_64
DEBUG util.py:537:  system-group-hardware-20170617-150400.24.2.1.noarch
DEBUG util.py:537:  system-user-man-20170617-150400.24.2.1.noarch
DEBUG util.py:537:  system-user-nobody-20170617-150400.24.2.1.noarch
DEBUG util.py:537:  util-linux-2.39.3-150600.4.21.1.x86_64
DEBUG util.py:537:  systemd-254.27-150600.4.62.1.x86_64
DEBUG util.py:537:  sysconfig-0.85.10-150200.15.1.x86_64
DEBUG util.py:537:  wicked-0.6.77-150600.11.15.1.x86_64
DEBUG util.py:537:  patterns-base-base-20200505-lp156.17.3.1.x86_64
DEBUG util.py:537:  rpm-build-4.14.3-150400.59.16.1.x86_64
DEBUG util.py:537:  gpg-pubkey-29b700a4-6a17fa38
DEBUG util.py:537:  gpg-pubkey-39db7c82-66c5d91a
DEBUG util.py:537:  system-user-root-20190513-3.3.1.noarch
DEBUG util.py:537:  crypto-policies-20230920.570ea89-150600.3.16.1.noarch
DEBUG util.py:537:  branding-openSUSE-15.6.20240408-lp156.1.2.noarch
DEBUG util.py:537:  libnl-config-3.9.0-150600.15.4.4.noarch
DEBUG util.py:537:  kbd-legacy-2.4.0-150400.5.9.1.noarch
DEBUG util.py:537:  libtirpc-netconfig-1.3.4-150300.3.23.1.x86_64
DEBUG util.py:537:  file-magic-5.32-7.14.1.noarch
DEBUG util.py:537:  rpm-config-SUSE-1-150400.14.3.1.noarch
DEBUG util.py:537:  bash-sh-4.4-150400.27.6.1.x86_64
DEBUG util.py:537:  ncurses-utils-6.1-150000.5.30.1.x86_64
DEBUG util.py:537:  glibc-2.38-150600.14.46.1.x86_64
DEBUG util.py:537:  libgcc_s1-15.2.0+git10201-150000.1.9.1.x86_64
DEBUG util.py:537:  liblzma5-5.4.1-150600.3.3.1.x86_64
DEBUG util.py:537:  libzstd1-1.5.5-150600.1.3.x86_64
DEBUG util.py:537:  libcrypt1-4.4.15-150300.4.7.1.x86_64
DEBUG util.py:537:  libgmp10-6.1.2-4.9.1.x86_64
DEBUG util.py:537:  libreadline7-7.0-150400.27.6.1.x86_64
DEBUG util.py:537:  libacl1-2.2.52-4.3.1.x86_64
DEBUG util.py:537:  libelf1-0.185-150400.5.8.3.x86_64
DEBUG util.py:537:  libselinux1-3.5-150600.3.3.1.x86_64
DEBUG util.py:537:  libzio1-1.06-2.20.x86_64
DEBUG util.py:537:  diffutils-3.6-4.3.1.x86_64
DEBUG util.py:537:  libjitterentropy3-3.4.1-150000.1.12.1.x86_64
DEBUG util.py:537:  libdw1-0.185-150400.5.8.3.x86_64
DEBUG util.py:537:  libpcre1-8.45-150000.20.13.1.x86_64
DEBUG util.py:537:  rpm-4.14.3-150400.59.16.1.x86_64
DEBUG util.py:537:  permissions-20240826-150600.10.18.2.x86_64
DEBUG util.py:537:  libblkid1-2.39.3-150600.4.21.1.x86_64
DEBUG util.py:537:  xz-5.4.1-150600.3.3.1.x86_64
DEBUG util.py:537:  libmount1-2.39.3-150600.4.21.1.x86_64
DEBUG util.py:537:  sed-4.9-150600.1.4.x86_64
DEBUG util.py:537:  libmpfr6-4.0.2-3.3.1.x86_64
DEBUG util.py:537:  update-alternatives-1.19.0.4-150000.4.7.1.x86_64
DEBUG util.py:537:  openSUSE-release-15.6-lp156.417.4.1.x86_64
DEBUG util.py:537:  which-2.21-2.20.x86_64
DEBUG util.py:537:  glibc-locale-base-2.38-150600.14.46.1.x86_64
DEBUG util.py:537:  libglib-2_0-0-2.78.6-150600.4.35.1.x86_64
DEBUG util.py:537:  file-5.32-7.14.1.x86_64
DEBUG util.py:537:  cpp7-7.5.0+r278197-150000.4.44.1.x86_64
DEBUG util.py:537:  libcap-ng0-0.7.9-4.37.x86_64
DEBUG util.py:537:  libsystemd0-254.27-150600.4.62.1.x86_64
DEBUG util.py:537:  libunistring2-0.9.10-1.1.x86_64
DEBUG util.py:537:  libgomp1-15.2.0+git10201-150000.1.9.1.x86_64
DEBUG util.py:537:  libtextstyle0-0.21.1-150600.3.3.2.x86_64
DEBUG util.py:537:  login_defs-4.17.2-150600.17.18.1.noarch
DEBUG util.py:537:  gettext-runtime-0.21.1-150600.3.3.2.x86_64
DEBUG util.py:537:  libpsl5-0.20.1-150000.3.3.1.x86_64
DEBUG util.py:537:  procps-3.3.17-150000.7.42.1.x86_64
DEBUG util.py:537:  less-643-150600.3.3.1.x86_64
DEBUG util.py:537:  systemd-presets-branding-openSUSE-12.2-lp156.7.3.1.noarch
DEBUG util.py:537:  pinentry-1.1.0-4.3.1.x86_64
DEBUG util.py:537:  tar-1.34-150000.3.37.1.x86_64
DEBUG util.py:537:  gzip-1.10-150200.10.1.x86_64
DEBUG util.py:537:  libtasn1-6-4.13-150000.4.14.1.x86_64
DEBUG util.py:537:  linux-glibc-devel-6.4-150600.2.17.x86_64
DEBUG util.py:537:  systemd-rpm-macros-16-150000.7.42.1.noarch
DEBUG util.py:537:  libksba8-1.6.4-150600.1.2.x86_64
DEBUG util.py:537:  groff-1.22.4-150400.5.2.1.x86_64
DEBUG util.py:537:  libtsan0-11.3.0+git1637-150000.1.11.2.x86_64
DEBUG util.py:537:  libasan4-7.5.0+r278197-150000.4.44.1.x86_64
DEBUG util.py:537:  libboost_thread1_66_0-1.66.0-150200.12.7.1.x86_64
DEBUG util.py:537:  liblsan0-15.2.0+git10201-150000.1.9.1.x86_64
DEBUG util.py:537:  libctf-nobfd0-2.45-150100.7.57.1.x86_64
DEBUG util.py:537:  binutils-2.45-150100.7.57.1.x86_64
DEBUG util.py:537:  libp11-kit0-0.23.22-150500.8.3.1.x86_64
DEBUG util.py:537:  p11-kit-tools-0.23.22-150500.8.3.1.x86_64
DEBUG util.py:537:  openssl-3-3.1.4-150600.5.45.1.x86_64
DEBUG util.py:537:  ca-certificates-2+git20240416.98ae794-150300.4.3.3.noarch
DEBUG util.py:537:  libzck1-1.1.16-150600.9.3.x86_64
DEBUG util.py:537:  libgdbm4-1.12-1.418.x86_64
DEBUG util.py:537:  libkeyutils1-1.6.3-5.6.1.x86_64
DEBUG util.py:537:  libmpxwrappers2-8.2.1+r264010-150000.1.6.4.x86_64
DEBUG util.py:537:  libpipeline1-1.4.1-150000.3.2.1.x86_64
DEBUG util.py:537:  libsepol2-3.5-150600.1.49.x86_64
DEBUG util.py:537:  libverto1-0.2.6-3.20.x86_64
DEBUG util.py:537:  libatomic1-15.2.0+git10201-150000.1.9.1.x86_64
DEBUG util.py:537:  libbrotlidec1-1.0.7-150200.3.5.1.x86_64
DEBUG util.py:537:  krb5-1.20.1-150600.11.14.1.x86_64
DEBUG util.py:537:  libnsl2-1.2.0-2.44.x86_64
DEBUG util.py:537:  libexpat1-2.7.1-150400.3.37.1.x86_64
DEBUG util.py:537:  libaugeas0-1.14.1-150600.3.3.1.x86_64
DEBUG util.py:537:  gcc7-7.5.0+r278197-150000.4.44.1.x86_64
DEBUG util.py:537:  libnghttp2-14-1.40.0-150600.25.5.1.x86_64
DEBUG util.py:537:  libsasl2-3-2.1.28-150600.7.14.1.x86_64
DEBUG util.py:537:  libcurl4-8.14.1-150600.4.40.1.x86_64
DEBUG util.py:537:  gpg2-2.4.4-150600.3.15.1.x86_64
DEBUG util.py:537:  patterns-base-minimal_base-20200505-lp156.17.3.1.x86_64
DEBUG util.py:537:  libzypp-17.37.18-150600.3.82.1.x86_64
DEBUG util.py:537:  purge-kernels-service-0-150200.8.6.1.noarch
DEBUG util.py:537:  systemd-default-settings-branding-openSUSE-0.10-150300.3.7.1.noarch
DEBUG util.py:537:  cracklib-dict-full-2.8.12-1.22.x86_64
DEBUG util.py:537:  cracklib-2.9.11-150600.1.90.x86_64
DEBUG util.py:537:  pam-config-1.1-150600.16.8.1.x86_64
DEBUG util.py:537:  libsubid5-4.17.2-150600.17.18.1.x86_64
DEBUG util.py:537:  sysuser-shadow-3.2-150400.3.5.3.noarch
DEBUG util.py:537:  libutempter0-1.1.6-3.42.x86_64
DEBUG util.py:537:  man-2.7.6-150100.8.5.1.x86_64
DEBUG util.py:537:  dbus-1-1.12.2-150400.18.8.1.x86_64
DEBUG util.py:537:  aaa_base-84.87+git20180409.04c9dae-150300.10.28.2.x86_64
DEBUG util.py:537:  util-linux-systemd-2.39.3-150600.4.21.1.x86_64
DEBUG util.py:537:  sysconfig-netconfig-0.85.10-150200.15.1.x86_64
DEBUG util.py:537:  wicked-service-0.6.77-150600.11.15.1.x86_64
DEBUG util.py:537:  patterns-base-basesystem-20200505-lp156.17.3.1.x86_64
DEBUG util.py:537:  patterns-devel-base-devel_rpm_build-20170319-lp156.3.2.x86_64
DEBUG util.py:688:  Child return code was: 0
DEBUG util.py:200:  kill orphans in chroot /var/lib/mock/xCAT-genesis-base-opensuse-leap-15.6-x86_64/root
DEBUG util.py:200:  kill orphans in chroot /var/lib/mock/xCAT-genesis-base-opensuse-leap-15.6-x86_64-bootstrap/root/var/lib/mock/xCAT-genesis-base-opensuse-leap-15.6-x86_64/root
DEBUG util.py:717:  child environment: None
DEBUG util.py:636:  Executing command: ['/bin/umount', '-n', '-l', '/var/lib/mock/xCAT-genesis-base-opensuse-leap-15.6-x86_64-bootstrap/root/var/lib/mock/xCAT-genesis-base-opensuse-leap-15.6-x86_64/root'] with env {'TERM': 'vt100', 'SHELL': '/bin/sh', 'HOME': '/builddir', 'HOSTNAME': 'mock', 'PATH': '/usr/bin:/bin:/usr/sbin:/sbin', 'LANG': 'C.UTF-8'} and shell False
DEBUG util.py:688:  Child return code was: 0
DEBUG util.py:717:  child environment: None
DEBUG util.py:636:  Executing command: ['/bin/umount', '-n', '-l', '/var/lib/mock/xCAT-genesis-base-opensuse-leap-15.6-x86_64-bootstrap/root/var/lib/mock/xCAT-genesis-base-opensuse-leap-15.6-x86_64/root'] with env {'TERM': 'vt100', 'SHELL': '/bin/sh', 'HOME': '/builddir', 'HOSTNAME': 'mock', 'PATH': '/usr/bin:/bin:/usr/sbin:/sbin', 'LANG': 'C.UTF-8'} and shell False
DEBUG util.py:688:  Child return code was: 0
DEBUG file_util.py:17:  ensuring that dir exists: /var/lib/mock/xCAT-genesis-base-opensuse-leap-15.6-x86_64/root/builddir/build
DEBUG file_util.py:17:  ensuring that dir exists: /var/lib/mock/xCAT-genesis-base-opensuse-leap-15.6-x86_64/root/builddir/build/RPMS
DEBUG file_util.py:20:  created dir: /var/lib/mock/xCAT-genesis-base-opensuse-leap-15.6-x86_64/root/builddir/build/RPMS
DEBUG file_util.py:17:  ensuring that dir exists: /var/lib/mock/xCAT-genesis-base-opensuse-leap-15.6-x86_64/root/builddir/build/SPECS
DEBUG file_util.py:20:  created dir: /var/lib/mock/xCAT-genesis-base-opensuse-leap-15.6-x86_64/root/builddir/build/SPECS
DEBUG file_util.py:17:  ensuring that dir exists: /var/lib/mock/xCAT-genesis-base-opensuse-leap-15.6-x86_64/root/builddir/build/SRPMS
DEBUG file_util.py:20:  created dir: /var/lib/mock/xCAT-genesis-base-opensuse-leap-15.6-x86_64/root/builddir/build/SRPMS
DEBUG file_util.py:17:  ensuring that dir exists: /var/lib/mock/xCAT-genesis-base-opensuse-leap-15.6-x86_64/root/builddir/build/SOURCES
DEBUG file_util.py:17:  ensuring that dir exists: /var/lib/mock/xCAT-genesis-base-opensuse-leap-15.6-x86_64/root/builddir/build/BUILD
DEBUG file_util.py:20:  created dir: /var/lib/mock/xCAT-genesis-base-opensuse-leap-15.6-x86_64/root/builddir/build/BUILD
DEBUG file_util.py:17:  ensuring that dir exists: /var/lib/mock/xCAT-genesis-base-opensuse-leap-15.6-x86_64/root/builddir/build/BUILDROOT
DEBUG file_util.py:20:  created dir: /var/lib/mock/xCAT-genesis-base-opensuse-leap-15.6-x86_64/root/builddir/build/BUILDROOT
DEBUG file_util.py:17:  ensuring that dir exists: /var/lib/mock/xCAT-genesis-base-opensuse-leap-15.6-x86_64/root/builddir/build/originals
DEBUG file_util.py:20:  created dir: /var/lib/mock/xCAT-genesis-base-opensuse-leap-15.6-x86_64/root/builddir/build/originals
DEBUG file_util.py:17:  ensuring that dir exists: /var/lib/mock/xCAT-genesis-base-opensuse-leap-15.6-x86_64/root/builddir
DEBUG util.py:717:  child environment: None
DEBUG util.py:636:  Executing command: ['userdel', '-f', 'mockbuild', '--prefix', '/var/lib/mock/xCAT-genesis-base-opensuse-leap-15.6-x86_64/root'] with env {'TERM': 'vt100', 'SHELL': '/bin/sh', 'HOME': '/builddir', 'HOSTNAME': 'mock', 'PATH': '/usr/bin:/bin:/usr/sbin:/sbin', 'LANG': 'C.UTF-8'} and shell False
DEBUG util.py:688:  Child return code was: 0
DEBUG util.py:717:  child environment: None
DEBUG util.py:636:  Executing command: ['groupdel', 'mock', '--prefix', '/var/lib/mock/xCAT-genesis-base-opensuse-leap-15.6-x86_64/root'] with env {'TERM': 'vt100', 'SHELL': '/bin/sh', 'HOME': '/builddir', 'HOSTNAME': 'mock', 'PATH': '/usr/bin:/bin:/usr/sbin:/sbin', 'LANG': 'C.UTF-8'} and shell False
DEBUG util.py:688:  Child return code was: 0
DEBUG util.py:717:  child environment: None
DEBUG util.py:636:  Executing command: ['groupadd', 'mock', '-g', '135', '--prefix', '/var/lib/mock/xCAT-genesis-base-opensuse-leap-15.6-x86_64/root'] with env {'TERM': 'vt100', 'SHELL': '/bin/sh', 'HOME': '/builddir', 'HOSTNAME': 'mock', 'PATH': '/usr/bin:/bin:/usr/sbin:/sbin', 'LANG': 'C.UTF-8'} and shell False
DEBUG util.py:688:  Child return code was: 0
DEBUG util.py:717:  child environment: None
DEBUG util.py:636:  Executing command: ['useradd', 'mockbuild', '-o', '-u', '0', '-g', '135', '-N', '-d', '/builddir', '--prefix', '/var/lib/mock/xCAT-genesis-base-opensuse-leap-15.6-x86_64/root'] with env {'TERM': 'vt100', 'SHELL': '/bin/sh', 'HOME': '/builddir', 'HOSTNAME': 'mock', 'PATH': '/usr/bin:/bin:/usr/sbin:/sbin', 'LANG': 'C.UTF-8'} and shell False
DEBUG util.py:535:  useradd warning: mockbuild's uid 0 outside of the UID_MIN 1000 and UID_MAX 60000 range.
DEBUG util.py:535:  useradd: warning: the home directory /builddir already exists.
DEBUG util.py:535:  useradd: Not copying any file from skel directory into it.
DEBUG util.py:535:  Creating mailbox file: File exists
DEBUG util.py:688:  Child return code was: 0
DEBUG file_util.py:29:  touching file: /var/lib/mock/xCAT-genesis-base-opensuse-leap-15.6-x86_64/root/.initialized
DEBUG util.py:717:  child environment: None
DEBUG util.py:631:  Using nspawn with args ['--capability=cap_ipc_lock', '--bind=/dev/btrfs-control', '--bind=/dev/mapper/control', '--bind=/dev/fuse', '--bind=/dev/loop-control', '--bind=/dev/loop0', '--bind=/dev/loop1', '--bind=/dev/loop2', '--bind=/dev/loop3', '--bind=/dev/loop4', '--bind=/dev/loop5', '--bind=/dev/loop6', '--bind=/dev/loop7', '--bind=/dev/loop8', '--bind=/dev/loop9', '--bind=/dev/loop10', '--bind=/dev/loop11', '--resolv-conf=off']
DEBUG util.py:636:  Executing command: ['/usr/bin/systemd-nspawn', '-q', '-M', '07eef0530f1442aea6954a1fd936038b', '-D', '/var/lib/mock/xCAT-genesis-base-opensuse-leap-15.6-x86_64/root', '-a', '--capability=cap_ipc_lock', '--bind=/dev/btrfs-control', '--bind=/dev/mapper/control', '--bind=/dev/fuse', '--bind=/dev/loop-control', '--bind=/dev/loop0', '--bind=/dev/loop1', '--bind=/dev/loop2', '--bind=/dev/loop3', '--bind=/dev/loop4', '--bind=/dev/loop5', '--bind=/dev/loop6', '--bind=/dev/loop7', '--bind=/dev/loop8', '--bind=/dev/loop9', '--bind=/dev/loop10', '--bind=/dev/loop11', '--resolv-conf=off', '--console=pipe', '--setenv=TERM=vt100', '--setenv=SHELL=/bin/bash', '--setenv=HOME=/builddir', '--setenv=HOSTNAME=mock', '--setenv=PATH=/usr/bin:/bin:/usr/sbin:/sbin', '--setenv=PROMPT_COMMAND=printf "\\033]0;<mock-chroot>\\007"', '--setenv=PS1=<mock-chroot> \\s-\\v\\$ ', '--setenv=LANG=C.UTF-8', '--setenv=SOURCE_DATE_EPOCH=1789750463', '/bin/sh', '-c', 'rpmbuild --help'] with env {'TERM': 'vt100', 'SHELL': '/bin/bash', 'HOME': '/builddir', 'HOSTNAME': 'mock', 'PATH': '/usr/bin:/bin:/usr/sbin:/sbin', 'PROMPT_COMMAND': 'printf "\\033]0;<mock-chroot>\\007"', 'PS1': '<mock-chroot> \\s-\\v\\$ ', 'LANG': 'C.UTF-8', 'SOURCE_DATE_EPOCH': '1789750463', 'SYSTEMD_NSPAWN_TMPFS_TMP': '0', 'SYSTEMD_SECCOMP': '0'} and shell False
DEBUG util.py:537:  Usage: rpmbuild [OPTION...]
DEBUG util.py:537:  Build options with [ <specfile> | <tarball> | <source package> ]:
DEBUG util.py:537:        -bp                        build through %prep (unpack sources and apply
DEBUG util.py:537:                                   patches) from <specfile>
DEBUG util.py:537:        -bc                        build through %build (%prep, then compile)
DEBUG util.py:537:                                   from <specfile>
DEBUG util.py:537:        -bi                        build through %install (%prep, %build, then
DEBUG util.py:537:                                   install) from <specfile>
DEBUG util.py:537:        -bl                        verify %files section from <specfile>
DEBUG util.py:537:        -ba                        build source and binary packages from
DEBUG util.py:537:                                   <specfile>
DEBUG util.py:537:        -bb                        build binary package only from <specfile>
DEBUG util.py:537:        -bs                        build source package only from <specfile>
DEBUG util.py:537:        -rp                        build through %prep (unpack sources and apply
DEBUG util.py:537:                                   patches) from <source package>
DEBUG util.py:537:        -rc                        build through %build (%prep, then compile)
DEBUG util.py:537:                                   from <source package>
DEBUG util.py:537:        -ri                        build through %install (%prep, %build, then
DEBUG util.py:537:                                   install) from <source package>
DEBUG util.py:537:        -rl                        verify %files section from <source package>
DEBUG util.py:537:        -ra                        build source and binary packages from <source
DEBUG util.py:537:                                   package>
DEBUG util.py:537:        -rb                        build binary package only from <source
DEBUG util.py:537:                                   package>
DEBUG util.py:537:        -rs                        build source package only from <source
DEBUG util.py:537:                                   package>
DEBUG util.py:537:        -tp                        build through %prep (unpack sources and apply
DEBUG util.py:537:                                   patches) from <tarball>
DEBUG util.py:537:        -tc                        build through %build (%prep, then compile)
DEBUG util.py:537:                                   from <tarball>
DEBUG util.py:537:        -ti                        build through %install (%prep, %build, then
DEBUG util.py:537:                                   install) from <tarball>
DEBUG util.py:537:        -ta                        build source and binary packages from
DEBUG util.py:537:                                   <tarball>
DEBUG util.py:537:        -tb                        build binary package only from <tarball>
DEBUG util.py:537:        -ts                        build source package only from <tarball>
DEBUG util.py:537:        --rebuild                  build binary package from <source package>
DEBUG util.py:537:        --recompile                build through %install (%prep, %build, then
DEBUG util.py:537:                                   install) from <source package>
DEBUG util.py:537:        --buildroot=DIRECTORY      override build root
DEBUG util.py:537:        --build-in-place           run build in current directory
DEBUG util.py:537:        --clean                    remove build tree when done
DEBUG util.py:537:        --nobuild                  do not execute any stages of the build
DEBUG util.py:537:        --nodeps                   do not verify build dependencies
DEBUG util.py:537:        --nodirtokens              generate package header(s) compatible with
DEBUG util.py:537:                                   (legacy) rpm v3 packaging
DEBUG util.py:537:        --noclean                  do not execute %clean stage of the build
DEBUG util.py:537:        --noprep                   do not execute %prep stage of the build
DEBUG util.py:537:        --nocheck                  do not execute %check stage of the build
DEBUG util.py:537:        --rmsource                 remove sources when done
DEBUG util.py:537:        --rmspec                   remove specfile when done
DEBUG util.py:537:        --short-circuit            skip straight to specified stage (only for
DEBUG util.py:537:                                   c,i)
DEBUG util.py:537:        --target=CPU-VENDOR-OS     override target platform
DEBUG util.py:537:  Common options for all rpm modes and executables:
DEBUG util.py:537:    -D, --define='MACRO EXPR'      define MACRO with value EXPR
DEBUG util.py:537:        --undefine=MACRO           undefine MACRO
DEBUG util.py:537:    -E, --eval='EXPR'              print macro expansion of EXPR
DEBUG util.py:537:        --target=CPU-VENDOR-OS     Specify target platform
DEBUG util.py:537:        --macros=<FILE:...>        read <FILE:...> instead of default file(s)
DEBUG util.py:537:        --noplugins                don't enable any plugins
DEBUG util.py:537:        --nodigest                 don't verify package digest(s)
DEBUG util.py:537:        --nosignature              don't verify package signature(s)
DEBUG util.py:537:        --rcfile=<FILE:...>        read <FILE:...> instead of default file(s)
DEBUG util.py:537:    -r, --root=ROOT                use ROOT as top level directory (default: "/")
DEBUG util.py:537:        --dbpath=DIRECTORY         use database in DIRECTORY
DEBUG util.py:537:        --querytags                display known query tags
DEBUG util.py:537:        --showrc                   display final rpmrc and macro configuration
DEBUG util.py:537:        --quiet                    provide less detailed output
DEBUG util.py:537:    -v, --verbose                  provide more detailed output
DEBUG util.py:537:        --version                  print the version of rpm being used
DEBUG util.py:537:  Options implemented via popt alias/exec:
DEBUG util.py:537:        --with=<option>            enable configure <option> for build
DEBUG util.py:537:        --without=<option>         disable configure <option> for build
DEBUG util.py:537:        --buildpolicy=<policy>     set buildroot <policy> (e.g. compress man
DEBUG util.py:537:                                   pages)
DEBUG util.py:537:        --sign                     generate GPG signature (deprecated, use
DEBUG util.py:537:                                   command rpmsign instead)
DEBUG util.py:537:        --nodebuginfo              do not generate debuginfo for this package
DEBUG util.py:537:  Help options:
DEBUG util.py:537:    -?, --help                     Show this help message
DEBUG util.py:537:        --usage                    Display brief usage message
DEBUG util.py:688:  Child return code was: 0
DEBUG util.py:717:  child environment: None
DEBUG backend.py:610:  Copying package to result dir
DEBUG util.py:200:  kill orphans in chroot /var/lib/mock/xCAT-genesis-base-opensuse-leap-15.6-x86_64/root
DEBUG util.py:717:  child environment: None
DEBUG util.py:636:  Executing command: ['/bin/umount', '-n', '/var/lib/mock/xCAT-genesis-base-opensuse-leap-15.6-x86_64/root/var/cache/dnf'] with env {'TERM': 'vt100', 'SHELL': '/bin/sh', 'HOME': '/builddir', 'HOSTNAME': 'mock', 'PATH': '/usr/bin:/bin:/usr/sbin:/sbin', 'LANG': 'C.UTF-8'} and shell False
DEBUG util.py:688:  Child return code was: 0
DEBUG util.py:717:  child environment: None
DEBUG util.py:636:  Executing command: ['/bin/umount', '-n', '/var/lib/mock/xCAT-genesis-base-opensuse-leap-15.6-x86_64/root/var/cache/yum'] with env {'TERM': 'vt100', 'SHELL': '/bin/sh', 'HOME': '/builddir', 'HOSTNAME': 'mock', 'PATH': '/usr/bin:/bin:/usr/sbin:/sbin', 'LANG': 'C.UTF-8'} and shell False
DEBUG util.py:688:  Child return code was: 0
DEBUG util.py:200:  kill orphans in chroot /var/lib/mock/xCAT-genesis-base-opensuse-leap-15.6-x86_64-bootstrap/root
DEBUG util.py:717:  child environment: None
DEBUG util.py:636:  Executing command: ['/bin/umount', '-n', '/var/lib/mock/xCAT-genesis-base-opensuse-leap-15.6-x86_64-bootstrap/root/var/cache/dnf'] with env {'TERM': 'vt100', 'SHELL': '/bin/sh', 'HOME': '/builddir', 'HOSTNAME': 'mock', 'PATH': '/usr/bin:/bin:/usr/sbin:/sbin', 'LANG': 'C.UTF-8'} and shell False
DEBUG util.py:688:  Child return code was: 0
DEBUG util.py:717:  child environment: None
DEBUG util.py:636:  Executing command: ['/bin/umount', '-n', '/var/lib/mock/xCAT-genesis-base-opensuse-leap-15.6-x86_64-bootstrap/root/var/cache/yum'] with env {'TERM': 'vt100', 'SHELL': '/bin/sh', 'HOME': '/builddir', 'HOSTNAME': 'mock', 'PATH': '/usr/bin:/bin:/usr/sbin:/sbin', 'LANG': 'C.UTF-8'} and shell False
DEBUG util.py:688:  Child return code was: 0
